CustomerID,CohortMonth,MonthAge,CalendarMonth,Retained
C1001,2023-07-01,0,2023-07-01,1
C1001,2023-07-01,1,2023-08-01,1
C1001,2023-07-01,2,2023-09-01,1
C1001,2023-07-01,3,2023-10-01,1
C1001,2023-07-01,4,2023-11-01,1
C1001,2023-07-01,5,2023-12-01,1
C1001,2023-07-01,6,2024-01-01,1
C1001,2023-07-01,7,2024-02-01,1
C1001,2023-07-01,8,2024-03-01,1
C1001,2023-07-01,9,2024-04-01,1
C1001,2023-07-01,10,2024-05-01,1
C1001,2023-07-01,11,2024-06-01,1
C1001,2023-07-01,12,2024-07-01,1
C1001,2023-07-01,13,2024-08-01,1
C1001,2023-07-01,14,2024-09-01,1
C1001,2023-07-01,15,2024-10-01,1
C1001,2023-07-01,16,2024-11-01,0
C1001,2023-07-01,17,2024-12-01,0
C1002,2024-02-01,0,2024-02-01,1
C1002,2024-02-01,1,2024-03-01,1
C1002,2024-02-01,2,2024-04-01,1
C1002,2024-02-01,3,2024-05-01,1
C1002,2024-02-01,4,2024-06-01,1
C1002,2024-02-01,5,2024-07-01,1
C1002,2024-02-01,6,2024-08-01,1
C1002,2024-02-01,7,2024-09-01,1
C1002,2024-02-01,8,2024-10-01,1
C1002,2024-02-01,9,2024-11-01,1
C1002,2024-02-01,10,2024-12-01,1
C1003,2023-09-01,0,2023-09-01,1
C1003,2023-09-01,1,2023-10-01,1
C1003,2023-09-01,2,2023-11-01,1
C1003,2023-09-01,3,2023-12-01,1
C1003,2023-09-01,4,2024-01-01,1
C1003,2023-09-01,5,2024-02-01,1
C1003,2023-09-01,6,2024-03-01,1
C1003,2023-09-01,7,2024-04-01,1
C1003,2023-09-01,8,2024-05-01,1
C1003,2023-09-01,9,2024-06-01,1
C1003,2023-09-01,10,2024-07-01,1
C1003,2023-09-01,11,2024-08-01,1
C1003,2023-09-01,12,2024-09-01,1
C1003,2023-09-01,13,2024-10-01,1
C1003,2023-09-01,14,2024-11-01,1
C1003,2023-09-01,15,2024-12-01,1
C1004,2024-03-01,0,2024-03-01,1
C1004,2024-03-01,1,2024-04-01,1
C1004,2024-03-01,2,2024-05-01,1
C1004,2024-03-01,3,2024-06-01,1
C1004,2024-03-01,4,2024-07-01,1
C1004,2024-03-01,5,2024-08-01,1
C1004,2024-03-01,6,2024-09-01,1
C1004,2024-03-01,7,2024-10-01,1
C1004,2024-03-01,8,2024-11-01,1
C1004,2024-03-01,9,2024-12-01,1
C1005,2023-12-01,0,2023-12-01,1
C1005,2023-12-01,1,2024-01-01,1
C1005,2023-12-01,2,2024-02-01,1
C1005,2023-12-01,3,2024-03-01,1
C1005,2023-12-01,4,2024-04-01,1
C1005,2023-12-01,5,2024-05-01,1
C1005,2023-12-01,6,2024-06-01,1
C1005,2023-12-01,7,2024-07-01,1
C1005,2023-12-01,8,2024-08-01,1
C1005,2023-12-01,9,2024-09-01,1
C1005,2023-12-01,10,2024-10-01,1
C1005,2023-12-01,11,2024-11-01,1
C1005,2023-12-01,12,2024-12-01,1
C1006,2024-09-01,0,2024-09-01,1
C1006,2024-09-01,1,2024-10-01,1
C1006,2024-09-01,2,2024-11-01,1
C1006,2024-09-01,3,2024-12-01,1
C1007,2023-03-01,0,2023-03-01,1
C1007,2023-03-01,1,2023-04-01,1
C1007,2023-03-01,2,2023-05-01,1
C1007,2023-03-01,3,2023-06-01,1
C1007,2023-03-01,4,2023-07-01,1
C1007,2023-03-01,5,2023-08-01,1
C1007,2023-03-01,6,2023-09-01,1
C1007,2023-03-01,7,2023-10-01,1
C1007,2023-03-01,8,2023-11-01,1
C1007,2023-03-01,9,2023-12-01,1
C1007,2023-03-01,10,2024-01-01,1
C1007,2023-03-01,11,2024-02-01,1
C1007,2023-03-01,12,2024-03-01,1
C1007,2023-03-01,13,2024-04-01,1
C1007,2023-03-01,14,2024-05-01,1
C1007,2023-03-01,15,2024-06-01,1
C1007,2023-03-01,16,2024-07-01,1
C1007,2023-03-01,17,2024-08-01,1
C1007,2023-03-01,18,2024-09-01,1
C1007,2023-03-01,19,2024-10-01,1
C1007,2023-03-01,20,2024-11-01,1
C1007,2023-03-01,21,2024-12-01,1
C1008,2024-02-01,0,2024-02-01,1
C1008,2024-02-01,1,2024-03-01,1
C1008,2024-02-01,2,2024-04-01,1
C1008,2024-02-01,3,2024-05-01,1
C1008,2024-02-01,4,2024-06-01,1
C1008,2024-02-01,5,2024-07-01,1
C1008,2024-02-01,6,2024-08-01,1
C1008,2024-02-01,7,2024-09-01,1
C1008,2024-02-01,8,2024-10-01,1
C1008,2024-02-01,9,2024-11-01,1
C1008,2024-02-01,10,2024-12-01,1
C1009,2023-07-01,0,2023-07-01,1
C1009,2023-07-01,1,2023-08-01,1
C1009,2023-07-01,2,2023-09-01,1
C1009,2023-07-01,3,2023-10-01,1
C1009,2023-07-01,4,2023-11-01,1
C1009,2023-07-01,5,2023-12-01,1
C1009,2023-07-01,6,2024-01-01,1
C1009,2023-07-01,7,2024-02-01,1
C1009,2023-07-01,8,2024-03-01,1
C1009,2023-07-01,9,2024-04-01,1
C1009,2023-07-01,10,2024-05-01,1
C1009,2023-07-01,11,2024-06-01,1
C1009,2023-07-01,12,2024-07-01,1
C1009,2023-07-01,13,2024-08-01,1
C1009,2023-07-01,14,2024-09-01,1
C1009,2023-07-01,15,2024-10-01,1
C1009,2023-07-01,16,2024-11-01,1
C1009,2023-07-01,17,2024-12-01,1
C1010,2023-11-01,0,2023-11-01,1
C1010,2023-11-01,1,2023-12-01,1
C1010,2023-11-01,2,2024-01-01,1
C1010,2023-11-01,3,2024-02-01,1
C1010,2023-11-01,4,2024-03-01,1
C1010,2023-11-01,5,2024-04-01,1
C1010,2023-11-01,6,2024-05-01,0
C1010,2023-11-01,7,2024-06-01,0
C1010,2023-11-01,8,2024-07-01,0
C1010,2023-11-01,9,2024-08-01,0
C1010,2023-11-01,10,2024-09-01,0
C1010,2023-11-01,11,2024-10-01,0
C1010,2023-11-01,12,2024-11-01,0
C1010,2023-11-01,13,2024-12-01,0
C1011,2023-05-01,0,2023-05-01,1
C1011,2023-05-01,1,2023-06-01,1
C1011,2023-05-01,2,2023-07-01,1
C1011,2023-05-01,3,2023-08-01,1
C1011,2023-05-01,4,2023-09-01,1
C1011,2023-05-01,5,2023-10-01,1
C1011,2023-05-01,6,2023-11-01,1
C1011,2023-05-01,7,2023-12-01,1
C1011,2023-05-01,8,2024-01-01,1
C1011,2023-05-01,9,2024-02-01,1
C1011,2023-05-01,10,2024-03-01,1
C1011,2023-05-01,11,2024-04-01,1
C1011,2023-05-01,12,2024-05-01,1
C1011,2023-05-01,13,2024-06-01,1
C1011,2023-05-01,14,2024-07-01,1
C1011,2023-05-01,15,2024-08-01,1
C1011,2023-05-01,16,2024-09-01,1
C1011,2023-05-01,17,2024-10-01,1
C1011,2023-05-01,18,2024-11-01,1
C1011,2023-05-01,19,2024-12-01,1
C1012,2023-02-01,0,2023-02-01,1
C1012,2023-02-01,1,2023-03-01,1
C1012,2023-02-01,2,2023-04-01,1
C1012,2023-02-01,3,2023-05-01,1
C1012,2023-02-01,4,2023-06-01,1
C1012,2023-02-01,5,2023-07-01,1
C1012,2023-02-01,6,2023-08-01,1
C1012,2023-02-01,7,2023-09-01,1
C1012,2023-02-01,8,2023-10-01,1
C1012,2023-02-01,9,2023-11-01,1
C1012,2023-02-01,10,2023-12-01,0
C1012,2023-02-01,11,2024-01-01,0
C1012,2023-02-01,12,2024-02-01,0
C1012,2023-02-01,13,2024-03-01,0
C1012,2023-02-01,14,2024-04-01,0
C1012,2023-02-01,15,2024-05-01,0
C1012,2023-02-01,16,2024-06-01,0
C1012,2023-02-01,17,2024-07-01,0
C1012,2023-02-01,18,2024-08-01,0
C1012,2023-02-01,19,2024-09-01,0
C1012,2023-02-01,20,2024-10-01,0
C1012,2023-02-01,21,2024-11-01,0
C1012,2023-02-01,22,2024-12-01,0
C1013,2024-12-01,0,2024-12-01,1
C1014,2024-07-01,0,2024-07-01,1
C1014,2024-07-01,1,2024-08-01,1
C1014,2024-07-01,2,2024-09-01,1
C1014,2024-07-01,3,2024-10-01,1
C1014,2024-07-01,4,2024-11-01,1
C1014,2024-07-01,5,2024-12-01,1
C1015,2024-01-01,0,2024-01-01,1
C1015,2024-01-01,1,2024-02-01,1
C1015,2024-01-01,2,2024-03-01,1
C1015,2024-01-01,3,2024-04-01,1
C1015,2024-01-01,4,2024-05-01,1
C1015,2024-01-01,5,2024-06-01,1
C1015,2024-01-01,6,2024-07-01,1
C1015,2024-01-01,7,2024-08-01,1
C1015,2024-01-01,8,2024-09-01,1
C1015,2024-01-01,9,2024-10-01,1
C1015,2024-01-01,10,2024-11-01,1
C1015,2024-01-01,11,2024-12-01,1
C1016,2024-01-01,0,2024-01-01,1
C1016,2024-01-01,1,2024-02-01,1
C1016,2024-01-01,2,2024-03-01,1
C1016,2024-01-01,3,2024-04-01,1
C1016,2024-01-01,4,2024-05-01,1
C1016,2024-01-01,5,2024-06-01,1
C1016,2024-01-01,6,2024-07-01,1
C1016,2024-01-01,7,2024-08-01,1
C1016,2024-01-01,8,2024-09-01,1
C1016,2024-01-01,9,2024-10-01,1
C1016,2024-01-01,10,2024-11-01,1
C1016,2024-01-01,11,2024-12-01,1
C1017,2024-06-01,0,2024-06-01,1
C1017,2024-06-01,1,2024-07-01,1
C1017,2024-06-01,2,2024-08-01,1
C1017,2024-06-01,3,2024-09-01,1
C1017,2024-06-01,4,2024-10-01,1
C1017,2024-06-01,5,2024-11-01,1
C1017,2024-06-01,6,2024-12-01,1
C1018,2024-03-01,0,2024-03-01,1
C1018,2024-03-01,1,2024-04-01,1
C1018,2024-03-01,2,2024-05-01,1
C1018,2024-03-01,3,2024-06-01,1
C1018,2024-03-01,4,2024-07-01,1
C1018,2024-03-01,5,2024-08-01,1
C1018,2024-03-01,6,2024-09-01,1
C1018,2024-03-01,7,2024-10-01,1
C1018,2024-03-01,8,2024-11-01,1
C1018,2024-03-01,9,2024-12-01,1
C1019,2024-04-01,0,2024-04-01,1
C1019,2024-04-01,1,2024-05-01,1
C1019,2024-04-01,2,2024-06-01,1
C1019,2024-04-01,3,2024-07-01,1
C1019,2024-04-01,4,2024-08-01,1
C1019,2024-04-01,5,2024-09-01,1
C1019,2024-04-01,6,2024-10-01,1
C1019,2024-04-01,7,2024-11-01,1
C1019,2024-04-01,8,2024-12-01,1
C1020,2023-12-01,0,2023-12-01,1
C1020,2023-12-01,1,2024-01-01,1
C1020,2023-12-01,2,2024-02-01,1
C1020,2023-12-01,3,2024-03-01,1
C1020,2023-12-01,4,2024-04-01,1
C1020,2023-12-01,5,2024-05-01,1
C1020,2023-12-01,6,2024-06-01,1
C1020,2023-12-01,7,2024-07-01,0
C1020,2023-12-01,8,2024-08-01,0
C1020,2023-12-01,9,2024-09-01,0
C1020,2023-12-01,10,2024-10-01,0
C1020,2023-12-01,11,2024-11-01,0
C1020,2023-12-01,12,2024-12-01,0
C1021,2023-05-01,0,2023-05-01,1
C1021,2023-05-01,1,2023-06-01,1
C1021,2023-05-01,2,2023-07-01,1
C1021,2023-05-01,3,2023-08-01,1
C1021,2023-05-01,4,2023-09-01,1
C1021,2023-05-01,5,2023-10-01,1
C1021,2023-05-01,6,2023-11-01,1
C1021,2023-05-01,7,2023-12-01,1
C1021,2023-05-01,8,2024-01-01,1
C1021,2023-05-01,9,2024-02-01,1
C1021,2023-05-01,10,2024-03-01,1
C1021,2023-05-01,11,2024-04-01,1
C1021,2023-05-01,12,2024-05-01,1
C1021,2023-05-01,13,2024-06-01,1
C1021,2023-05-01,14,2024-07-01,1
C1021,2023-05-01,15,2024-08-01,1
C1021,2023-05-01,16,2024-09-01,1
C1021,2023-05-01,17,2024-10-01,1
C1021,2023-05-01,18,2024-11-01,1
C1021,2023-05-01,19,2024-12-01,1
C1022,2023-09-01,0,2023-09-01,1
C1022,2023-09-01,1,2023-10-01,1
C1022,2023-09-01,2,2023-11-01,1
C1022,2023-09-01,3,2023-12-01,1
C1022,2023-09-01,4,2024-01-01,1
C1022,2023-09-01,5,2024-02-01,1
C1022,2023-09-01,6,2024-03-01,1
C1022,2023-09-01,7,2024-04-01,1
C1022,2023-09-01,8,2024-05-01,1
C1022,2023-09-01,9,2024-06-01,1
C1022,2023-09-01,10,2024-07-01,1
C1022,2023-09-01,11,2024-08-01,1
C1022,2023-09-01,12,2024-09-01,1
C1022,2023-09-01,13,2024-10-01,1
C1022,2023-09-01,14,2024-11-01,1
C1022,2023-09-01,15,2024-12-01,1
C1023,2024-08-01,0,2024-08-01,1
C1023,2024-08-01,1,2024-09-01,1
C1023,2024-08-01,2,2024-10-01,1
C1023,2024-08-01,3,2024-11-01,1
C1023,2024-08-01,4,2024-12-01,1
C1024,2024-10-01,0,2024-10-01,1
C1024,2024-10-01,1,2024-11-01,1
C1024,2024-10-01,2,2024-12-01,1
C1025,2023-04-01,0,2023-04-01,1
C1025,2023-04-01,1,2023-05-01,1
C1025,2023-04-01,2,2023-06-01,1
C1025,2023-04-01,3,2023-07-01,1
C1025,2023-04-01,4,2023-08-01,1
C1025,2023-04-01,5,2023-09-01,1
C1025,2023-04-01,6,2023-10-01,1
C1025,2023-04-01,7,2023-11-01,1
C1025,2023-04-01,8,2023-12-01,1
C1025,2023-04-01,9,2024-01-01,1
C1025,2023-04-01,10,2024-02-01,1
C1025,2023-04-01,11,2024-03-01,1
C1025,2023-04-01,12,2024-04-01,1
C1025,2023-04-01,13,2024-05-01,1
C1025,2023-04-01,14,2024-06-01,1
C1025,2023-04-01,15,2024-07-01,1
C1025,2023-04-01,16,2024-08-01,1
C1025,2023-04-01,17,2024-09-01,1
C1025,2023-04-01,18,2024-10-01,1
C1025,2023-04-01,19,2024-11-01,1
C1025,2023-04-01,20,2024-12-01,1
C1026,2024-05-01,0,2024-05-01,1
C1026,2024-05-01,1,2024-06-01,1
C1026,2024-05-01,2,2024-07-01,1
C1026,2024-05-01,3,2024-08-01,1
C1026,2024-05-01,4,2024-09-01,1
C1026,2024-05-01,5,2024-10-01,1
C1026,2024-05-01,6,2024-11-01,1
C1026,2024-05-01,7,2024-12-01,1
C1027,2023-05-01,0,2023-05-01,1
C1027,2023-05-01,1,2023-06-01,1
C1027,2023-05-01,2,2023-07-01,1
C1027,2023-05-01,3,2023-08-01,1
C1027,2023-05-01,4,2023-09-01,1
C1027,2023-05-01,5,2023-10-01,1
C1027,2023-05-01,6,2023-11-01,0
C1027,2023-05-01,7,2023-12-01,0
C1027,2023-05-01,8,2024-01-01,0
C1027,2023-05-01,9,2024-02-01,0
C1027,2023-05-01,10,2024-03-01,0
C1027,2023-05-01,11,2024-04-01,0
C1027,2023-05-01,12,2024-05-01,0
C1027,2023-05-01,13,2024-06-01,0
C1027,2023-05-01,14,2024-07-01,0
C1027,2023-05-01,15,2024-08-01,0
C1027,2023-05-01,16,2024-09-01,0
C1027,2023-05-01,17,2024-10-01,0
C1027,2023-05-01,18,2024-11-01,0
C1027,2023-05-01,19,2024-12-01,0
C1028,2023-06-01,0,2023-06-01,1
C1028,2023-06-01,1,2023-07-01,1
C1028,2023-06-01,2,2023-08-01,1
C1028,2023-06-01,3,2023-09-01,1
C1028,2023-06-01,4,2023-10-01,1
C1028,2023-06-01,5,2023-11-01,1
C1028,2023-06-01,6,2023-12-01,1
C1028,2023-06-01,7,2024-01-01,1
C1028,2023-06-01,8,2024-02-01,1
C1028,2023-06-01,9,2024-03-01,1
C1028,2023-06-01,10,2024-04-01,1
C1028,2023-06-01,11,2024-05-01,1
C1028,2023-06-01,12,2024-06-01,1
C1028,2023-06-01,13,2024-07-01,1
C1028,2023-06-01,14,2024-08-01,1
C1028,2023-06-01,15,2024-09-01,1
C1028,2023-06-01,16,2024-10-01,1
C1028,2023-06-01,17,2024-11-01,1
C1028,2023-06-01,18,2024-12-01,1
C1029,2024-01-01,0,2024-01-01,1
C1029,2024-01-01,1,2024-02-01,1
C1029,2024-01-01,2,2024-03-01,1
C1029,2024-01-01,3,2024-04-01,1
C1029,2024-01-01,4,2024-05-01,1
C1029,2024-01-01,5,2024-06-01,1
C1029,2024-01-01,6,2024-07-01,1
C1029,2024-01-01,7,2024-08-01,1
C1029,2024-01-01,8,2024-09-01,1
C1029,2024-01-01,9,2024-10-01,1
C1029,2024-01-01,10,2024-11-01,1
C1029,2024-01-01,11,2024-12-01,1
C1030,2023-04-01,0,2023-04-01,1
C1030,2023-04-01,1,2023-05-01,1
C1030,2023-04-01,2,2023-06-01,1
C1030,2023-04-01,3,2023-07-01,1
C1030,2023-04-01,4,2023-08-01,1
C1030,2023-04-01,5,2023-09-01,1
C1030,2023-04-01,6,2023-10-01,1
C1030,2023-04-01,7,2023-11-01,1
C1030,2023-04-01,8,2023-12-01,1
C1030,2023-04-01,9,2024-01-01,1
C1030,2023-04-01,10,2024-02-01,1
C1030,2023-04-01,11,2024-03-01,1
C1030,2023-04-01,12,2024-04-01,1
C1030,2023-04-01,13,2024-05-01,1
C1030,2023-04-01,14,2024-06-01,1
C1030,2023-04-01,15,2024-07-01,1
C1030,2023-04-01,16,2024-08-01,1
C1030,2023-04-01,17,2024-09-01,1
C1030,2023-04-01,18,2024-10-01,1
C1030,2023-04-01,19,2024-11-01,1
C1030,2023-04-01,20,2024-12-01,1
C1033,2023-11-01,0,2023-11-01,1
C1033,2023-11-01,1,2023-12-01,1
C1033,2023-11-01,2,2024-01-01,1
C1033,2023-11-01,3,2024-02-01,1
C1033,2023-11-01,4,2024-03-01,1
C1033,2023-11-01,5,2024-04-01,1
C1033,2023-11-01,6,2024-05-01,1
C1033,2023-11-01,7,2024-06-01,1
C1033,2023-11-01,8,2024-07-01,1
C1033,2023-11-01,9,2024-08-01,1
C1033,2023-11-01,10,2024-09-01,1
C1033,2023-11-01,11,2024-10-01,1
C1033,2023-11-01,12,2024-11-01,1
C1033,2023-11-01,13,2024-12-01,1
C1035,2023-06-01,0,2023-06-01,1
C1035,2023-06-01,1,2023-07-01,1
C1035,2023-06-01,2,2023-08-01,1
C1035,2023-06-01,3,2023-09-01,1
C1035,2023-06-01,4,2023-10-01,1
C1035,2023-06-01,5,2023-11-01,1
C1035,2023-06-01,6,2023-12-01,1
C1035,2023-06-01,7,2024-01-01,1
C1035,2023-06-01,8,2024-02-01,1
C1035,2023-06-01,9,2024-03-01,1
C1035,2023-06-01,10,2024-04-01,1
C1035,2023-06-01,11,2024-05-01,1
C1035,2023-06-01,12,2024-06-01,1
C1035,2023-06-01,13,2024-07-01,1
C1035,2023-06-01,14,2024-08-01,1
C1035,2023-06-01,15,2024-09-01,1
C1035,2023-06-01,16,2024-10-01,1
C1035,2023-06-01,17,2024-11-01,1
C1035,2023-06-01,18,2024-12-01,1
C1036,2023-08-01,0,2023-08-01,1
C1036,2023-08-01,1,2023-09-01,1
C1036,2023-08-01,2,2023-10-01,1
C1036,2023-08-01,3,2023-11-01,1
C1036,2023-08-01,4,2023-12-01,1
C1036,2023-08-01,5,2024-01-01,1
C1036,2023-08-01,6,2024-02-01,1
C1036,2023-08-01,7,2024-03-01,1
C1036,2023-08-01,8,2024-04-01,1
C1036,2023-08-01,9,2024-05-01,1
C1036,2023-08-01,10,2024-06-01,1
C1036,2023-08-01,11,2024-07-01,1
C1036,2023-08-01,12,2024-08-01,1
C1036,2023-08-01,13,2024-09-01,1
C1036,2023-08-01,14,2024-10-01,1
C1036,2023-08-01,15,2024-11-01,1
C1036,2023-08-01,16,2024-12-01,1
C1037,2024-02-01,0,2024-02-01,1
C1037,2024-02-01,1,2024-03-01,1
C1037,2024-02-01,2,2024-04-01,1
C1037,2024-02-01,3,2024-05-01,1
C1037,2024-02-01,4,2024-06-01,1
C1037,2024-02-01,5,2024-07-01,1
C1037,2024-02-01,6,2024-08-01,1
C1037,2024-02-01,7,2024-09-01,1
C1037,2024-02-01,8,2024-10-01,1
C1037,2024-02-01,9,2024-11-01,1
C1037,2024-02-01,10,2024-12-01,1
C1038,2023-05-01,0,2023-05-01,1
C1038,2023-05-01,1,2023-06-01,1
C1038,2023-05-01,2,2023-07-01,1
C1038,2023-05-01,3,2023-08-01,1
C1038,2023-05-01,4,2023-09-01,1
C1038,2023-05-01,5,2023-10-01,1
C1038,2023-05-01,6,2023-11-01,1
C1038,2023-05-01,7,2023-12-01,1
C1038,2023-05-01,8,2024-01-01,1
C1038,2023-05-01,9,2024-02-01,1
C1038,2023-05-01,10,2024-03-01,1
C1038,2023-05-01,11,2024-04-01,1
C1038,2023-05-01,12,2024-05-01,1
C1038,2023-05-01,13,2024-06-01,1
C1038,2023-05-01,14,2024-07-01,0
C1038,2023-05-01,15,2024-08-01,0
C1038,2023-05-01,16,2024-09-01,0
C1038,2023-05-01,17,2024-10-01,0
C1038,2023-05-01,18,2024-11-01,0
C1038,2023-05-01,19,2024-12-01,0
C1039,2023-03-01,0,2023-03-01,1
C1039,2023-03-01,1,2023-04-01,1
C1039,2023-03-01,2,2023-05-01,1
C1039,2023-03-01,3,2023-06-01,1
C1039,2023-03-01,4,2023-07-01,1
C1039,2023-03-01,5,2023-08-01,1
C1039,2023-03-01,6,2023-09-01,1
C1039,2023-03-01,7,2023-10-01,1
C1039,2023-03-01,8,2023-11-01,1
C1039,2023-03-01,9,2023-12-01,1
C1039,2023-03-01,10,2024-01-01,1
C1039,2023-03-01,11,2024-02-01,1
C1039,2023-03-01,12,2024-03-01,1
C1039,2023-03-01,13,2024-04-01,1
C1039,2023-03-01,14,2024-05-01,1
C1039,2023-03-01,15,2024-06-01,1
C1039,2023-03-01,16,2024-07-01,1
C1039,2023-03-01,17,2024-08-01,1
C1039,2023-03-01,18,2024-09-01,1
C1039,2023-03-01,19,2024-10-01,1
C1039,2023-03-01,20,2024-11-01,1
C1039,2023-03-01,21,2024-12-01,1
C1040,2024-02-01,0,2024-02-01,1
C1040,2024-02-01,1,2024-03-01,1
C1040,2024-02-01,2,2024-04-01,1
C1040,2024-02-01,3,2024-05-01,1
C1040,2024-02-01,4,2024-06-01,1
C1040,2024-02-01,5,2024-07-01,1
C1040,2024-02-01,6,2024-08-01,1
C1040,2024-02-01,7,2024-09-01,1
C1040,2024-02-01,8,2024-10-01,1
C1040,2024-02-01,9,2024-11-01,1
C1040,2024-02-01,10,2024-12-01,1
C1041,2023-12-01,0,2023-12-01,1
C1041,2023-12-01,1,2024-01-01,1
C1041,2023-12-01,2,2024-02-01,1
C1041,2023-12-01,3,2024-03-01,1
C1041,2023-12-01,4,2024-04-01,1
C1041,2023-12-01,5,2024-05-01,1
C1041,2023-12-01,6,2024-06-01,1
C1041,2023-12-01,7,2024-07-01,1
C1041,2023-12-01,8,2024-08-01,1
C1041,2023-12-01,9,2024-09-01,1
C1041,2023-12-01,10,2024-10-01,1
C1041,2023-12-01,11,2024-11-01,1
C1041,2023-12-01,12,2024-12-01,1
C1042,2023-05-01,0,2023-05-01,1
C1042,2023-05-01,1,2023-06-01,1
C1042,2023-05-01,2,2023-07-01,1
C1042,2023-05-01,3,2023-08-01,1
C1042,2023-05-01,4,2023-09-01,1
C1042,2023-05-01,5,2023-10-01,1
C1042,2023-05-01,6,2023-11-01,1
C1042,2023-05-01,7,2023-12-01,1
C1042,2023-05-01,8,2024-01-01,1
C1042,2023-05-01,9,2024-02-01,1
C1042,2023-05-01,10,2024-03-01,1
C1042,2023-05-01,11,2024-04-01,1
C1042,2023-05-01,12,2024-05-01,1
C1042,2023-05-01,13,2024-06-01,1
C1042,2023-05-01,14,2024-07-01,1
C1042,2023-05-01,15,2024-08-01,1
C1042,2023-05-01,16,2024-09-01,1
C1042,2023-05-01,17,2024-10-01,1
C1042,2023-05-01,18,2024-11-01,1
C1042,2023-05-01,19,2024-12-01,1
C1043,2023-07-01,0,2023-07-01,1
C1043,2023-07-01,1,2023-08-01,1
C1043,2023-07-01,2,2023-09-01,1
C1043,2023-07-01,3,2023-10-01,1
C1043,2023-07-01,4,2023-11-01,1
C1043,2023-07-01,5,2023-12-01,1
C1043,2023-07-01,6,2024-01-01,1
C1043,2023-07-01,7,2024-02-01,1
C1043,2023-07-01,8,2024-03-01,1
C1043,2023-07-01,9,2024-04-01,1
C1043,2023-07-01,10,2024-05-01,1
C1043,2023-07-01,11,2024-06-01,1
C1043,2023-07-01,12,2024-07-01,1
C1043,2023-07-01,13,2024-08-01,1
C1043,2023-07-01,14,2024-09-01,1
C1043,2023-07-01,15,2024-10-01,1
C1043,2023-07-01,16,2024-11-01,1
C1043,2023-07-01,17,2024-12-01,1
C1044,2024-07-01,0,2024-07-01,1
C1044,2024-07-01,1,2024-08-01,1
C1044,2024-07-01,2,2024-09-01,1
C1044,2024-07-01,3,2024-10-01,1
C1044,2024-07-01,4,2024-11-01,1
C1044,2024-07-01,5,2024-12-01,1
C1045,2024-06-01,0,2024-06-01,1
C1045,2024-06-01,1,2024-07-01,1
C1045,2024-06-01,2,2024-08-01,1
C1045,2024-06-01,3,2024-09-01,1
C1045,2024-06-01,4,2024-10-01,1
C1045,2024-06-01,5,2024-11-01,1
C1045,2024-06-01,6,2024-12-01,1
C1046,2023-09-01,0,2023-09-01,1
C1046,2023-09-01,1,2023-10-01,1
C1046,2023-09-01,2,2023-11-01,1
C1046,2023-09-01,3,2023-12-01,1
C1046,2023-09-01,4,2024-01-01,1
C1046,2023-09-01,5,2024-02-01,1
C1046,2023-09-01,6,2024-03-01,1
C1046,2023-09-01,7,2024-04-01,1
C1046,2023-09-01,8,2024-05-01,1
C1046,2023-09-01,9,2024-06-01,1
C1046,2023-09-01,10,2024-07-01,1
C1046,2023-09-01,11,2024-08-01,1
C1046,2023-09-01,12,2024-09-01,1
C1046,2023-09-01,13,2024-10-01,1
C1046,2023-09-01,14,2024-11-01,1
C1046,2023-09-01,15,2024-12-01,1
C1047,2024-06-01,0,2024-06-01,1
C1047,2024-06-01,1,2024-07-01,1
C1047,2024-06-01,2,2024-08-01,1
C1047,2024-06-01,3,2024-09-01,1
C1047,2024-06-01,4,2024-10-01,1
C1047,2024-06-01,5,2024-11-01,1
C1047,2024-06-01,6,2024-12-01,1
C1048,2023-07-01,0,2023-07-01,1
C1048,2023-07-01,1,2023-08-01,1
C1048,2023-07-01,2,2023-09-01,1
C1048,2023-07-01,3,2023-10-01,1
C1048,2023-07-01,4,2023-11-01,1
C1048,2023-07-01,5,2023-12-01,1
C1048,2023-07-01,6,2024-01-01,1
C1048,2023-07-01,7,2024-02-01,1
C1048,2023-07-01,8,2024-03-01,1
C1048,2023-07-01,9,2024-04-01,1
C1048,2023-07-01,10,2024-05-01,1
C1048,2023-07-01,11,2024-06-01,1
C1048,2023-07-01,12,2024-07-01,1
C1048,2023-07-01,13,2024-08-01,1
C1048,2023-07-01,14,2024-09-01,1
C1048,2023-07-01,15,2024-10-01,1
C1048,2023-07-01,16,2024-11-01,1
C1048,2023-07-01,17,2024-12-01,1
C1049,2024-10-01,0,2024-10-01,1
C1049,2024-10-01,1,2024-11-01,1
C1049,2024-10-01,2,2024-12-01,1
C1050,2023-07-01,0,2023-07-01,1
C1050,2023-07-01,1,2023-08-01,1
C1050,2023-07-01,2,2023-09-01,1
C1050,2023-07-01,3,2023-10-01,1
C1050,2023-07-01,4,2023-11-01,1
C1050,2023-07-01,5,2023-12-01,1
C1050,2023-07-01,6,2024-01-01,0
C1050,2023-07-01,7,2024-02-01,1
C1050,2023-07-01,8,2024-03-01,1
C1050,2023-07-01,9,2024-04-01,1
C1050,2023-07-01,10,2024-05-01,1
C1050,2023-07-01,11,2024-06-01,1
C1050,2023-07-01,12,2024-07-01,0
C1050,2023-07-01,13,2024-08-01,0
C1050,2023-07-01,14,2024-09-01,0
C1050,2023-07-01,15,2024-10-01,0
C1050,2023-07-01,16,2024-11-01,0
C1050,2023-07-01,17,2024-12-01,0
C1051,2024-08-01,0,2024-08-01,1
C1051,2024-08-01,1,2024-09-01,1
C1051,2024-08-01,2,2024-10-01,1
C1051,2024-08-01,3,2024-11-01,1
C1051,2024-08-01,4,2024-12-01,1
C1052,2024-05-01,0,2024-05-01,1
C1052,2024-05-01,1,2024-06-01,1
C1052,2024-05-01,2,2024-07-01,1
C1052,2024-05-01,3,2024-08-01,1
C1052,2024-05-01,4,2024-09-01,1
C1052,2024-05-01,5,2024-10-01,1
C1052,2024-05-01,6,2024-11-01,1
C1052,2024-05-01,7,2024-12-01,1
C1053,2023-05-01,0,2023-05-01,1
C1053,2023-05-01,1,2023-06-01,1
C1053,2023-05-01,2,2023-07-01,1
C1053,2023-05-01,3,2023-08-01,1
C1053,2023-05-01,4,2023-09-01,1
C1053,2023-05-01,5,2023-10-01,1
C1053,2023-05-01,6,2023-11-01,1
C1053,2023-05-01,7,2023-12-01,1
C1053,2023-05-01,8,2024-01-01,1
C1053,2023-05-01,9,2024-02-01,1
C1053,2023-05-01,10,2024-03-01,1
C1053,2023-05-01,11,2024-04-01,1
C1053,2023-05-01,12,2024-05-01,1
C1053,2023-05-01,13,2024-06-01,1
C1053,2023-05-01,14,2024-07-01,1
C1053,2023-05-01,15,2024-08-01,0
C1053,2023-05-01,16,2024-09-01,0
C1053,2023-05-01,17,2024-10-01,0
C1053,2023-05-01,18,2024-11-01,0
C1053,2023-05-01,19,2024-12-01,0
C1054,2024-11-01,0,2024-11-01,1
C1054,2024-11-01,1,2024-12-01,1
C1055,2023-03-01,0,2023-03-01,1
C1055,2023-03-01,1,2023-04-01,1
C1055,2023-03-01,2,2023-05-01,1
C1055,2023-03-01,3,2023-06-01,1
C1055,2023-03-01,4,2023-07-01,1
C1055,2023-03-01,5,2023-08-01,1
C1055,2023-03-01,6,2023-09-01,1
C1055,2023-03-01,7,2023-10-01,1
C1055,2023-03-01,8,2023-11-01,1
C1055,2023-03-01,9,2023-12-01,1
C1055,2023-03-01,10,2024-01-01,1
C1055,2023-03-01,11,2024-02-01,1
C1055,2023-03-01,12,2024-03-01,1
C1055,2023-03-01,13,2024-04-01,1
C1055,2023-03-01,14,2024-05-01,1
C1055,2023-03-01,15,2024-06-01,1
C1055,2023-03-01,16,2024-07-01,1
C1055,2023-03-01,17,2024-08-01,1
C1055,2023-03-01,18,2024-09-01,0
C1055,2023-03-01,19,2024-10-01,0
C1055,2023-03-01,20,2024-11-01,0
C1055,2023-03-01,21,2024-12-01,0
C1056,2024-07-01,0,2024-07-01,1
C1056,2024-07-01,1,2024-08-01,1
C1056,2024-07-01,2,2024-09-01,1
C1056,2024-07-01,3,2024-10-01,1
C1056,2024-07-01,4,2024-11-01,1
C1056,2024-07-01,5,2024-12-01,1
C1057,2023-11-01,0,2023-11-01,1
C1057,2023-11-01,1,2023-12-01,1
C1057,2023-11-01,2,2024-01-01,1
C1057,2023-11-01,3,2024-02-01,1
C1057,2023-11-01,4,2024-03-01,1
C1057,2023-11-01,5,2024-04-01,1
C1057,2023-11-01,6,2024-05-01,1
C1057,2023-11-01,7,2024-06-01,1
C1057,2023-11-01,8,2024-07-01,1
C1057,2023-11-01,9,2024-08-01,1
C1057,2023-11-01,10,2024-09-01,1
C1057,2023-11-01,11,2024-10-01,1
C1057,2023-11-01,12,2024-11-01,1
C1057,2023-11-01,13,2024-12-01,1
C1058,2024-08-01,0,2024-08-01,1
C1058,2024-08-01,1,2024-09-01,1
C1058,2024-08-01,2,2024-10-01,1
C1058,2024-08-01,3,2024-11-01,1
C1058,2024-08-01,4,2024-12-01,1
C1059,2024-07-01,0,2024-07-01,1
C1059,2024-07-01,1,2024-08-01,1
C1059,2024-07-01,2,2024-09-01,1
C1059,2024-07-01,3,2024-10-01,1
C1059,2024-07-01,4,2024-11-01,1
C1059,2024-07-01,5,2024-12-01,1
C1060,2023-07-01,0,2023-07-01,1
C1060,2023-07-01,1,2023-08-01,1
C1060,2023-07-01,2,2023-09-01,1
C1060,2023-07-01,3,2023-10-01,1
C1060,2023-07-01,4,2023-11-01,1
C1060,2023-07-01,5,2023-12-01,1
C1060,2023-07-01,6,2024-01-01,1
C1060,2023-07-01,7,2024-02-01,1
C1060,2023-07-01,8,2024-03-01,1
C1060,2023-07-01,9,2024-04-01,1
C1060,2023-07-01,10,2024-05-01,1
C1060,2023-07-01,11,2024-06-01,1
C1060,2023-07-01,12,2024-07-01,1
C1060,2023-07-01,13,2024-08-01,1
C1060,2023-07-01,14,2024-09-01,1
C1060,2023-07-01,15,2024-10-01,1
C1060,2023-07-01,16,2024-11-01,1
C1060,2023-07-01,17,2024-12-01,1
C1061,2023-06-01,0,2023-06-01,1
C1061,2023-06-01,1,2023-07-01,1
C1061,2023-06-01,2,2023-08-01,1
C1061,2023-06-01,3,2023-09-01,1
C1061,2023-06-01,4,2023-10-01,1
C1061,2023-06-01,5,2023-11-01,1
C1061,2023-06-01,6,2023-12-01,1
C1061,2023-06-01,7,2024-01-01,1
C1061,2023-06-01,8,2024-02-01,1
C1061,2023-06-01,9,2024-03-01,1
C1061,2023-06-01,10,2024-04-01,1
C1061,2023-06-01,11,2024-05-01,1
C1061,2023-06-01,12,2024-06-01,1
C1061,2023-06-01,13,2024-07-01,1
C1061,2023-06-01,14,2024-08-01,1
C1061,2023-06-01,15,2024-09-01,1
C1061,2023-06-01,16,2024-10-01,1
C1061,2023-06-01,17,2024-11-01,1
C1061,2023-06-01,18,2024-12-01,1
C1062,2023-06-01,0,2023-06-01,1
C1062,2023-06-01,1,2023-07-01,1
C1062,2023-06-01,2,2023-08-01,1
C1062,2023-06-01,3,2023-09-01,0
C1062,2023-06-01,4,2023-10-01,0
C1062,2023-06-01,5,2023-11-01,0
C1062,2023-06-01,6,2023-12-01,0
C1062,2023-06-01,7,2024-01-01,0
C1062,2023-06-01,8,2024-02-01,0
C1062,2023-06-01,9,2024-03-01,0
C1062,2023-06-01,10,2024-04-01,0
C1062,2023-06-01,11,2024-05-01,0
C1062,2023-06-01,12,2024-06-01,0
C1062,2023-06-01,13,2024-07-01,0
C1062,2023-06-01,14,2024-08-01,0
C1062,2023-06-01,15,2024-09-01,0
C1062,2023-06-01,16,2024-10-01,0
C1062,2023-06-01,17,2024-11-01,0
C1062,2023-06-01,18,2024-12-01,0
C1063,2023-06-01,0,2023-06-01,1
C1063,2023-06-01,1,2023-07-01,1
C1063,2023-06-01,2,2023-08-01,1
C1063,2023-06-01,3,2023-09-01,1
C1063,2023-06-01,4,2023-10-01,1
C1063,2023-06-01,5,2023-11-01,1
C1063,2023-06-01,6,2023-12-01,1
C1063,2023-06-01,7,2024-01-01,1
C1063,2023-06-01,8,2024-02-01,1
C1063,2023-06-01,9,2024-03-01,1
C1063,2023-06-01,10,2024-04-01,0
C1063,2023-06-01,11,2024-05-01,0
C1063,2023-06-01,12,2024-06-01,0
C1063,2023-06-01,13,2024-07-01,0
C1063,2023-06-01,14,2024-08-01,0
C1063,2023-06-01,15,2024-09-01,0
C1063,2023-06-01,16,2024-10-01,0
C1063,2023-06-01,17,2024-11-01,0
C1063,2023-06-01,18,2024-12-01,0
C1064,2024-03-01,0,2024-03-01,1
C1064,2024-03-01,1,2024-04-01,1
C1064,2024-03-01,2,2024-05-01,1
C1064,2024-03-01,3,2024-06-01,1
C1064,2024-03-01,4,2024-07-01,1
C1064,2024-03-01,5,2024-08-01,1
C1064,2024-03-01,6,2024-09-01,1
C1064,2024-03-01,7,2024-10-01,1
C1064,2024-03-01,8,2024-11-01,1
C1064,2024-03-01,9,2024-12-01,1
C1065,2023-10-01,0,2023-10-01,1
C1065,2023-10-01,1,2023-11-01,1
C1065,2023-10-01,2,2023-12-01,1
C1065,2023-10-01,3,2024-01-01,1
C1065,2023-10-01,4,2024-02-01,1
C1065,2023-10-01,5,2024-03-01,1
C1065,2023-10-01,6,2024-04-01,1
C1065,2023-10-01,7,2024-05-01,1
C1065,2023-10-01,8,2024-06-01,1
C1065,2023-10-01,9,2024-07-01,1
C1065,2023-10-01,10,2024-08-01,1
C1065,2023-10-01,11,2024-09-01,1
C1065,2023-10-01,12,2024-10-01,1
C1065,2023-10-01,13,2024-11-01,1
C1065,2023-10-01,14,2024-12-01,1
C1066,2024-07-01,0,2024-07-01,1
C1066,2024-07-01,1,2024-08-01,1
C1066,2024-07-01,2,2024-09-01,1
C1066,2024-07-01,3,2024-10-01,1
C1066,2024-07-01,4,2024-11-01,1
C1066,2024-07-01,5,2024-12-01,1
C1067,2024-02-01,0,2024-02-01,1
C1067,2024-02-01,1,2024-03-01,1
C1067,2024-02-01,2,2024-04-01,1
C1067,2024-02-01,3,2024-05-01,1
C1067,2024-02-01,4,2024-06-01,1
C1067,2024-02-01,5,2024-07-01,1
C1067,2024-02-01,6,2024-08-01,1
C1067,2024-02-01,7,2024-09-01,1
C1067,2024-02-01,8,2024-10-01,1
C1067,2024-02-01,9,2024-11-01,1
C1067,2024-02-01,10,2024-12-01,1
C1068,2024-11-01,0,2024-11-01,1
C1068,2024-11-01,1,2024-12-01,1
C1069,2023-08-01,0,2023-08-01,1
C1069,2023-08-01,1,2023-09-01,1
C1069,2023-08-01,2,2023-10-01,1
C1069,2023-08-01,3,2023-11-01,1
C1069,2023-08-01,4,2023-12-01,1
C1069,2023-08-01,5,2024-01-01,1
C1069,2023-08-01,6,2024-02-01,1
C1069,2023-08-01,7,2024-03-01,1
C1069,2023-08-01,8,2024-04-01,1
C1069,2023-08-01,9,2024-05-01,1
C1069,2023-08-01,10,2024-06-01,1
C1069,2023-08-01,11,2024-07-01,1
C1069,2023-08-01,12,2024-08-01,1
C1069,2023-08-01,13,2024-09-01,1
C1069,2023-08-01,14,2024-10-01,1
C1069,2023-08-01,15,2024-11-01,1
C1069,2023-08-01,16,2024-12-01,1
C1071,2024-09-01,0,2024-09-01,1
C1071,2024-09-01,1,2024-10-01,1
C1071,2024-09-01,2,2024-11-01,1
C1071,2024-09-01,3,2024-12-01,1
C1072,2023-04-01,0,2023-04-01,1
C1072,2023-04-01,1,2023-05-01,1
C1072,2023-04-01,2,2023-06-01,1
C1072,2023-04-01,3,2023-07-01,1
C1072,2023-04-01,4,2023-08-01,1
C1072,2023-04-01,5,2023-09-01,1
C1072,2023-04-01,6,2023-10-01,1
C1072,2023-04-01,7,2023-11-01,1
C1072,2023-04-01,8,2023-12-01,1
C1072,2023-04-01,9,2024-01-01,1
C1072,2023-04-01,10,2024-02-01,1
C1072,2023-04-01,11,2024-03-01,1
C1072,2023-04-01,12,2024-04-01,1
C1072,2023-04-01,13,2024-05-01,1
C1072,2023-04-01,14,2024-06-01,1
C1072,2023-04-01,15,2024-07-01,1
C1072,2023-04-01,16,2024-08-01,1
C1072,2023-04-01,17,2024-09-01,1
C1072,2023-04-01,18,2024-10-01,1
C1072,2023-04-01,19,2024-11-01,1
C1072,2023-04-01,20,2024-12-01,1
C1073,2023-08-01,0,2023-08-01,1
C1073,2023-08-01,1,2023-09-01,1
C1073,2023-08-01,2,2023-10-01,1
C1073,2023-08-01,3,2023-11-01,1
C1073,2023-08-01,4,2023-12-01,1
C1073,2023-08-01,5,2024-01-01,1
C1073,2023-08-01,6,2024-02-01,1
C1073,2023-08-01,7,2024-03-01,1
C1073,2023-08-01,8,2024-04-01,1
C1073,2023-08-01,9,2024-05-01,1
C1073,2023-08-01,10,2024-06-01,1
C1073,2023-08-01,11,2024-07-01,1
C1073,2023-08-01,12,2024-08-01,1
C1073,2023-08-01,13,2024-09-01,1
C1073,2023-08-01,14,2024-10-01,1
C1073,2023-08-01,15,2024-11-01,1
C1073,2023-08-01,16,2024-12-01,1
C1074,2024-10-01,0,2024-10-01,1
C1074,2024-10-01,1,2024-11-01,1
C1074,2024-10-01,2,2024-12-01,1
C1075,2024-05-01,0,2024-05-01,1
C1075,2024-05-01,1,2024-06-01,1
C1075,2024-05-01,2,2024-07-01,1
C1075,2024-05-01,3,2024-08-01,1
C1075,2024-05-01,4,2024-09-01,1
C1075,2024-05-01,5,2024-10-01,1
C1075,2024-05-01,6,2024-11-01,1
C1075,2024-05-01,7,2024-12-01,1
C1076,2024-05-01,0,2024-05-01,1
C1076,2024-05-01,1,2024-06-01,1
C1076,2024-05-01,2,2024-07-01,1
C1076,2024-05-01,3,2024-08-01,1
C1076,2024-05-01,4,2024-09-01,1
C1076,2024-05-01,5,2024-10-01,1
C1076,2024-05-01,6,2024-11-01,1
C1076,2024-05-01,7,2024-12-01,1
C1077,2024-03-01,0,2024-03-01,1
C1077,2024-03-01,1,2024-04-01,1
C1077,2024-03-01,2,2024-05-01,1
C1077,2024-03-01,3,2024-06-01,1
C1077,2024-03-01,4,2024-07-01,1
C1077,2024-03-01,5,2024-08-01,1
C1077,2024-03-01,6,2024-09-01,1
C1077,2024-03-01,7,2024-10-01,1
C1077,2024-03-01,8,2024-11-01,1
C1077,2024-03-01,9,2024-12-01,1
C1078,2024-03-01,0,2024-03-01,1
C1078,2024-03-01,1,2024-04-01,1
C1078,2024-03-01,2,2024-05-01,1
C1078,2024-03-01,3,2024-06-01,1
C1078,2024-03-01,4,2024-07-01,1
C1078,2024-03-01,5,2024-08-01,1
C1078,2024-03-01,6,2024-09-01,1
C1078,2024-03-01,7,2024-10-01,1
C1078,2024-03-01,8,2024-11-01,1
C1078,2024-03-01,9,2024-12-01,1
C1079,2024-07-01,0,2024-07-01,1
C1079,2024-07-01,1,2024-08-01,1
C1079,2024-07-01,2,2024-09-01,1
C1079,2024-07-01,3,2024-10-01,1
C1079,2024-07-01,4,2024-11-01,1
C1079,2024-07-01,5,2024-12-01,1
C1080,2024-05-01,0,2024-05-01,1
C1080,2024-05-01,1,2024-06-01,1
C1080,2024-05-01,2,2024-07-01,1
C1080,2024-05-01,3,2024-08-01,1
C1080,2024-05-01,4,2024-09-01,1
C1080,2024-05-01,5,2024-10-01,1
C1080,2024-05-01,6,2024-11-01,1
C1080,2024-05-01,7,2024-12-01,1
C1081,2024-04-01,0,2024-04-01,1
C1081,2024-04-01,1,2024-05-01,1
C1081,2024-04-01,2,2024-06-01,1
C1081,2024-04-01,3,2024-07-01,1
C1081,2024-04-01,4,2024-08-01,1
C1081,2024-04-01,5,2024-09-01,1
C1081,2024-04-01,6,2024-10-01,1
C1081,2024-04-01,7,2024-11-01,1
C1081,2024-04-01,8,2024-12-01,1
C1082,2024-06-01,0,2024-06-01,1
C1082,2024-06-01,1,2024-07-01,1
C1082,2024-06-01,2,2024-08-01,1
C1082,2024-06-01,3,2024-09-01,1
C1082,2024-06-01,4,2024-10-01,1
C1082,2024-06-01,5,2024-11-01,1
C1082,2024-06-01,6,2024-12-01,1
C1083,2024-03-01,0,2024-03-01,1
C1083,2024-03-01,1,2024-04-01,1
C1083,2024-03-01,2,2024-05-01,1
C1083,2024-03-01,3,2024-06-01,1
C1083,2024-03-01,4,2024-07-01,1
C1083,2024-03-01,5,2024-08-01,1
C1083,2024-03-01,6,2024-09-01,1
C1083,2024-03-01,7,2024-10-01,1
C1083,2024-03-01,8,2024-11-01,1
C1083,2024-03-01,9,2024-12-01,1
C1085,2023-06-01,0,2023-06-01,1
C1085,2023-06-01,1,2023-07-01,1
C1085,2023-06-01,2,2023-08-01,1
C1085,2023-06-01,3,2023-09-01,1
C1085,2023-06-01,4,2023-10-01,1
C1085,2023-06-01,5,2023-11-01,1
C1085,2023-06-01,6,2023-12-01,1
C1085,2023-06-01,7,2024-01-01,1
C1085,2023-06-01,8,2024-02-01,0
C1085,2023-06-01,9,2024-03-01,0
C1085,2023-06-01,10,2024-04-01,0
C1085,2023-06-01,11,2024-05-01,0
C1085,2023-06-01,12,2024-06-01,0
C1085,2023-06-01,13,2024-07-01,0
C1085,2023-06-01,14,2024-08-01,0
C1085,2023-06-01,15,2024-09-01,0
C1085,2023-06-01,16,2024-10-01,0
C1085,2023-06-01,17,2024-11-01,0
C1085,2023-06-01,18,2024-12-01,0
C1086,2023-04-01,0,2023-04-01,1
C1086,2023-04-01,1,2023-05-01,1
C1086,2023-04-01,2,2023-06-01,1
C1086,2023-04-01,3,2023-07-01,1
C1086,2023-04-01,4,2023-08-01,1
C1086,2023-04-01,5,2023-09-01,1
C1086,2023-04-01,6,2023-10-01,1
C1086,2023-04-01,7,2023-11-01,1
C1086,2023-04-01,8,2023-12-01,1
C1086,2023-04-01,9,2024-01-01,1
C1086,2023-04-01,10,2024-02-01,1
C1086,2023-04-01,11,2024-03-01,1
C1086,2023-04-01,12,2024-04-01,1
C1086,2023-04-01,13,2024-05-01,1
C1086,2023-04-01,14,2024-06-01,1
C1086,2023-04-01,15,2024-07-01,1
C1086,2023-04-01,16,2024-08-01,1
C1086,2023-04-01,17,2024-09-01,1
C1086,2023-04-01,18,2024-10-01,1
C1086,2023-04-01,19,2024-11-01,1
C1086,2023-04-01,20,2024-12-01,1
C1087,2024-11-01,0,2024-11-01,1
C1087,2024-11-01,1,2024-12-01,1
C1088,2023-06-01,0,2023-06-01,1
C1088,2023-06-01,1,2023-07-01,1
C1088,2023-06-01,2,2023-08-01,1
C1088,2023-06-01,3,2023-09-01,1
C1088,2023-06-01,4,2023-10-01,1
C1088,2023-06-01,5,2023-11-01,1
C1088,2023-06-01,6,2023-12-01,1
C1088,2023-06-01,7,2024-01-01,1
C1088,2023-06-01,8,2024-02-01,1
C1088,2023-06-01,9,2024-03-01,1
C1088,2023-06-01,10,2024-04-01,1
C1088,2023-06-01,11,2024-05-01,1
C1088,2023-06-01,12,2024-06-01,1
C1088,2023-06-01,13,2024-07-01,1
C1088,2023-06-01,14,2024-08-01,1
C1088,2023-06-01,15,2024-09-01,1
C1088,2023-06-01,16,2024-10-01,1
C1088,2023-06-01,17,2024-11-01,1
C1088,2023-06-01,18,2024-12-01,1
C1089,2024-05-01,0,2024-05-01,1
C1089,2024-05-01,1,2024-06-01,1
C1089,2024-05-01,2,2024-07-01,1
C1089,2024-05-01,3,2024-08-01,1
C1089,2024-05-01,4,2024-09-01,1
C1089,2024-05-01,5,2024-10-01,1
C1089,2024-05-01,6,2024-11-01,1
C1089,2024-05-01,7,2024-12-01,1
C1090,2024-10-01,0,2024-10-01,1
C1090,2024-10-01,1,2024-11-01,1
C1090,2024-10-01,2,2024-12-01,1
C1091,2024-11-01,0,2024-11-01,1
C1091,2024-11-01,1,2024-12-01,1
C1092,2024-12-01,0,2024-12-01,1
C1093,2023-05-01,0,2023-05-01,1
C1093,2023-05-01,1,2023-06-01,1
C1093,2023-05-01,2,2023-07-01,1
C1093,2023-05-01,3,2023-08-01,1
C1093,2023-05-01,4,2023-09-01,1
C1093,2023-05-01,5,2023-10-01,1
C1093,2023-05-01,6,2023-11-01,1
C1093,2023-05-01,7,2023-12-01,1
C1093,2023-05-01,8,2024-01-01,1
C1093,2023-05-01,9,2024-02-01,1
C1093,2023-05-01,10,2024-03-01,1
C1093,2023-05-01,11,2024-04-01,1
C1093,2023-05-01,12,2024-05-01,1
C1093,2023-05-01,13,2024-06-01,1
C1093,2023-05-01,14,2024-07-01,1
C1093,2023-05-01,15,2024-08-01,1
C1093,2023-05-01,16,2024-09-01,1
C1093,2023-05-01,17,2024-10-01,1
C1093,2023-05-01,18,2024-11-01,1
C1093,2023-05-01,19,2024-12-01,1
C1094,2023-03-01,0,2023-03-01,1
C1094,2023-03-01,1,2023-04-01,1
C1094,2023-03-01,2,2023-05-01,1
C1094,2023-03-01,3,2023-06-01,1
C1094,2023-03-01,4,2023-07-01,1
C1094,2023-03-01,5,2023-08-01,1
C1094,2023-03-01,6,2023-09-01,1
C1094,2023-03-01,7,2023-10-01,1
C1094,2023-03-01,8,2023-11-01,1
C1094,2023-03-01,9,2023-12-01,1
C1094,2023-03-01,10,2024-01-01,1
C1094,2023-03-01,11,2024-02-01,1
C1094,2023-03-01,12,2024-03-01,1
C1094,2023-03-01,13,2024-04-01,1
C1094,2023-03-01,14,2024-05-01,1
C1094,2023-03-01,15,2024-06-01,1
C1094,2023-03-01,16,2024-07-01,1
C1094,2023-03-01,17,2024-08-01,1
C1094,2023-03-01,18,2024-09-01,1
C1094,2023-03-01,19,2024-10-01,1
C1094,2023-03-01,20,2024-11-01,1
C1094,2023-03-01,21,2024-12-01,1
C1095,2023-02-01,0,2023-02-01,1
C1095,2023-02-01,1,2023-03-01,1
C1095,2023-02-01,2,2023-04-01,1
C1095,2023-02-01,3,2023-05-01,1
C1095,2023-02-01,4,2023-06-01,1
C1095,2023-02-01,5,2023-07-01,1
C1095,2023-02-01,6,2023-08-01,1
C1095,2023-02-01,7,2023-09-01,1
C1095,2023-02-01,8,2023-10-01,1
C1095,2023-02-01,9,2023-11-01,1
C1095,2023-02-01,10,2023-12-01,1
C1095,2023-02-01,11,2024-01-01,1
C1095,2023-02-01,12,2024-02-01,1
C1095,2023-02-01,13,2024-03-01,1
C1095,2023-02-01,14,2024-04-01,1
C1095,2023-02-01,15,2024-05-01,1
C1095,2023-02-01,16,2024-06-01,1
C1095,2023-02-01,17,2024-07-01,1
C1095,2023-02-01,18,2024-08-01,1
C1095,2023-02-01,19,2024-09-01,1
C1095,2023-02-01,20,2024-10-01,1
C1095,2023-02-01,21,2024-11-01,1
C1095,2023-02-01,22,2024-12-01,1
C1096,2024-03-01,0,2024-03-01,1
C1096,2024-03-01,1,2024-04-01,1
C1096,2024-03-01,2,2024-05-01,1
C1096,2024-03-01,3,2024-06-01,1
C1096,2024-03-01,4,2024-07-01,1
C1096,2024-03-01,5,2024-08-01,1
C1096,2024-03-01,6,2024-09-01,1
C1096,2024-03-01,7,2024-10-01,1
C1096,2024-03-01,8,2024-11-01,1
C1096,2024-03-01,9,2024-12-01,1
C1097,2024-12-01,0,2024-12-01,1
C1098,2024-04-01,0,2024-04-01,1
C1098,2024-04-01,1,2024-05-01,1
C1098,2024-04-01,2,2024-06-01,1
C1098,2024-04-01,3,2024-07-01,1
C1098,2024-04-01,4,2024-08-01,1
C1098,2024-04-01,5,2024-09-01,1
C1098,2024-04-01,6,2024-10-01,1
C1098,2024-04-01,7,2024-11-01,1
C1098,2024-04-01,8,2024-12-01,1
C1099,2023-02-01,0,2023-02-01,1
C1099,2023-02-01,1,2023-03-01,1
C1099,2023-02-01,2,2023-04-01,1
C1099,2023-02-01,3,2023-05-01,1
C1099,2023-02-01,4,2023-06-01,1
C1099,2023-02-01,5,2023-07-01,1
C1099,2023-02-01,6,2023-08-01,1
C1099,2023-02-01,7,2023-09-01,1
C1099,2023-02-01,8,2023-10-01,1
C1099,2023-02-01,9,2023-11-01,1
C1099,2023-02-01,10,2023-12-01,1
C1099,2023-02-01,11,2024-01-01,1
C1099,2023-02-01,12,2024-02-01,1
C1099,2023-02-01,13,2024-03-01,0
C1099,2023-02-01,14,2024-04-01,0
C1099,2023-02-01,15,2024-05-01,0
C1099,2023-02-01,16,2024-06-01,0
C1099,2023-02-01,17,2024-07-01,0
C1099,2023-02-01,18,2024-08-01,0
C1099,2023-02-01,19,2024-09-01,0
C1099,2023-02-01,20,2024-10-01,0
C1099,2023-02-01,21,2024-11-01,0
C1099,2023-02-01,22,2024-12-01,0
C1100,2024-07-01,0,2024-07-01,1
C1100,2024-07-01,1,2024-08-01,1
C1100,2024-07-01,2,2024-09-01,1
C1100,2024-07-01,3,2024-10-01,1
C1100,2024-07-01,4,2024-11-01,1
C1100,2024-07-01,5,2024-12-01,1
C1101,2023-02-01,0,2023-02-01,1
C1101,2023-02-01,1,2023-03-01,1
C1101,2023-02-01,2,2023-04-01,1
C1101,2023-02-01,3,2023-05-01,1
C1101,2023-02-01,4,2023-06-01,1
C1101,2023-02-01,5,2023-07-01,1
C1101,2023-02-01,6,2023-08-01,1
C1101,2023-02-01,7,2023-09-01,1
C1101,2023-02-01,8,2023-10-01,1
C1101,2023-02-01,9,2023-11-01,1
C1101,2023-02-01,10,2023-12-01,1
C1101,2023-02-01,11,2024-01-01,1
C1101,2023-02-01,12,2024-02-01,1
C1101,2023-02-01,13,2024-03-01,1
C1101,2023-02-01,14,2024-04-01,1
C1101,2023-02-01,15,2024-05-01,1
C1101,2023-02-01,16,2024-06-01,1
C1101,2023-02-01,17,2024-07-01,1
C1101,2023-02-01,18,2024-08-01,1
C1101,2023-02-01,19,2024-09-01,1
C1101,2023-02-01,20,2024-10-01,1
C1101,2023-02-01,21,2024-11-01,1
C1101,2023-02-01,22,2024-12-01,1
C1102,2023-03-01,0,2023-03-01,1
C1102,2023-03-01,1,2023-04-01,1
C1102,2023-03-01,2,2023-05-01,1
C1102,2023-03-01,3,2023-06-01,1
C1102,2023-03-01,4,2023-07-01,1
C1102,2023-03-01,5,2023-08-01,1
C1102,2023-03-01,6,2023-09-01,1
C1102,2023-03-01,7,2023-10-01,1
C1102,2023-03-01,8,2023-11-01,1
C1102,2023-03-01,9,2023-12-01,1
C1102,2023-03-01,10,2024-01-01,1
C1102,2023-03-01,11,2024-02-01,1
C1102,2023-03-01,12,2024-03-01,1
C1102,2023-03-01,13,2024-04-01,1
C1102,2023-03-01,14,2024-05-01,1
C1102,2023-03-01,15,2024-06-01,1
C1102,2023-03-01,16,2024-07-01,1
C1102,2023-03-01,17,2024-08-01,1
C1102,2023-03-01,18,2024-09-01,1
C1102,2023-03-01,19,2024-10-01,1
C1102,2023-03-01,20,2024-11-01,1
C1102,2023-03-01,21,2024-12-01,1
C1103,2023-07-01,0,2023-07-01,1
C1103,2023-07-01,1,2023-08-01,1
C1103,2023-07-01,2,2023-09-01,1
C1103,2023-07-01,3,2023-10-01,1
C1103,2023-07-01,4,2023-11-01,1
C1103,2023-07-01,5,2023-12-01,1
C1103,2023-07-01,6,2024-01-01,1
C1103,2023-07-01,7,2024-02-01,1
C1103,2023-07-01,8,2024-03-01,1
C1103,2023-07-01,9,2024-04-01,1
C1103,2023-07-01,10,2024-05-01,1
C1103,2023-07-01,11,2024-06-01,1
C1103,2023-07-01,12,2024-07-01,1
C1103,2023-07-01,13,2024-08-01,1
C1103,2023-07-01,14,2024-09-01,1
C1103,2023-07-01,15,2024-10-01,1
C1103,2023-07-01,16,2024-11-01,1
C1103,2023-07-01,17,2024-12-01,1
C1104,2024-10-01,0,2024-10-01,1
C1104,2024-10-01,1,2024-11-01,1
C1104,2024-10-01,2,2024-12-01,1
C1105,2023-01-01,0,2023-01-01,1
C1105,2023-01-01,1,2023-02-01,1
C1105,2023-01-01,2,2023-03-01,1
C1105,2023-01-01,3,2023-04-01,1
C1105,2023-01-01,4,2023-05-01,1
C1105,2023-01-01,5,2023-06-01,1
C1105,2023-01-01,6,2023-07-01,1
C1105,2023-01-01,7,2023-08-01,1
C1105,2023-01-01,8,2023-09-01,1
C1105,2023-01-01,9,2023-10-01,1
C1105,2023-01-01,10,2023-11-01,1
C1105,2023-01-01,11,2023-12-01,1
C1105,2023-01-01,12,2024-01-01,1
C1105,2023-01-01,13,2024-02-01,1
C1105,2023-01-01,14,2024-03-01,1
C1105,2023-01-01,15,2024-04-01,1
C1105,2023-01-01,16,2024-05-01,1
C1105,2023-01-01,17,2024-06-01,1
C1105,2023-01-01,18,2024-07-01,1
C1105,2023-01-01,19,2024-08-01,1
C1105,2023-01-01,20,2024-09-01,1
C1105,2023-01-01,21,2024-10-01,1
C1105,2023-01-01,22,2024-11-01,1
C1105,2023-01-01,23,2024-12-01,1
C1106,2024-09-01,0,2024-09-01,1
C1106,2024-09-01,1,2024-10-01,1
C1106,2024-09-01,2,2024-11-01,1
C1106,2024-09-01,3,2024-12-01,1
C1107,2023-12-01,0,2023-12-01,1
C1107,2023-12-01,1,2024-01-01,1
C1107,2023-12-01,2,2024-02-01,1
C1107,2023-12-01,3,2024-03-01,1
C1107,2023-12-01,4,2024-04-01,1
C1107,2023-12-01,5,2024-05-01,1
C1107,2023-12-01,6,2024-06-01,1
C1107,2023-12-01,7,2024-07-01,1
C1107,2023-12-01,8,2024-08-01,1
C1107,2023-12-01,9,2024-09-01,1
C1107,2023-12-01,10,2024-10-01,1
C1107,2023-12-01,11,2024-11-01,1
C1107,2023-12-01,12,2024-12-01,1
C1108,2023-01-01,0,2023-01-01,1
C1108,2023-01-01,1,2023-02-01,1
C1108,2023-01-01,2,2023-03-01,1
C1108,2023-01-01,3,2023-04-01,1
C1108,2023-01-01,4,2023-05-01,1
C1108,2023-01-01,5,2023-06-01,1
C1108,2023-01-01,6,2023-07-01,1
C1108,2023-01-01,7,2023-08-01,1
C1108,2023-01-01,8,2023-09-01,1
C1108,2023-01-01,9,2023-10-01,1
C1108,2023-01-01,10,2023-11-01,1
C1108,2023-01-01,11,2023-12-01,1
C1108,2023-01-01,12,2024-01-01,1
C1108,2023-01-01,13,2024-02-01,1
C1108,2023-01-01,14,2024-03-01,1
C1108,2023-01-01,15,2024-04-01,1
C1108,2023-01-01,16,2024-05-01,1
C1108,2023-01-01,17,2024-06-01,1
C1108,2023-01-01,18,2024-07-01,1
C1108,2023-01-01,19,2024-08-01,1
C1108,2023-01-01,20,2024-09-01,1
C1108,2023-01-01,21,2024-10-01,1
C1108,2023-01-01,22,2024-11-01,1
C1108,2023-01-01,23,2024-12-01,1
C1109,2023-02-01,0,2023-02-01,1
C1109,2023-02-01,1,2023-03-01,1
C1109,2023-02-01,2,2023-04-01,1
C1109,2023-02-01,3,2023-05-01,1
C1109,2023-02-01,4,2023-06-01,1
C1109,2023-02-01,5,2023-07-01,1
C1109,2023-02-01,6,2023-08-01,1
C1109,2023-02-01,7,2023-09-01,1
C1109,2023-02-01,8,2023-10-01,1
C1109,2023-02-01,9,2023-11-01,1
C1109,2023-02-01,10,2023-12-01,1
C1109,2023-02-01,11,2024-01-01,1
C1109,2023-02-01,12,2024-02-01,1
C1109,2023-02-01,13,2024-03-01,1
C1109,2023-02-01,14,2024-04-01,1
C1109,2023-02-01,15,2024-05-01,1
C1109,2023-02-01,16,2024-06-01,1
C1109,2023-02-01,17,2024-07-01,1
C1109,2023-02-01,18,2024-08-01,1
C1109,2023-02-01,19,2024-09-01,1
C1109,2023-02-01,20,2024-10-01,1
C1109,2023-02-01,21,2024-11-01,1
C1109,2023-02-01,22,2024-12-01,1
C1110,2024-07-01,0,2024-07-01,1
C1110,2024-07-01,1,2024-08-01,1
C1110,2024-07-01,2,2024-09-01,1
C1110,2024-07-01,3,2024-10-01,1
C1110,2024-07-01,4,2024-11-01,1
C1110,2024-07-01,5,2024-12-01,1
C1111,2024-06-01,0,2024-06-01,1
C1111,2024-06-01,1,2024-07-01,1
C1111,2024-06-01,2,2024-08-01,1
C1111,2024-06-01,3,2024-09-01,1
C1111,2024-06-01,4,2024-10-01,1
C1111,2024-06-01,5,2024-11-01,1
C1111,2024-06-01,6,2024-12-01,1
C1112,2023-07-01,0,2023-07-01,1
C1112,2023-07-01,1,2023-08-01,1
C1112,2023-07-01,2,2023-09-01,1
C1112,2023-07-01,3,2023-10-01,1
C1112,2023-07-01,4,2023-11-01,1
C1112,2023-07-01,5,2023-12-01,1
C1112,2023-07-01,6,2024-01-01,1
C1112,2023-07-01,7,2024-02-01,1
C1112,2023-07-01,8,2024-03-01,1
C1112,2023-07-01,9,2024-04-01,1
C1112,2023-07-01,10,2024-05-01,1
C1112,2023-07-01,11,2024-06-01,1
C1112,2023-07-01,12,2024-07-01,1
C1112,2023-07-01,13,2024-08-01,1
C1112,2023-07-01,14,2024-09-01,1
C1112,2023-07-01,15,2024-10-01,1
C1112,2023-07-01,16,2024-11-01,0
C1112,2023-07-01,17,2024-12-01,0
C1113,2024-09-01,0,2024-09-01,1
C1113,2024-09-01,1,2024-10-01,1
C1113,2024-09-01,2,2024-11-01,1
C1113,2024-09-01,3,2024-12-01,1
C1114,2024-11-01,0,2024-11-01,1
C1114,2024-11-01,1,2024-12-01,1
C1115,2024-09-01,0,2024-09-01,1
C1115,2024-09-01,1,2024-10-01,1
C1115,2024-09-01,2,2024-11-01,1
C1115,2024-09-01,3,2024-12-01,1
C1116,2024-12-01,0,2024-12-01,1
C1117,2024-01-01,0,2024-01-01,1
C1117,2024-01-01,1,2024-02-01,1
C1117,2024-01-01,2,2024-03-01,1
C1117,2024-01-01,3,2024-04-01,0
C1117,2024-01-01,4,2024-05-01,0
C1117,2024-01-01,5,2024-06-01,0
C1117,2024-01-01,6,2024-07-01,0
C1117,2024-01-01,7,2024-08-01,0
C1117,2024-01-01,8,2024-09-01,0
C1117,2024-01-01,9,2024-10-01,0
C1117,2024-01-01,10,2024-11-01,0
C1117,2024-01-01,11,2024-12-01,0
C1118,2024-07-01,0,2024-07-01,1
C1118,2024-07-01,1,2024-08-01,1
C1118,2024-07-01,2,2024-09-01,1
C1118,2024-07-01,3,2024-10-01,1
C1118,2024-07-01,4,2024-11-01,1
C1118,2024-07-01,5,2024-12-01,1
C1119,2023-07-01,0,2023-07-01,1
C1119,2023-07-01,1,2023-08-01,1
C1119,2023-07-01,2,2023-09-01,1
C1119,2023-07-01,3,2023-10-01,1
C1119,2023-07-01,4,2023-11-01,1
C1119,2023-07-01,5,2023-12-01,1
C1119,2023-07-01,6,2024-01-01,1
C1119,2023-07-01,7,2024-02-01,1
C1119,2023-07-01,8,2024-03-01,1
C1119,2023-07-01,9,2024-04-01,1
C1119,2023-07-01,10,2024-05-01,1
C1119,2023-07-01,11,2024-06-01,1
C1119,2023-07-01,12,2024-07-01,1
C1119,2023-07-01,13,2024-08-01,1
C1119,2023-07-01,14,2024-09-01,1
C1119,2023-07-01,15,2024-10-01,1
C1119,2023-07-01,16,2024-11-01,1
C1119,2023-07-01,17,2024-12-01,1
C1120,2024-06-01,0,2024-06-01,1
C1120,2024-06-01,1,2024-07-01,1
C1120,2024-06-01,2,2024-08-01,1
C1120,2024-06-01,3,2024-09-01,1
C1120,2024-06-01,4,2024-10-01,1
C1120,2024-06-01,5,2024-11-01,1
C1120,2024-06-01,6,2024-12-01,1
C1121,2023-04-01,0,2023-04-01,1
C1121,2023-04-01,1,2023-05-01,1
C1121,2023-04-01,2,2023-06-01,1
C1121,2023-04-01,3,2023-07-01,1
C1121,2023-04-01,4,2023-08-01,1
C1121,2023-04-01,5,2023-09-01,1
C1121,2023-04-01,6,2023-10-01,1
C1121,2023-04-01,7,2023-11-01,1
C1121,2023-04-01,8,2023-12-01,1
C1121,2023-04-01,9,2024-01-01,1
C1121,2023-04-01,10,2024-02-01,1
C1121,2023-04-01,11,2024-03-01,1
C1121,2023-04-01,12,2024-04-01,1
C1121,2023-04-01,13,2024-05-01,1
C1121,2023-04-01,14,2024-06-01,1
C1121,2023-04-01,15,2024-07-01,1
C1121,2023-04-01,16,2024-08-01,1
C1121,2023-04-01,17,2024-09-01,1
C1121,2023-04-01,18,2024-10-01,1
C1121,2023-04-01,19,2024-11-01,1
C1121,2023-04-01,20,2024-12-01,1
C1122,2024-04-01,0,2024-04-01,1
C1122,2024-04-01,1,2024-05-01,1
C1122,2024-04-01,2,2024-06-01,1
C1122,2024-04-01,3,2024-07-01,1
C1122,2024-04-01,4,2024-08-01,1
C1122,2024-04-01,5,2024-09-01,1
C1122,2024-04-01,6,2024-10-01,1
C1122,2024-04-01,7,2024-11-01,1
C1122,2024-04-01,8,2024-12-01,0
C1123,2024-05-01,0,2024-05-01,1
C1123,2024-05-01,1,2024-06-01,1
C1123,2024-05-01,2,2024-07-01,1
C1123,2024-05-01,3,2024-08-01,1
C1123,2024-05-01,4,2024-09-01,1
C1123,2024-05-01,5,2024-10-01,1
C1123,2024-05-01,6,2024-11-01,1
C1123,2024-05-01,7,2024-12-01,1
C1124,2024-08-01,0,2024-08-01,1
C1124,2024-08-01,1,2024-09-01,1
C1124,2024-08-01,2,2024-10-01,1
C1124,2024-08-01,3,2024-11-01,1
C1124,2024-08-01,4,2024-12-01,1
C1125,2023-06-01,0,2023-06-01,1
C1125,2023-06-01,1,2023-07-01,1
C1125,2023-06-01,2,2023-08-01,1
C1125,2023-06-01,3,2023-09-01,1
C1125,2023-06-01,4,2023-10-01,1
C1125,2023-06-01,5,2023-11-01,1
C1125,2023-06-01,6,2023-12-01,1
C1125,2023-06-01,7,2024-01-01,1
C1125,2023-06-01,8,2024-02-01,1
C1125,2023-06-01,9,2024-03-01,1
C1125,2023-06-01,10,2024-04-01,1
C1125,2023-06-01,11,2024-05-01,1
C1125,2023-06-01,12,2024-06-01,1
C1125,2023-06-01,13,2024-07-01,1
C1125,2023-06-01,14,2024-08-01,0
C1125,2023-06-01,15,2024-09-01,0
C1125,2023-06-01,16,2024-10-01,0
C1125,2023-06-01,17,2024-11-01,0
C1125,2023-06-01,18,2024-12-01,0
C1126,2023-10-01,0,2023-10-01,1
C1126,2023-10-01,1,2023-11-01,1
C1126,2023-10-01,2,2023-12-01,1
C1126,2023-10-01,3,2024-01-01,1
C1126,2023-10-01,4,2024-02-01,1
C1126,2023-10-01,5,2024-03-01,1
C1126,2023-10-01,6,2024-04-01,1
C1126,2023-10-01,7,2024-05-01,1
C1126,2023-10-01,8,2024-06-01,1
C1126,2023-10-01,9,2024-07-01,1
C1126,2023-10-01,10,2024-08-01,1
C1126,2023-10-01,11,2024-09-01,1
C1126,2023-10-01,12,2024-10-01,1
C1126,2023-10-01,13,2024-11-01,1
C1126,2023-10-01,14,2024-12-01,1
C1127,2024-03-01,0,2024-03-01,1
C1127,2024-03-01,1,2024-04-01,1
C1127,2024-03-01,2,2024-05-01,1
C1127,2024-03-01,3,2024-06-01,1
C1127,2024-03-01,4,2024-07-01,1
C1127,2024-03-01,5,2024-08-01,1
C1127,2024-03-01,6,2024-09-01,1
C1127,2024-03-01,7,2024-10-01,1
C1127,2024-03-01,8,2024-11-01,1
C1127,2024-03-01,9,2024-12-01,1
C1128,2023-09-01,0,2023-09-01,1
C1128,2023-09-01,1,2023-10-01,1
C1128,2023-09-01,2,2023-11-01,1
C1128,2023-09-01,3,2023-12-01,1
C1128,2023-09-01,4,2024-01-01,1
C1128,2023-09-01,5,2024-02-01,1
C1128,2023-09-01,6,2024-03-01,1
C1128,2023-09-01,7,2024-04-01,1
C1128,2023-09-01,8,2024-05-01,1
C1128,2023-09-01,9,2024-06-01,1
C1128,2023-09-01,10,2024-07-01,1
C1128,2023-09-01,11,2024-08-01,1
C1128,2023-09-01,12,2024-09-01,1
C1128,2023-09-01,13,2024-10-01,1
C1128,2023-09-01,14,2024-11-01,1
C1128,2023-09-01,15,2024-12-01,1
C1129,2024-05-01,0,2024-05-01,1
C1129,2024-05-01,1,2024-06-01,1
C1129,2024-05-01,2,2024-07-01,1
C1129,2024-05-01,3,2024-08-01,1
C1129,2024-05-01,4,2024-09-01,1
C1129,2024-05-01,5,2024-10-01,1
C1129,2024-05-01,6,2024-11-01,1
C1129,2024-05-01,7,2024-12-01,1
C1130,2024-03-01,0,2024-03-01,1
C1130,2024-03-01,1,2024-04-01,1
C1130,2024-03-01,2,2024-05-01,1
C1130,2024-03-01,3,2024-06-01,1
C1130,2024-03-01,4,2024-07-01,1
C1130,2024-03-01,5,2024-08-01,1
C1130,2024-03-01,6,2024-09-01,1
C1130,2024-03-01,7,2024-10-01,1
C1130,2024-03-01,8,2024-11-01,1
C1130,2024-03-01,9,2024-12-01,1
C1131,2023-05-01,0,2023-05-01,1
C1131,2023-05-01,1,2023-06-01,1
C1131,2023-05-01,2,2023-07-01,1
C1131,2023-05-01,3,2023-08-01,1
C1131,2023-05-01,4,2023-09-01,1
C1131,2023-05-01,5,2023-10-01,1
C1131,2023-05-01,6,2023-11-01,1
C1131,2023-05-01,7,2023-12-01,1
C1131,2023-05-01,8,2024-01-01,1
C1131,2023-05-01,9,2024-02-01,1
C1131,2023-05-01,10,2024-03-01,1
C1131,2023-05-01,11,2024-04-01,1
C1131,2023-05-01,12,2024-05-01,1
C1131,2023-05-01,13,2024-06-01,1
C1131,2023-05-01,14,2024-07-01,1
C1131,2023-05-01,15,2024-08-01,1
C1131,2023-05-01,16,2024-09-01,1
C1131,2023-05-01,17,2024-10-01,1
C1131,2023-05-01,18,2024-11-01,1
C1131,2023-05-01,19,2024-12-01,1
C1132,2023-12-01,0,2023-12-01,1
C1132,2023-12-01,1,2024-01-01,1
C1132,2023-12-01,2,2024-02-01,1
C1132,2023-12-01,3,2024-03-01,1
C1132,2023-12-01,4,2024-04-01,1
C1132,2023-12-01,5,2024-05-01,1
C1132,2023-12-01,6,2024-06-01,1
C1132,2023-12-01,7,2024-07-01,1
C1132,2023-12-01,8,2024-08-01,1
C1132,2023-12-01,9,2024-09-01,1
C1132,2023-12-01,10,2024-10-01,1
C1132,2023-12-01,11,2024-11-01,1
C1132,2023-12-01,12,2024-12-01,1
C1134,2023-01-01,0,2023-01-01,1
C1134,2023-01-01,1,2023-02-01,1
C1134,2023-01-01,2,2023-03-01,1
C1134,2023-01-01,3,2023-04-01,1
C1134,2023-01-01,4,2023-05-01,1
C1134,2023-01-01,5,2023-06-01,1
C1134,2023-01-01,6,2023-07-01,1
C1134,2023-01-01,7,2023-08-01,1
C1134,2023-01-01,8,2023-09-01,1
C1134,2023-01-01,9,2023-10-01,1
C1134,2023-01-01,10,2023-11-01,1
C1134,2023-01-01,11,2023-12-01,1
C1134,2023-01-01,12,2024-01-01,1
C1134,2023-01-01,13,2024-02-01,1
C1134,2023-01-01,14,2024-03-01,1
C1134,2023-01-01,15,2024-04-01,1
C1134,2023-01-01,16,2024-05-01,1
C1134,2023-01-01,17,2024-06-01,1
C1134,2023-01-01,18,2024-07-01,1
C1134,2023-01-01,19,2024-08-01,1
C1134,2023-01-01,20,2024-09-01,1
C1134,2023-01-01,21,2024-10-01,1
C1134,2023-01-01,22,2024-11-01,1
C1134,2023-01-01,23,2024-12-01,1
C1135,2023-11-01,0,2023-11-01,1
C1135,2023-11-01,1,2023-12-01,1
C1135,2023-11-01,2,2024-01-01,1
C1135,2023-11-01,3,2024-02-01,1
C1135,2023-11-01,4,2024-03-01,1
C1135,2023-11-01,5,2024-04-01,1
C1135,2023-11-01,6,2024-05-01,1
C1135,2023-11-01,7,2024-06-01,1
C1135,2023-11-01,8,2024-07-01,1
C1135,2023-11-01,9,2024-08-01,1
C1135,2023-11-01,10,2024-09-01,1
C1135,2023-11-01,11,2024-10-01,1
C1135,2023-11-01,12,2024-11-01,1
C1135,2023-11-01,13,2024-12-01,1
C1136,2024-04-01,0,2024-04-01,1
C1136,2024-04-01,1,2024-05-01,1
C1136,2024-04-01,2,2024-06-01,1
C1136,2024-04-01,3,2024-07-01,1
C1136,2024-04-01,4,2024-08-01,1
C1136,2024-04-01,5,2024-09-01,1
C1136,2024-04-01,6,2024-10-01,1
C1136,2024-04-01,7,2024-11-01,1
C1136,2024-04-01,8,2024-12-01,1
C1137,2023-08-01,0,2023-08-01,1
C1137,2023-08-01,1,2023-09-01,1
C1137,2023-08-01,2,2023-10-01,1
C1137,2023-08-01,3,2023-11-01,1
C1137,2023-08-01,4,2023-12-01,1
C1137,2023-08-01,5,2024-01-01,1
C1137,2023-08-01,6,2024-02-01,1
C1137,2023-08-01,7,2024-03-01,1
C1137,2023-08-01,8,2024-04-01,0
C1137,2023-08-01,9,2024-05-01,0
C1137,2023-08-01,10,2024-06-01,0
C1137,2023-08-01,11,2024-07-01,0
C1137,2023-08-01,12,2024-08-01,0
C1137,2023-08-01,13,2024-09-01,0
C1137,2023-08-01,14,2024-10-01,0
C1137,2023-08-01,15,2024-11-01,0
C1137,2023-08-01,16,2024-12-01,0
C1138,2024-10-01,0,2024-10-01,1
C1138,2024-10-01,1,2024-11-01,1
C1138,2024-10-01,2,2024-12-01,1
C1139,2023-07-01,0,2023-07-01,1
C1139,2023-07-01,1,2023-08-01,1
C1139,2023-07-01,2,2023-09-01,1
C1139,2023-07-01,3,2023-10-01,1
C1139,2023-07-01,4,2023-11-01,1
C1139,2023-07-01,5,2023-12-01,1
C1139,2023-07-01,6,2024-01-01,1
C1139,2023-07-01,7,2024-02-01,1
C1139,2023-07-01,8,2024-03-01,1
C1139,2023-07-01,9,2024-04-01,1
C1139,2023-07-01,10,2024-05-01,1
C1139,2023-07-01,11,2024-06-01,1
C1139,2023-07-01,12,2024-07-01,1
C1139,2023-07-01,13,2024-08-01,1
C1139,2023-07-01,14,2024-09-01,1
C1139,2023-07-01,15,2024-10-01,1
C1139,2023-07-01,16,2024-11-01,1
C1139,2023-07-01,17,2024-12-01,1
C1140,2024-07-01,0,2024-07-01,1
C1140,2024-07-01,1,2024-08-01,1
C1140,2024-07-01,2,2024-09-01,1
C1140,2024-07-01,3,2024-10-01,1
C1140,2024-07-01,4,2024-11-01,0
C1140,2024-07-01,5,2024-12-01,0
C1141,2023-02-01,0,2023-02-01,1
C1141,2023-02-01,1,2023-03-01,1
C1141,2023-02-01,2,2023-04-01,1
C1141,2023-02-01,3,2023-05-01,1
C1141,2023-02-01,4,2023-06-01,1
C1141,2023-02-01,5,2023-07-01,1
C1141,2023-02-01,6,2023-08-01,1
C1141,2023-02-01,7,2023-09-01,1
C1141,2023-02-01,8,2023-10-01,1
C1141,2023-02-01,9,2023-11-01,1
C1141,2023-02-01,10,2023-12-01,1
C1141,2023-02-01,11,2024-01-01,1
C1141,2023-02-01,12,2024-02-01,1
C1141,2023-02-01,13,2024-03-01,1
C1141,2023-02-01,14,2024-04-01,1
C1141,2023-02-01,15,2024-05-01,1
C1141,2023-02-01,16,2024-06-01,1
C1141,2023-02-01,17,2024-07-01,1
C1141,2023-02-01,18,2024-08-01,1
C1141,2023-02-01,19,2024-09-01,1
C1141,2023-02-01,20,2024-10-01,1
C1141,2023-02-01,21,2024-11-01,1
C1141,2023-02-01,22,2024-12-01,1
C1142,2023-03-01,0,2023-03-01,1
C1142,2023-03-01,1,2023-04-01,1
C1142,2023-03-01,2,2023-05-01,1
C1142,2023-03-01,3,2023-06-01,1
C1142,2023-03-01,4,2023-07-01,1
C1142,2023-03-01,5,2023-08-01,1
C1142,2023-03-01,6,2023-09-01,1
C1142,2023-03-01,7,2023-10-01,1
C1142,2023-03-01,8,2023-11-01,1
C1142,2023-03-01,9,2023-12-01,1
C1142,2023-03-01,10,2024-01-01,1
C1142,2023-03-01,11,2024-02-01,1
C1142,2023-03-01,12,2024-03-01,1
C1142,2023-03-01,13,2024-04-01,1
C1142,2023-03-01,14,2024-05-01,1
C1142,2023-03-01,15,2024-06-01,1
C1142,2023-03-01,16,2024-07-01,1
C1142,2023-03-01,17,2024-08-01,1
C1142,2023-03-01,18,2024-09-01,1
C1142,2023-03-01,19,2024-10-01,1
C1142,2023-03-01,20,2024-11-01,1
C1142,2023-03-01,21,2024-12-01,1
C1143,2023-02-01,0,2023-02-01,1
C1143,2023-02-01,1,2023-03-01,1
C1143,2023-02-01,2,2023-04-01,1
C1143,2023-02-01,3,2023-05-01,1
C1143,2023-02-01,4,2023-06-01,1
C1143,2023-02-01,5,2023-07-01,1
C1143,2023-02-01,6,2023-08-01,1
C1143,2023-02-01,7,2023-09-01,1
C1143,2023-02-01,8,2023-10-01,1
C1143,2023-02-01,9,2023-11-01,1
C1143,2023-02-01,10,2023-12-01,1
C1143,2023-02-01,11,2024-01-01,1
C1143,2023-02-01,12,2024-02-01,1
C1143,2023-02-01,13,2024-03-01,1
C1143,2023-02-01,14,2024-04-01,1
C1143,2023-02-01,15,2024-05-01,1
C1143,2023-02-01,16,2024-06-01,0
C1143,2023-02-01,17,2024-07-01,0
C1143,2023-02-01,18,2024-08-01,0
C1143,2023-02-01,19,2024-09-01,0
C1143,2023-02-01,20,2024-10-01,0
C1143,2023-02-01,21,2024-11-01,0
C1143,2023-02-01,22,2024-12-01,0
C1144,2024-01-01,0,2024-01-01,1
C1144,2024-01-01,1,2024-02-01,1
C1144,2024-01-01,2,2024-03-01,1
C1144,2024-01-01,3,2024-04-01,1
C1144,2024-01-01,4,2024-05-01,1
C1144,2024-01-01,5,2024-06-01,1
C1144,2024-01-01,6,2024-07-01,1
C1144,2024-01-01,7,2024-08-01,1
C1144,2024-01-01,8,2024-09-01,1
C1144,2024-01-01,9,2024-10-01,1
C1144,2024-01-01,10,2024-11-01,1
C1144,2024-01-01,11,2024-12-01,1
C1145,2023-03-01,0,2023-03-01,1
C1145,2023-03-01,1,2023-04-01,1
C1145,2023-03-01,2,2023-05-01,1
C1145,2023-03-01,3,2023-06-01,1
C1145,2023-03-01,4,2023-07-01,1
C1145,2023-03-01,5,2023-08-01,1
C1145,2023-03-01,6,2023-09-01,1
C1145,2023-03-01,7,2023-10-01,1
C1145,2023-03-01,8,2023-11-01,1
C1145,2023-03-01,9,2023-12-01,1
C1145,2023-03-01,10,2024-01-01,1
C1145,2023-03-01,11,2024-02-01,1
C1145,2023-03-01,12,2024-03-01,1
C1145,2023-03-01,13,2024-04-01,1
C1145,2023-03-01,14,2024-05-01,1
C1145,2023-03-01,15,2024-06-01,1
C1145,2023-03-01,16,2024-07-01,1
C1145,2023-03-01,17,2024-08-01,1
C1145,2023-03-01,18,2024-09-01,1
C1145,2023-03-01,19,2024-10-01,1
C1145,2023-03-01,20,2024-11-01,1
C1145,2023-03-01,21,2024-12-01,1
C1146,2023-01-01,0,2023-01-01,1
C1146,2023-01-01,1,2023-02-01,1
C1146,2023-01-01,2,2023-03-01,1
C1146,2023-01-01,3,2023-04-01,1
C1146,2023-01-01,4,2023-05-01,1
C1146,2023-01-01,5,2023-06-01,1
C1146,2023-01-01,6,2023-07-01,1
C1146,2023-01-01,7,2023-08-01,1
C1146,2023-01-01,8,2023-09-01,1
C1146,2023-01-01,9,2023-10-01,1
C1146,2023-01-01,10,2023-11-01,1
C1146,2023-01-01,11,2023-12-01,1
C1146,2023-01-01,12,2024-01-01,1
C1146,2023-01-01,13,2024-02-01,1
C1146,2023-01-01,14,2024-03-01,1
C1146,2023-01-01,15,2024-04-01,1
C1146,2023-01-01,16,2024-05-01,1
C1146,2023-01-01,17,2024-06-01,1
C1146,2023-01-01,18,2024-07-01,1
C1146,2023-01-01,19,2024-08-01,1
C1146,2023-01-01,20,2024-09-01,1
C1146,2023-01-01,21,2024-10-01,1
C1146,2023-01-01,22,2024-11-01,1
C1146,2023-01-01,23,2024-12-01,1
C1147,2023-11-01,0,2023-11-01,1
C1147,2023-11-01,1,2023-12-01,1
C1147,2023-11-01,2,2024-01-01,1
C1147,2023-11-01,3,2024-02-01,1
C1147,2023-11-01,4,2024-03-01,1
C1147,2023-11-01,5,2024-04-01,1
C1147,2023-11-01,6,2024-05-01,1
C1147,2023-11-01,7,2024-06-01,1
C1147,2023-11-01,8,2024-07-01,1
C1147,2023-11-01,9,2024-08-01,1
C1147,2023-11-01,10,2024-09-01,1
C1147,2023-11-01,11,2024-10-01,1
C1147,2023-11-01,12,2024-11-01,1
C1147,2023-11-01,13,2024-12-01,1
C1148,2024-09-01,0,2024-09-01,1
C1148,2024-09-01,1,2024-10-01,1
C1148,2024-09-01,2,2024-11-01,1
C1148,2024-09-01,3,2024-12-01,1
C1149,2023-04-01,0,2023-04-01,1
C1149,2023-04-01,1,2023-05-01,1
C1149,2023-04-01,2,2023-06-01,1
C1149,2023-04-01,3,2023-07-01,1
C1149,2023-04-01,4,2023-08-01,1
C1149,2023-04-01,5,2023-09-01,1
C1149,2023-04-01,6,2023-10-01,1
C1149,2023-04-01,7,2023-11-01,1
C1149,2023-04-01,8,2023-12-01,1
C1149,2023-04-01,9,2024-01-01,1
C1149,2023-04-01,10,2024-02-01,1
C1149,2023-04-01,11,2024-03-01,1
C1149,2023-04-01,12,2024-04-01,1
C1149,2023-04-01,13,2024-05-01,1
C1149,2023-04-01,14,2024-06-01,1
C1149,2023-04-01,15,2024-07-01,1
C1149,2023-04-01,16,2024-08-01,1
C1149,2023-04-01,17,2024-09-01,1
C1149,2023-04-01,18,2024-10-01,1
C1149,2023-04-01,19,2024-11-01,1
C1149,2023-04-01,20,2024-12-01,1
C1151,2023-07-01,0,2023-07-01,1
C1151,2023-07-01,1,2023-08-01,1
C1151,2023-07-01,2,2023-09-01,1
C1151,2023-07-01,3,2023-10-01,1
C1151,2023-07-01,4,2023-11-01,1
C1151,2023-07-01,5,2023-12-01,1
C1151,2023-07-01,6,2024-01-01,1
C1151,2023-07-01,7,2024-02-01,1
C1151,2023-07-01,8,2024-03-01,1
C1151,2023-07-01,9,2024-04-01,1
C1151,2023-07-01,10,2024-05-01,1
C1151,2023-07-01,11,2024-06-01,1
C1151,2023-07-01,12,2024-07-01,1
C1151,2023-07-01,13,2024-08-01,1
C1151,2023-07-01,14,2024-09-01,1
C1151,2023-07-01,15,2024-10-01,1
C1151,2023-07-01,16,2024-11-01,1
C1151,2023-07-01,17,2024-12-01,0
C1152,2024-08-01,0,2024-08-01,1
C1152,2024-08-01,1,2024-09-01,1
C1152,2024-08-01,2,2024-10-01,1
C1152,2024-08-01,3,2024-11-01,1
C1152,2024-08-01,4,2024-12-01,1
C1153,2024-08-01,0,2024-08-01,1
C1153,2024-08-01,1,2024-09-01,1
C1153,2024-08-01,2,2024-10-01,1
C1153,2024-08-01,3,2024-11-01,1
C1153,2024-08-01,4,2024-12-01,1
C1154,2024-10-01,0,2024-10-01,1
C1154,2024-10-01,1,2024-11-01,1
C1154,2024-10-01,2,2024-12-01,1
C1155,2023-09-01,0,2023-09-01,1
C1155,2023-09-01,1,2023-10-01,1
C1155,2023-09-01,2,2023-11-01,1
C1155,2023-09-01,3,2023-12-01,1
C1155,2023-09-01,4,2024-01-01,1
C1155,2023-09-01,5,2024-02-01,1
C1155,2023-09-01,6,2024-03-01,1
C1155,2023-09-01,7,2024-04-01,1
C1155,2023-09-01,8,2024-05-01,1
C1155,2023-09-01,9,2024-06-01,1
C1155,2023-09-01,10,2024-07-01,1
C1155,2023-09-01,11,2024-08-01,1
C1155,2023-09-01,12,2024-09-01,1
C1155,2023-09-01,13,2024-10-01,1
C1155,2023-09-01,14,2024-11-01,1
C1155,2023-09-01,15,2024-12-01,1
C1156,2024-03-01,0,2024-03-01,1
C1156,2024-03-01,1,2024-04-01,1
C1156,2024-03-01,2,2024-05-01,1
C1156,2024-03-01,3,2024-06-01,1
C1156,2024-03-01,4,2024-07-01,1
C1156,2024-03-01,5,2024-08-01,1
C1156,2024-03-01,6,2024-09-01,1
C1156,2024-03-01,7,2024-10-01,1
C1156,2024-03-01,8,2024-11-01,1
C1156,2024-03-01,9,2024-12-01,1
C1157,2024-02-01,0,2024-02-01,1
C1157,2024-02-01,1,2024-03-01,1
C1157,2024-02-01,2,2024-04-01,1
C1157,2024-02-01,3,2024-05-01,1
C1157,2024-02-01,4,2024-06-01,1
C1157,2024-02-01,5,2024-07-01,1
C1157,2024-02-01,6,2024-08-01,1
C1157,2024-02-01,7,2024-09-01,1
C1157,2024-02-01,8,2024-10-01,1
C1157,2024-02-01,9,2024-11-01,1
C1157,2024-02-01,10,2024-12-01,1
C1158,2023-03-01,0,2023-03-01,1
C1158,2023-03-01,1,2023-04-01,1
C1158,2023-03-01,2,2023-05-01,1
C1158,2023-03-01,3,2023-06-01,1
C1158,2023-03-01,4,2023-07-01,1
C1158,2023-03-01,5,2023-08-01,1
C1158,2023-03-01,6,2023-09-01,1
C1158,2023-03-01,7,2023-10-01,1
C1158,2023-03-01,8,2023-11-01,1
C1158,2023-03-01,9,2023-12-01,1
C1158,2023-03-01,10,2024-01-01,1
C1158,2023-03-01,11,2024-02-01,1
C1158,2023-03-01,12,2024-03-01,1
C1158,2023-03-01,13,2024-04-01,1
C1158,2023-03-01,14,2024-05-01,1
C1158,2023-03-01,15,2024-06-01,1
C1158,2023-03-01,16,2024-07-01,1
C1158,2023-03-01,17,2024-08-01,1
C1158,2023-03-01,18,2024-09-01,1
C1158,2023-03-01,19,2024-10-01,1
C1158,2023-03-01,20,2024-11-01,1
C1158,2023-03-01,21,2024-12-01,1
C1159,2024-09-01,0,2024-09-01,1
C1159,2024-09-01,1,2024-10-01,1
C1159,2024-09-01,2,2024-11-01,1
C1159,2024-09-01,3,2024-12-01,1
C1160,2024-12-01,0,2024-12-01,1
C1161,2024-05-01,0,2024-05-01,1
C1161,2024-05-01,1,2024-06-01,1
C1161,2024-05-01,2,2024-07-01,1
C1161,2024-05-01,3,2024-08-01,1
C1161,2024-05-01,4,2024-09-01,1
C1161,2024-05-01,5,2024-10-01,1
C1161,2024-05-01,6,2024-11-01,1
C1161,2024-05-01,7,2024-12-01,1
C1162,2024-09-01,0,2024-09-01,1
C1162,2024-09-01,1,2024-10-01,1
C1162,2024-09-01,2,2024-11-01,1
C1162,2024-09-01,3,2024-12-01,1
C1163,2023-09-01,0,2023-09-01,1
C1163,2023-09-01,1,2023-10-01,1
C1163,2023-09-01,2,2023-11-01,1
C1163,2023-09-01,3,2023-12-01,1
C1163,2023-09-01,4,2024-01-01,1
C1163,2023-09-01,5,2024-02-01,1
C1163,2023-09-01,6,2024-03-01,1
C1163,2023-09-01,7,2024-04-01,1
C1163,2023-09-01,8,2024-05-01,1
C1163,2023-09-01,9,2024-06-01,1
C1163,2023-09-01,10,2024-07-01,1
C1163,2023-09-01,11,2024-08-01,1
C1163,2023-09-01,12,2024-09-01,1
C1163,2023-09-01,13,2024-10-01,1
C1163,2023-09-01,14,2024-11-01,1
C1163,2023-09-01,15,2024-12-01,1
C1164,2023-10-01,0,2023-10-01,1
C1164,2023-10-01,1,2023-11-01,1
C1164,2023-10-01,2,2023-12-01,1
C1164,2023-10-01,3,2024-01-01,1
C1164,2023-10-01,4,2024-02-01,1
C1164,2023-10-01,5,2024-03-01,1
C1164,2023-10-01,6,2024-04-01,1
C1164,2023-10-01,7,2024-05-01,1
C1164,2023-10-01,8,2024-06-01,1
C1164,2023-10-01,9,2024-07-01,1
C1164,2023-10-01,10,2024-08-01,1
C1164,2023-10-01,11,2024-09-01,1
C1164,2023-10-01,12,2024-10-01,1
C1164,2023-10-01,13,2024-11-01,1
C1164,2023-10-01,14,2024-12-01,1
C1165,2024-03-01,0,2024-03-01,1
C1165,2024-03-01,1,2024-04-01,1
C1165,2024-03-01,2,2024-05-01,1
C1165,2024-03-01,3,2024-06-01,1
C1165,2024-03-01,4,2024-07-01,1
C1165,2024-03-01,5,2024-08-01,1
C1165,2024-03-01,6,2024-09-01,1
C1165,2024-03-01,7,2024-10-01,1
C1165,2024-03-01,8,2024-11-01,1
C1165,2024-03-01,9,2024-12-01,1
C1166,2024-08-01,0,2024-08-01,1
C1166,2024-08-01,1,2024-09-01,1
C1166,2024-08-01,2,2024-10-01,1
C1166,2024-08-01,3,2024-11-01,1
C1166,2024-08-01,4,2024-12-01,1
C1167,2023-04-01,0,2023-04-01,1
C1167,2023-04-01,1,2023-05-01,1
C1167,2023-04-01,2,2023-06-01,1
C1167,2023-04-01,3,2023-07-01,1
C1167,2023-04-01,4,2023-08-01,1
C1167,2023-04-01,5,2023-09-01,1
C1167,2023-04-01,6,2023-10-01,1
C1167,2023-04-01,7,2023-11-01,1
C1167,2023-04-01,8,2023-12-01,1
C1167,2023-04-01,9,2024-01-01,1
C1167,2023-04-01,10,2024-02-01,1
C1167,2023-04-01,11,2024-03-01,1
C1167,2023-04-01,12,2024-04-01,1
C1167,2023-04-01,13,2024-05-01,1
C1167,2023-04-01,14,2024-06-01,1
C1167,2023-04-01,15,2024-07-01,1
C1167,2023-04-01,16,2024-08-01,1
C1167,2023-04-01,17,2024-09-01,1
C1167,2023-04-01,18,2024-10-01,1
C1167,2023-04-01,19,2024-11-01,1
C1167,2023-04-01,20,2024-12-01,1
C1168,2023-10-01,0,2023-10-01,1
C1168,2023-10-01,1,2023-11-01,1
C1168,2023-10-01,2,2023-12-01,1
C1168,2023-10-01,3,2024-01-01,1
C1168,2023-10-01,4,2024-02-01,1
C1168,2023-10-01,5,2024-03-01,1
C1168,2023-10-01,6,2024-04-01,1
C1168,2023-10-01,7,2024-05-01,1
C1168,2023-10-01,8,2024-06-01,1
C1168,2023-10-01,9,2024-07-01,1
C1168,2023-10-01,10,2024-08-01,1
C1168,2023-10-01,11,2024-09-01,1
C1168,2023-10-01,12,2024-10-01,1
C1168,2023-10-01,13,2024-11-01,1
C1168,2023-10-01,14,2024-12-01,1
C1169,2024-09-01,0,2024-09-01,1
C1169,2024-09-01,1,2024-10-01,1
C1169,2024-09-01,2,2024-11-01,1
C1169,2024-09-01,3,2024-12-01,1
C1170,2023-12-01,0,2023-12-01,1
C1170,2023-12-01,1,2024-01-01,1
C1170,2023-12-01,2,2024-02-01,1
C1170,2023-12-01,3,2024-03-01,1
C1170,2023-12-01,4,2024-04-01,1
C1170,2023-12-01,5,2024-05-01,1
C1170,2023-12-01,6,2024-06-01,0
C1170,2023-12-01,7,2024-07-01,0
C1170,2023-12-01,8,2024-08-01,0
C1170,2023-12-01,9,2024-09-01,0
C1170,2023-12-01,10,2024-10-01,0
C1170,2023-12-01,11,2024-11-01,0
C1170,2023-12-01,12,2024-12-01,0
C1171,2023-11-01,0,2023-11-01,1
C1171,2023-11-01,1,2023-12-01,1
C1171,2023-11-01,2,2024-01-01,1
C1171,2023-11-01,3,2024-02-01,1
C1171,2023-11-01,4,2024-03-01,1
C1171,2023-11-01,5,2024-04-01,1
C1171,2023-11-01,6,2024-05-01,1
C1171,2023-11-01,7,2024-06-01,1
C1171,2023-11-01,8,2024-07-01,1
C1171,2023-11-01,9,2024-08-01,1
C1171,2023-11-01,10,2024-09-01,1
C1171,2023-11-01,11,2024-10-01,1
C1171,2023-11-01,12,2024-11-01,1
C1171,2023-11-01,13,2024-12-01,1
C1172,2024-11-01,0,2024-11-01,1
C1172,2024-11-01,1,2024-12-01,1
C1173,2024-09-01,0,2024-09-01,1
C1173,2024-09-01,1,2024-10-01,1
C1173,2024-09-01,2,2024-11-01,1
C1173,2024-09-01,3,2024-12-01,1
C1174,2024-08-01,0,2024-08-01,1
C1174,2024-08-01,1,2024-09-01,1
C1174,2024-08-01,2,2024-10-01,1
C1174,2024-08-01,3,2024-11-01,1
C1174,2024-08-01,4,2024-12-01,1
C1175,2023-05-01,0,2023-05-01,1
C1175,2023-05-01,1,2023-06-01,1
C1175,2023-05-01,2,2023-07-01,1
C1175,2023-05-01,3,2023-08-01,1
C1175,2023-05-01,4,2023-09-01,1
C1175,2023-05-01,5,2023-10-01,1
C1175,2023-05-01,6,2023-11-01,1
C1175,2023-05-01,7,2023-12-01,1
C1175,2023-05-01,8,2024-01-01,1
C1175,2023-05-01,9,2024-02-01,1
C1175,2023-05-01,10,2024-03-01,1
C1175,2023-05-01,11,2024-04-01,1
C1175,2023-05-01,12,2024-05-01,1
C1175,2023-05-01,13,2024-06-01,1
C1175,2023-05-01,14,2024-07-01,1
C1175,2023-05-01,15,2024-08-01,1
C1175,2023-05-01,16,2024-09-01,1
C1175,2023-05-01,17,2024-10-01,1
C1175,2023-05-01,18,2024-11-01,1
C1175,2023-05-01,19,2024-12-01,1
C1176,2024-08-01,0,2024-08-01,1
C1176,2024-08-01,1,2024-09-01,1
C1176,2024-08-01,2,2024-10-01,1
C1176,2024-08-01,3,2024-11-01,1
C1176,2024-08-01,4,2024-12-01,1
C1177,2023-11-01,0,2023-11-01,1
C1177,2023-11-01,1,2023-12-01,1
C1177,2023-11-01,2,2024-01-01,1
C1177,2023-11-01,3,2024-02-01,1
C1177,2023-11-01,4,2024-03-01,1
C1177,2023-11-01,5,2024-04-01,1
C1177,2023-11-01,6,2024-05-01,1
C1177,2023-11-01,7,2024-06-01,1
C1177,2023-11-01,8,2024-07-01,1
C1177,2023-11-01,9,2024-08-01,1
C1177,2023-11-01,10,2024-09-01,1
C1177,2023-11-01,11,2024-10-01,1
C1177,2023-11-01,12,2024-11-01,1
C1177,2023-11-01,13,2024-12-01,1
C1178,2023-06-01,0,2023-06-01,1
C1178,2023-06-01,1,2023-07-01,1
C1178,2023-06-01,2,2023-08-01,1
C1178,2023-06-01,3,2023-09-01,1
C1178,2023-06-01,4,2023-10-01,1
C1178,2023-06-01,5,2023-11-01,1
C1178,2023-06-01,6,2023-12-01,1
C1178,2023-06-01,7,2024-01-01,1
C1178,2023-06-01,8,2024-02-01,1
C1178,2023-06-01,9,2024-03-01,1
C1178,2023-06-01,10,2024-04-01,1
C1178,2023-06-01,11,2024-05-01,1
C1178,2023-06-01,12,2024-06-01,1
C1178,2023-06-01,13,2024-07-01,1
C1178,2023-06-01,14,2024-08-01,1
C1178,2023-06-01,15,2024-09-01,1
C1178,2023-06-01,16,2024-10-01,1
C1178,2023-06-01,17,2024-11-01,1
C1178,2023-06-01,18,2024-12-01,1
C1179,2023-08-01,0,2023-08-01,1
C1179,2023-08-01,1,2023-09-01,1
C1179,2023-08-01,2,2023-10-01,1
C1179,2023-08-01,3,2023-11-01,1
C1179,2023-08-01,4,2023-12-01,1
C1179,2023-08-01,5,2024-01-01,1
C1179,2023-08-01,6,2024-02-01,1
C1179,2023-08-01,7,2024-03-01,0
C1179,2023-08-01,8,2024-04-01,0
C1179,2023-08-01,9,2024-05-01,0
C1179,2023-08-01,10,2024-06-01,0
C1179,2023-08-01,11,2024-07-01,0
C1179,2023-08-01,12,2024-08-01,0
C1179,2023-08-01,13,2024-09-01,0
C1179,2023-08-01,14,2024-10-01,0
C1179,2023-08-01,15,2024-11-01,0
C1179,2023-08-01,16,2024-12-01,0
C1180,2023-08-01,0,2023-08-01,1
C1180,2023-08-01,1,2023-09-01,1
C1180,2023-08-01,2,2023-10-01,1
C1180,2023-08-01,3,2023-11-01,1
C1180,2023-08-01,4,2023-12-01,1
C1180,2023-08-01,5,2024-01-01,1
C1180,2023-08-01,6,2024-02-01,1
C1180,2023-08-01,7,2024-03-01,1
C1180,2023-08-01,8,2024-04-01,1
C1180,2023-08-01,9,2024-05-01,1
C1180,2023-08-01,10,2024-06-01,1
C1180,2023-08-01,11,2024-07-01,0
C1180,2023-08-01,12,2024-08-01,0
C1180,2023-08-01,13,2024-09-01,0
C1180,2023-08-01,14,2024-10-01,0
C1180,2023-08-01,15,2024-11-01,0
C1180,2023-08-01,16,2024-12-01,0
C1181,2024-09-01,0,2024-09-01,1
C1181,2024-09-01,1,2024-10-01,1
C1181,2024-09-01,2,2024-11-01,1
C1181,2024-09-01,3,2024-12-01,1
C1182,2023-09-01,0,2023-09-01,1
C1182,2023-09-01,1,2023-10-01,1
C1182,2023-09-01,2,2023-11-01,1
C1182,2023-09-01,3,2023-12-01,1
C1182,2023-09-01,4,2024-01-01,1
C1182,2023-09-01,5,2024-02-01,1
C1182,2023-09-01,6,2024-03-01,1
C1182,2023-09-01,7,2024-04-01,1
C1182,2023-09-01,8,2024-05-01,1
C1182,2023-09-01,9,2024-06-01,1
C1182,2023-09-01,10,2024-07-01,1
C1182,2023-09-01,11,2024-08-01,1
C1182,2023-09-01,12,2024-09-01,1
C1182,2023-09-01,13,2024-10-01,1
C1182,2023-09-01,14,2024-11-01,1
C1182,2023-09-01,15,2024-12-01,1
C1183,2024-04-01,0,2024-04-01,1
C1183,2024-04-01,1,2024-05-01,1
C1183,2024-04-01,2,2024-06-01,1
C1183,2024-04-01,3,2024-07-01,1
C1183,2024-04-01,4,2024-08-01,1
C1183,2024-04-01,5,2024-09-01,1
C1183,2024-04-01,6,2024-10-01,1
C1183,2024-04-01,7,2024-11-01,1
C1183,2024-04-01,8,2024-12-01,1
C1184,2023-04-01,0,2023-04-01,1
C1184,2023-04-01,1,2023-05-01,1
C1184,2023-04-01,2,2023-06-01,1
C1184,2023-04-01,3,2023-07-01,1
C1184,2023-04-01,4,2023-08-01,1
C1184,2023-04-01,5,2023-09-01,1
C1184,2023-04-01,6,2023-10-01,1
C1184,2023-04-01,7,2023-11-01,1
C1184,2023-04-01,8,2023-12-01,1
C1184,2023-04-01,9,2024-01-01,1
C1184,2023-04-01,10,2024-02-01,1
C1184,2023-04-01,11,2024-03-01,1
C1184,2023-04-01,12,2024-04-01,1
C1184,2023-04-01,13,2024-05-01,1
C1184,2023-04-01,14,2024-06-01,1
C1184,2023-04-01,15,2024-07-01,1
C1184,2023-04-01,16,2024-08-01,1
C1184,2023-04-01,17,2024-09-01,1
C1184,2023-04-01,18,2024-10-01,1
C1184,2023-04-01,19,2024-11-01,1
C1184,2023-04-01,20,2024-12-01,1
C1185,2024-08-01,0,2024-08-01,1
C1185,2024-08-01,1,2024-09-01,1
C1185,2024-08-01,2,2024-10-01,1
C1185,2024-08-01,3,2024-11-01,1
C1185,2024-08-01,4,2024-12-01,1
C1186,2023-10-01,0,2023-10-01,1
C1186,2023-10-01,1,2023-11-01,1
C1186,2023-10-01,2,2023-12-01,1
C1186,2023-10-01,3,2024-01-01,1
C1186,2023-10-01,4,2024-02-01,1
C1186,2023-10-01,5,2024-03-01,1
C1186,2023-10-01,6,2024-04-01,1
C1186,2023-10-01,7,2024-05-01,1
C1186,2023-10-01,8,2024-06-01,1
C1186,2023-10-01,9,2024-07-01,1
C1186,2023-10-01,10,2024-08-01,1
C1186,2023-10-01,11,2024-09-01,1
C1186,2023-10-01,12,2024-10-01,1
C1186,2023-10-01,13,2024-11-01,1
C1186,2023-10-01,14,2024-12-01,1
C1187,2024-03-01,0,2024-03-01,1
C1187,2024-03-01,1,2024-04-01,1
C1187,2024-03-01,2,2024-05-01,1
C1187,2024-03-01,3,2024-06-01,1
C1187,2024-03-01,4,2024-07-01,1
C1187,2024-03-01,5,2024-08-01,1
C1187,2024-03-01,6,2024-09-01,1
C1187,2024-03-01,7,2024-10-01,1
C1187,2024-03-01,8,2024-11-01,1
C1187,2024-03-01,9,2024-12-01,1
C1188,2023-07-01,0,2023-07-01,1
C1188,2023-07-01,1,2023-08-01,1
C1188,2023-07-01,2,2023-09-01,1
C1188,2023-07-01,3,2023-10-01,1
C1188,2023-07-01,4,2023-11-01,1
C1188,2023-07-01,5,2023-12-01,1
C1188,2023-07-01,6,2024-01-01,1
C1188,2023-07-01,7,2024-02-01,1
C1188,2023-07-01,8,2024-03-01,1
C1188,2023-07-01,9,2024-04-01,1
C1188,2023-07-01,10,2024-05-01,1
C1188,2023-07-01,11,2024-06-01,1
C1188,2023-07-01,12,2024-07-01,1
C1188,2023-07-01,13,2024-08-01,1
C1188,2023-07-01,14,2024-09-01,1
C1188,2023-07-01,15,2024-10-01,1
C1188,2023-07-01,16,2024-11-01,1
C1188,2023-07-01,17,2024-12-01,1
C1189,2024-08-01,0,2024-08-01,1
C1189,2024-08-01,1,2024-09-01,1
C1189,2024-08-01,2,2024-10-01,1
C1189,2024-08-01,3,2024-11-01,1
C1189,2024-08-01,4,2024-12-01,1
C1190,2023-02-01,0,2023-02-01,1
C1190,2023-02-01,1,2023-03-01,1
C1190,2023-02-01,2,2023-04-01,1
C1190,2023-02-01,3,2023-05-01,1
C1190,2023-02-01,4,2023-06-01,1
C1190,2023-02-01,5,2023-07-01,1
C1190,2023-02-01,6,2023-08-01,1
C1190,2023-02-01,7,2023-09-01,1
C1190,2023-02-01,8,2023-10-01,1
C1190,2023-02-01,9,2023-11-01,1
C1190,2023-02-01,10,2023-12-01,1
C1190,2023-02-01,11,2024-01-01,1
C1190,2023-02-01,12,2024-02-01,1
C1190,2023-02-01,13,2024-03-01,1
C1190,2023-02-01,14,2024-04-01,1
C1190,2023-02-01,15,2024-05-01,1
C1190,2023-02-01,16,2024-06-01,1
C1190,2023-02-01,17,2024-07-01,1
C1190,2023-02-01,18,2024-08-01,1
C1190,2023-02-01,19,2024-09-01,1
C1190,2023-02-01,20,2024-10-01,1
C1190,2023-02-01,21,2024-11-01,1
C1190,2023-02-01,22,2024-12-01,1
C1191,2023-12-01,0,2023-12-01,1
C1191,2023-12-01,1,2024-01-01,1
C1191,2023-12-01,2,2024-02-01,1
C1191,2023-12-01,3,2024-03-01,1
C1191,2023-12-01,4,2024-04-01,1
C1191,2023-12-01,5,2024-05-01,1
C1191,2023-12-01,6,2024-06-01,1
C1191,2023-12-01,7,2024-07-01,1
C1191,2023-12-01,8,2024-08-01,1
C1191,2023-12-01,9,2024-09-01,1
C1191,2023-12-01,10,2024-10-01,1
C1191,2023-12-01,11,2024-11-01,1
C1191,2023-12-01,12,2024-12-01,1
C1192,2023-07-01,0,2023-07-01,1
C1192,2023-07-01,1,2023-08-01,1
C1192,2023-07-01,2,2023-09-01,1
C1192,2023-07-01,3,2023-10-01,1
C1192,2023-07-01,4,2023-11-01,1
C1192,2023-07-01,5,2023-12-01,1
C1192,2023-07-01,6,2024-01-01,1
C1192,2023-07-01,7,2024-02-01,1
C1192,2023-07-01,8,2024-03-01,1
C1192,2023-07-01,9,2024-04-01,1
C1192,2023-07-01,10,2024-05-01,1
C1192,2023-07-01,11,2024-06-01,1
C1192,2023-07-01,12,2024-07-01,1
C1192,2023-07-01,13,2024-08-01,1
C1192,2023-07-01,14,2024-09-01,1
C1192,2023-07-01,15,2024-10-01,1
C1192,2023-07-01,16,2024-11-01,1
C1192,2023-07-01,17,2024-12-01,1
C1193,2024-08-01,0,2024-08-01,1
C1193,2024-08-01,1,2024-09-01,1
C1193,2024-08-01,2,2024-10-01,1
C1193,2024-08-01,3,2024-11-01,1
C1193,2024-08-01,4,2024-12-01,1
C1194,2024-03-01,0,2024-03-01,1
C1194,2024-03-01,1,2024-04-01,1
C1194,2024-03-01,2,2024-05-01,1
C1194,2024-03-01,3,2024-06-01,1
C1194,2024-03-01,4,2024-07-01,1
C1194,2024-03-01,5,2024-08-01,1
C1194,2024-03-01,6,2024-09-01,1
C1194,2024-03-01,7,2024-10-01,1
C1194,2024-03-01,8,2024-11-01,1
C1194,2024-03-01,9,2024-12-01,1
C1195,2023-05-01,0,2023-05-01,1
C1195,2023-05-01,1,2023-06-01,1
C1195,2023-05-01,2,2023-07-01,1
C1195,2023-05-01,3,2023-08-01,1
C1195,2023-05-01,4,2023-09-01,1
C1195,2023-05-01,5,2023-10-01,1
C1195,2023-05-01,6,2023-11-01,1
C1195,2023-05-01,7,2023-12-01,1
C1195,2023-05-01,8,2024-01-01,1
C1195,2023-05-01,9,2024-02-01,1
C1195,2023-05-01,10,2024-03-01,1
C1195,2023-05-01,11,2024-04-01,1
C1195,2023-05-01,12,2024-05-01,1
C1195,2023-05-01,13,2024-06-01,1
C1195,2023-05-01,14,2024-07-01,1
C1195,2023-05-01,15,2024-08-01,1
C1195,2023-05-01,16,2024-09-01,1
C1195,2023-05-01,17,2024-10-01,1
C1195,2023-05-01,18,2024-11-01,1
C1195,2023-05-01,19,2024-12-01,1
C1196,2023-03-01,0,2023-03-01,1
C1196,2023-03-01,1,2023-04-01,1
C1196,2023-03-01,2,2023-05-01,1
C1196,2023-03-01,3,2023-06-01,1
C1196,2023-03-01,4,2023-07-01,0
C1196,2023-03-01,5,2023-08-01,0
C1196,2023-03-01,6,2023-09-01,0
C1196,2023-03-01,7,2023-10-01,0
C1196,2023-03-01,8,2023-11-01,0
C1196,2023-03-01,9,2023-12-01,0
C1196,2023-03-01,10,2024-01-01,0
C1196,2023-03-01,11,2024-02-01,0
C1196,2023-03-01,12,2024-03-01,0
C1196,2023-03-01,13,2024-04-01,0
C1196,2023-03-01,14,2024-05-01,0
C1196,2023-03-01,15,2024-06-01,0
C1196,2023-03-01,16,2024-07-01,0
C1196,2023-03-01,17,2024-08-01,0
C1196,2023-03-01,18,2024-09-01,0
C1196,2023-03-01,19,2024-10-01,0
C1196,2023-03-01,20,2024-11-01,0
C1196,2023-03-01,21,2024-12-01,0
C1197,2024-04-01,0,2024-04-01,1
C1197,2024-04-01,1,2024-05-01,1
C1197,2024-04-01,2,2024-06-01,1
C1197,2024-04-01,3,2024-07-01,1
C1197,2024-04-01,4,2024-08-01,1
C1197,2024-04-01,5,2024-09-01,1
C1197,2024-04-01,6,2024-10-01,1
C1197,2024-04-01,7,2024-11-01,1
C1197,2024-04-01,8,2024-12-01,1
C1198,2023-04-01,0,2023-04-01,1
C1198,2023-04-01,1,2023-05-01,1
C1198,2023-04-01,2,2023-06-01,1
C1198,2023-04-01,3,2023-07-01,1
C1198,2023-04-01,4,2023-08-01,1
C1198,2023-04-01,5,2023-09-01,1
C1198,2023-04-01,6,2023-10-01,1
C1198,2023-04-01,7,2023-11-01,1
C1198,2023-04-01,8,2023-12-01,1
C1198,2023-04-01,9,2024-01-01,1
C1198,2023-04-01,10,2024-02-01,1
C1198,2023-04-01,11,2024-03-01,1
C1198,2023-04-01,12,2024-04-01,1
C1198,2023-04-01,13,2024-05-01,1
C1198,2023-04-01,14,2024-06-01,1
C1198,2023-04-01,15,2024-07-01,1
C1198,2023-04-01,16,2024-08-01,1
C1198,2023-04-01,17,2024-09-01,1
C1198,2023-04-01,18,2024-10-01,1
C1198,2023-04-01,19,2024-11-01,1
C1198,2023-04-01,20,2024-12-01,1
C1199,2024-08-01,0,2024-08-01,1
C1199,2024-08-01,1,2024-09-01,1
C1199,2024-08-01,2,2024-10-01,1
C1199,2024-08-01,3,2024-11-01,1
C1199,2024-08-01,4,2024-12-01,1
C1200,2024-11-01,0,2024-11-01,1
C1200,2024-11-01,1,2024-12-01,1
C1201,2024-12-01,0,2024-12-01,1
C1202,2024-12-01,0,2024-12-01,1
C1203,2024-10-01,0,2024-10-01,1
C1203,2024-10-01,1,2024-11-01,1
C1203,2024-10-01,2,2024-12-01,1
C1204,2023-02-01,0,2023-02-01,1
C1204,2023-02-01,1,2023-03-01,1
C1204,2023-02-01,2,2023-04-01,1
C1204,2023-02-01,3,2023-05-01,1
C1204,2023-02-01,4,2023-06-01,1
C1204,2023-02-01,5,2023-07-01,1
C1204,2023-02-01,6,2023-08-01,1
C1204,2023-02-01,7,2023-09-01,1
C1204,2023-02-01,8,2023-10-01,1
C1204,2023-02-01,9,2023-11-01,1
C1204,2023-02-01,10,2023-12-01,1
C1204,2023-02-01,11,2024-01-01,1
C1204,2023-02-01,12,2024-02-01,1
C1204,2023-02-01,13,2024-03-01,1
C1204,2023-02-01,14,2024-04-01,1
C1204,2023-02-01,15,2024-05-01,1
C1204,2023-02-01,16,2024-06-01,1
C1204,2023-02-01,17,2024-07-01,1
C1204,2023-02-01,18,2024-08-01,1
C1204,2023-02-01,19,2024-09-01,1
C1204,2023-02-01,20,2024-10-01,1
C1204,2023-02-01,21,2024-11-01,1
C1204,2023-02-01,22,2024-12-01,1
C1205,2023-11-01,0,2023-11-01,1
C1205,2023-11-01,1,2023-12-01,1
C1205,2023-11-01,2,2024-01-01,1
C1205,2023-11-01,3,2024-02-01,1
C1205,2023-11-01,4,2024-03-01,1
C1205,2023-11-01,5,2024-04-01,1
C1205,2023-11-01,6,2024-05-01,1
C1205,2023-11-01,7,2024-06-01,1
C1205,2023-11-01,8,2024-07-01,1
C1205,2023-11-01,9,2024-08-01,1
C1205,2023-11-01,10,2024-09-01,1
C1205,2023-11-01,11,2024-10-01,1
C1205,2023-11-01,12,2024-11-01,0
C1205,2023-11-01,13,2024-12-01,0
C1206,2023-04-01,0,2023-04-01,1
C1206,2023-04-01,1,2023-05-01,1
C1206,2023-04-01,2,2023-06-01,1
C1206,2023-04-01,3,2023-07-01,1
C1206,2023-04-01,4,2023-08-01,1
C1206,2023-04-01,5,2023-09-01,1
C1206,2023-04-01,6,2023-10-01,1
C1206,2023-04-01,7,2023-11-01,1
C1206,2023-04-01,8,2023-12-01,1
C1206,2023-04-01,9,2024-01-01,1
C1206,2023-04-01,10,2024-02-01,1
C1206,2023-04-01,11,2024-03-01,1
C1206,2023-04-01,12,2024-04-01,1
C1206,2023-04-01,13,2024-05-01,1
C1206,2023-04-01,14,2024-06-01,1
C1206,2023-04-01,15,2024-07-01,1
C1206,2023-04-01,16,2024-08-01,1
C1206,2023-04-01,17,2024-09-01,1
C1206,2023-04-01,18,2024-10-01,1
C1206,2023-04-01,19,2024-11-01,1
C1206,2023-04-01,20,2024-12-01,1
C1207,2023-04-01,0,2023-04-01,1
C1207,2023-04-01,1,2023-05-01,1
C1207,2023-04-01,2,2023-06-01,1
C1207,2023-04-01,3,2023-07-01,1
C1207,2023-04-01,4,2023-08-01,1
C1207,2023-04-01,5,2023-09-01,1
C1207,2023-04-01,6,2023-10-01,1
C1207,2023-04-01,7,2023-11-01,1
C1207,2023-04-01,8,2023-12-01,1
C1207,2023-04-01,9,2024-01-01,1
C1207,2023-04-01,10,2024-02-01,1
C1207,2023-04-01,11,2024-03-01,1
C1207,2023-04-01,12,2024-04-01,1
C1207,2023-04-01,13,2024-05-01,1
C1207,2023-04-01,14,2024-06-01,1
C1207,2023-04-01,15,2024-07-01,1
C1207,2023-04-01,16,2024-08-01,1
C1207,2023-04-01,17,2024-09-01,1
C1207,2023-04-01,18,2024-10-01,1
C1207,2023-04-01,19,2024-11-01,1
C1207,2023-04-01,20,2024-12-01,1
C1208,2023-10-01,0,2023-10-01,1
C1208,2023-10-01,1,2023-11-01,1
C1208,2023-10-01,2,2023-12-01,1
C1208,2023-10-01,3,2024-01-01,1
C1208,2023-10-01,4,2024-02-01,1
C1208,2023-10-01,5,2024-03-01,1
C1208,2023-10-01,6,2024-04-01,1
C1208,2023-10-01,7,2024-05-01,1
C1208,2023-10-01,8,2024-06-01,1
C1208,2023-10-01,9,2024-07-01,1
C1208,2023-10-01,10,2024-08-01,1
C1208,2023-10-01,11,2024-09-01,1
C1208,2023-10-01,12,2024-10-01,0
C1208,2023-10-01,13,2024-11-01,0
C1208,2023-10-01,14,2024-12-01,0
C1209,2023-08-01,0,2023-08-01,1
C1209,2023-08-01,1,2023-09-01,1
C1209,2023-08-01,2,2023-10-01,1
C1209,2023-08-01,3,2023-11-01,1
C1209,2023-08-01,4,2023-12-01,1
C1209,2023-08-01,5,2024-01-01,1
C1209,2023-08-01,6,2024-02-01,0
C1209,2023-08-01,7,2024-03-01,0
C1209,2023-08-01,8,2024-04-01,0
C1209,2023-08-01,9,2024-05-01,0
C1209,2023-08-01,10,2024-06-01,0
C1209,2023-08-01,11,2024-07-01,0
C1209,2023-08-01,12,2024-08-01,0
C1209,2023-08-01,13,2024-09-01,0
C1209,2023-08-01,14,2024-10-01,0
C1209,2023-08-01,15,2024-11-01,0
C1209,2023-08-01,16,2024-12-01,0
C1210,2023-12-01,0,2023-12-01,1
C1210,2023-12-01,1,2024-01-01,1
C1210,2023-12-01,2,2024-02-01,1
C1210,2023-12-01,3,2024-03-01,1
C1210,2023-12-01,4,2024-04-01,1
C1210,2023-12-01,5,2024-05-01,1
C1210,2023-12-01,6,2024-06-01,1
C1210,2023-12-01,7,2024-07-01,1
C1210,2023-12-01,8,2024-08-01,0
C1210,2023-12-01,9,2024-09-01,0
C1210,2023-12-01,10,2024-10-01,0
C1210,2023-12-01,11,2024-11-01,0
C1210,2023-12-01,12,2024-12-01,0
C1211,2024-10-01,0,2024-10-01,1
C1211,2024-10-01,1,2024-11-01,1
C1211,2024-10-01,2,2024-12-01,1
C1212,2023-06-01,0,2023-06-01,1
C1212,2023-06-01,1,2023-07-01,1
C1212,2023-06-01,2,2023-08-01,1
C1212,2023-06-01,3,2023-09-01,1
C1212,2023-06-01,4,2023-10-01,1
C1212,2023-06-01,5,2023-11-01,1
C1212,2023-06-01,6,2023-12-01,1
C1212,2023-06-01,7,2024-01-01,1
C1212,2023-06-01,8,2024-02-01,1
C1212,2023-06-01,9,2024-03-01,1
C1212,2023-06-01,10,2024-04-01,1
C1212,2023-06-01,11,2024-05-01,1
C1212,2023-06-01,12,2024-06-01,1
C1212,2023-06-01,13,2024-07-01,1
C1212,2023-06-01,14,2024-08-01,1
C1212,2023-06-01,15,2024-09-01,1
C1212,2023-06-01,16,2024-10-01,1
C1212,2023-06-01,17,2024-11-01,1
C1212,2023-06-01,18,2024-12-01,1
C1213,2024-11-01,0,2024-11-01,1
C1213,2024-11-01,1,2024-12-01,1
C1214,2024-11-01,0,2024-11-01,1
C1214,2024-11-01,1,2024-12-01,1
C1215,2024-08-01,0,2024-08-01,1
C1215,2024-08-01,1,2024-09-01,1
C1215,2024-08-01,2,2024-10-01,1
C1215,2024-08-01,3,2024-11-01,1
C1215,2024-08-01,4,2024-12-01,1
C1216,2023-08-01,0,2023-08-01,1
C1216,2023-08-01,1,2023-09-01,1
C1216,2023-08-01,2,2023-10-01,1
C1216,2023-08-01,3,2023-11-01,1
C1216,2023-08-01,4,2023-12-01,1
C1216,2023-08-01,5,2024-01-01,1
C1216,2023-08-01,6,2024-02-01,1
C1216,2023-08-01,7,2024-03-01,1
C1216,2023-08-01,8,2024-04-01,1
C1216,2023-08-01,9,2024-05-01,1
C1216,2023-08-01,10,2024-06-01,1
C1216,2023-08-01,11,2024-07-01,1
C1216,2023-08-01,12,2024-08-01,1
C1216,2023-08-01,13,2024-09-01,1
C1216,2023-08-01,14,2024-10-01,1
C1216,2023-08-01,15,2024-11-01,1
C1216,2023-08-01,16,2024-12-01,1
C1217,2023-03-01,0,2023-03-01,1
C1217,2023-03-01,1,2023-04-01,1
C1217,2023-03-01,2,2023-05-01,1
C1217,2023-03-01,3,2023-06-01,1
C1217,2023-03-01,4,2023-07-01,1
C1217,2023-03-01,5,2023-08-01,1
C1217,2023-03-01,6,2023-09-01,1
C1217,2023-03-01,7,2023-10-01,1
C1217,2023-03-01,8,2023-11-01,1
C1217,2023-03-01,9,2023-12-01,1
C1217,2023-03-01,10,2024-01-01,1
C1217,2023-03-01,11,2024-02-01,1
C1217,2023-03-01,12,2024-03-01,0
C1217,2023-03-01,13,2024-04-01,0
C1217,2023-03-01,14,2024-05-01,0
C1217,2023-03-01,15,2024-06-01,0
C1217,2023-03-01,16,2024-07-01,0
C1217,2023-03-01,17,2024-08-01,0
C1217,2023-03-01,18,2024-09-01,0
C1217,2023-03-01,19,2024-10-01,0
C1217,2023-03-01,20,2024-11-01,0
C1217,2023-03-01,21,2024-12-01,0
C1219,2023-03-01,0,2023-03-01,1
C1219,2023-03-01,1,2023-04-01,1
C1219,2023-03-01,2,2023-05-01,1
C1219,2023-03-01,3,2023-06-01,1
C1219,2023-03-01,4,2023-07-01,1
C1219,2023-03-01,5,2023-08-01,0
C1219,2023-03-01,6,2023-09-01,0
C1219,2023-03-01,7,2023-10-01,1
C1219,2023-03-01,8,2023-11-01,1
C1219,2023-03-01,9,2023-12-01,1
C1219,2023-03-01,10,2024-01-01,1
C1219,2023-03-01,11,2024-02-01,1
C1219,2023-03-01,12,2024-03-01,1
C1219,2023-03-01,13,2024-04-01,1
C1219,2023-03-01,14,2024-05-01,1
C1219,2023-03-01,15,2024-06-01,1
C1219,2023-03-01,16,2024-07-01,1
C1219,2023-03-01,17,2024-08-01,1
C1219,2023-03-01,18,2024-09-01,1
C1219,2023-03-01,19,2024-10-01,1
C1219,2023-03-01,20,2024-11-01,1
C1219,2023-03-01,21,2024-12-01,1
C1220,2023-02-01,0,2023-02-01,1
C1220,2023-02-01,1,2023-03-01,1
C1220,2023-02-01,2,2023-04-01,1
C1220,2023-02-01,3,2023-05-01,1
C1220,2023-02-01,4,2023-06-01,1
C1220,2023-02-01,5,2023-07-01,1
C1220,2023-02-01,6,2023-08-01,1
C1220,2023-02-01,7,2023-09-01,1
C1220,2023-02-01,8,2023-10-01,1
C1220,2023-02-01,9,2023-11-01,1
C1220,2023-02-01,10,2023-12-01,1
C1220,2023-02-01,11,2024-01-01,1
C1220,2023-02-01,12,2024-02-01,1
C1220,2023-02-01,13,2024-03-01,1
C1220,2023-02-01,14,2024-04-01,1
C1220,2023-02-01,15,2024-05-01,1
C1220,2023-02-01,16,2024-06-01,1
C1220,2023-02-01,17,2024-07-01,1
C1220,2023-02-01,18,2024-08-01,1
C1220,2023-02-01,19,2024-09-01,1
C1220,2023-02-01,20,2024-10-01,1
C1220,2023-02-01,21,2024-11-01,1
C1220,2023-02-01,22,2024-12-01,1
C1221,2023-05-01,0,2023-05-01,1
C1221,2023-05-01,1,2023-06-01,1
C1221,2023-05-01,2,2023-07-01,1
C1221,2023-05-01,3,2023-08-01,1
C1221,2023-05-01,4,2023-09-01,1
C1221,2023-05-01,5,2023-10-01,1
C1221,2023-05-01,6,2023-11-01,1
C1221,2023-05-01,7,2023-12-01,1
C1221,2023-05-01,8,2024-01-01,1
C1221,2023-05-01,9,2024-02-01,1
C1221,2023-05-01,10,2024-03-01,1
C1221,2023-05-01,11,2024-04-01,1
C1221,2023-05-01,12,2024-05-01,1
C1221,2023-05-01,13,2024-06-01,1
C1221,2023-05-01,14,2024-07-01,1
C1221,2023-05-01,15,2024-08-01,1
C1221,2023-05-01,16,2024-09-01,0
C1221,2023-05-01,17,2024-10-01,0
C1221,2023-05-01,18,2024-11-01,0
C1221,2023-05-01,19,2024-12-01,0
C1222,2024-09-01,0,2024-09-01,1
C1222,2024-09-01,1,2024-10-01,1
C1222,2024-09-01,2,2024-11-01,1
C1222,2024-09-01,3,2024-12-01,1
C1223,2024-08-01,0,2024-08-01,1
C1223,2024-08-01,1,2024-09-01,1
C1223,2024-08-01,2,2024-10-01,1
C1223,2024-08-01,3,2024-11-01,1
C1223,2024-08-01,4,2024-12-01,1
C1224,2024-02-01,0,2024-02-01,1
C1224,2024-02-01,1,2024-03-01,1
C1224,2024-02-01,2,2024-04-01,1
C1224,2024-02-01,3,2024-05-01,1
C1224,2024-02-01,4,2024-06-01,1
C1224,2024-02-01,5,2024-07-01,1
C1224,2024-02-01,6,2024-08-01,1
C1224,2024-02-01,7,2024-09-01,1
C1224,2024-02-01,8,2024-10-01,1
C1224,2024-02-01,9,2024-11-01,1
C1224,2024-02-01,10,2024-12-01,1
C1225,2023-08-01,0,2023-08-01,1
C1225,2023-08-01,1,2023-09-01,1
C1225,2023-08-01,2,2023-10-01,1
C1225,2023-08-01,3,2023-11-01,1
C1225,2023-08-01,4,2023-12-01,1
C1225,2023-08-01,5,2024-01-01,1
C1225,2023-08-01,6,2024-02-01,1
C1225,2023-08-01,7,2024-03-01,1
C1225,2023-08-01,8,2024-04-01,1
C1225,2023-08-01,9,2024-05-01,1
C1225,2023-08-01,10,2024-06-01,1
C1225,2023-08-01,11,2024-07-01,1
C1225,2023-08-01,12,2024-08-01,1
C1225,2023-08-01,13,2024-09-01,1
C1225,2023-08-01,14,2024-10-01,1
C1225,2023-08-01,15,2024-11-01,1
C1225,2023-08-01,16,2024-12-01,1
C1226,2023-05-01,0,2023-05-01,1
C1226,2023-05-01,1,2023-06-01,1
C1226,2023-05-01,2,2023-07-01,1
C1226,2023-05-01,3,2023-08-01,1
C1226,2023-05-01,4,2023-09-01,1
C1226,2023-05-01,5,2023-10-01,1
C1226,2023-05-01,6,2023-11-01,1
C1226,2023-05-01,7,2023-12-01,1
C1226,2023-05-01,8,2024-01-01,1
C1226,2023-05-01,9,2024-02-01,1
C1226,2023-05-01,10,2024-03-01,1
C1226,2023-05-01,11,2024-04-01,1
C1226,2023-05-01,12,2024-05-01,1
C1226,2023-05-01,13,2024-06-01,1
C1226,2023-05-01,14,2024-07-01,1
C1226,2023-05-01,15,2024-08-01,1
C1226,2023-05-01,16,2024-09-01,1
C1226,2023-05-01,17,2024-10-01,1
C1226,2023-05-01,18,2024-11-01,1
C1226,2023-05-01,19,2024-12-01,1
C1227,2024-04-01,0,2024-04-01,1
C1227,2024-04-01,1,2024-05-01,1
C1227,2024-04-01,2,2024-06-01,1
C1227,2024-04-01,3,2024-07-01,1
C1227,2024-04-01,4,2024-08-01,1
C1227,2024-04-01,5,2024-09-01,0
C1227,2024-04-01,6,2024-10-01,0
C1227,2024-04-01,7,2024-11-01,0
C1227,2024-04-01,8,2024-12-01,0
C1228,2023-12-01,0,2023-12-01,1
C1228,2023-12-01,1,2024-01-01,1
C1228,2023-12-01,2,2024-02-01,1
C1228,2023-12-01,3,2024-03-01,1
C1228,2023-12-01,4,2024-04-01,1
C1228,2023-12-01,5,2024-05-01,1
C1228,2023-12-01,6,2024-06-01,1
C1228,2023-12-01,7,2024-07-01,1
C1228,2023-12-01,8,2024-08-01,1
C1228,2023-12-01,9,2024-09-01,1
C1228,2023-12-01,10,2024-10-01,1
C1228,2023-12-01,11,2024-11-01,0
C1228,2023-12-01,12,2024-12-01,0
C1229,2024-02-01,0,2024-02-01,1
C1229,2024-02-01,1,2024-03-01,1
C1229,2024-02-01,2,2024-04-01,1
C1229,2024-02-01,3,2024-05-01,1
C1229,2024-02-01,4,2024-06-01,1
C1229,2024-02-01,5,2024-07-01,1
C1229,2024-02-01,6,2024-08-01,1
C1229,2024-02-01,7,2024-09-01,1
C1229,2024-02-01,8,2024-10-01,1
C1229,2024-02-01,9,2024-11-01,1
C1229,2024-02-01,10,2024-12-01,1
C1230,2023-07-01,0,2023-07-01,1
C1230,2023-07-01,1,2023-08-01,1
C1230,2023-07-01,2,2023-09-01,1
C1230,2023-07-01,3,2023-10-01,1
C1230,2023-07-01,4,2023-11-01,1
C1230,2023-07-01,5,2023-12-01,1
C1230,2023-07-01,6,2024-01-01,1
C1230,2023-07-01,7,2024-02-01,1
C1230,2023-07-01,8,2024-03-01,1
C1230,2023-07-01,9,2024-04-01,1
C1230,2023-07-01,10,2024-05-01,1
C1230,2023-07-01,11,2024-06-01,1
C1230,2023-07-01,12,2024-07-01,1
C1230,2023-07-01,13,2024-08-01,1
C1230,2023-07-01,14,2024-09-01,1
C1230,2023-07-01,15,2024-10-01,1
C1230,2023-07-01,16,2024-11-01,1
C1230,2023-07-01,17,2024-12-01,0
C1231,2023-12-01,0,2023-12-01,1
C1231,2023-12-01,1,2024-01-01,1
C1231,2023-12-01,2,2024-02-01,1
C1231,2023-12-01,3,2024-03-01,1
C1231,2023-12-01,4,2024-04-01,1
C1231,2023-12-01,5,2024-05-01,1
C1231,2023-12-01,6,2024-06-01,1
C1231,2023-12-01,7,2024-07-01,1
C1231,2023-12-01,8,2024-08-01,1
C1231,2023-12-01,9,2024-09-01,1
C1231,2023-12-01,10,2024-10-01,1
C1231,2023-12-01,11,2024-11-01,1
C1231,2023-12-01,12,2024-12-01,1
C1232,2024-10-01,0,2024-10-01,1
C1232,2024-10-01,1,2024-11-01,1
C1232,2024-10-01,2,2024-12-01,1
C1233,2024-08-01,0,2024-08-01,1
C1233,2024-08-01,1,2024-09-01,1
C1233,2024-08-01,2,2024-10-01,1
C1233,2024-08-01,3,2024-11-01,1
C1233,2024-08-01,4,2024-12-01,1
C1234,2023-05-01,0,2023-05-01,1
C1234,2023-05-01,1,2023-06-01,1
C1234,2023-05-01,2,2023-07-01,1
C1234,2023-05-01,3,2023-08-01,1
C1234,2023-05-01,4,2023-09-01,1
C1234,2023-05-01,5,2023-10-01,1
C1234,2023-05-01,6,2023-11-01,1
C1234,2023-05-01,7,2023-12-01,1
C1234,2023-05-01,8,2024-01-01,1
C1234,2023-05-01,9,2024-02-01,1
C1234,2023-05-01,10,2024-03-01,1
C1234,2023-05-01,11,2024-04-01,1
C1234,2023-05-01,12,2024-05-01,1
C1234,2023-05-01,13,2024-06-01,1
C1234,2023-05-01,14,2024-07-01,1
C1234,2023-05-01,15,2024-08-01,1
C1234,2023-05-01,16,2024-09-01,1
C1234,2023-05-01,17,2024-10-01,1
C1234,2023-05-01,18,2024-11-01,1
C1234,2023-05-01,19,2024-12-01,1
C1235,2024-06-01,0,2024-06-01,1
C1235,2024-06-01,1,2024-07-01,1
C1235,2024-06-01,2,2024-08-01,1
C1235,2024-06-01,3,2024-09-01,1
C1235,2024-06-01,4,2024-10-01,1
C1235,2024-06-01,5,2024-11-01,1
C1235,2024-06-01,6,2024-12-01,1
C1236,2023-03-01,0,2023-03-01,1
C1236,2023-03-01,1,2023-04-01,1
C1236,2023-03-01,2,2023-05-01,1
C1236,2023-03-01,3,2023-06-01,1
C1236,2023-03-01,4,2023-07-01,1
C1236,2023-03-01,5,2023-08-01,0
C1236,2023-03-01,6,2023-09-01,0
C1236,2023-03-01,7,2023-10-01,0
C1236,2023-03-01,8,2023-11-01,0
C1236,2023-03-01,9,2023-12-01,0
C1236,2023-03-01,10,2024-01-01,0
C1236,2023-03-01,11,2024-02-01,0
C1236,2023-03-01,12,2024-03-01,0
C1236,2023-03-01,13,2024-04-01,0
C1236,2023-03-01,14,2024-05-01,0
C1236,2023-03-01,15,2024-06-01,0
C1236,2023-03-01,16,2024-07-01,0
C1236,2023-03-01,17,2024-08-01,0
C1236,2023-03-01,18,2024-09-01,0
C1236,2023-03-01,19,2024-10-01,0
C1236,2023-03-01,20,2024-11-01,0
C1236,2023-03-01,21,2024-12-01,0
C1237,2024-07-01,0,2024-07-01,1
C1237,2024-07-01,1,2024-08-01,1
C1237,2024-07-01,2,2024-09-01,1
C1237,2024-07-01,3,2024-10-01,1
C1237,2024-07-01,4,2024-11-01,1
C1237,2024-07-01,5,2024-12-01,1
C1238,2023-05-01,0,2023-05-01,1
C1238,2023-05-01,1,2023-06-01,1
C1238,2023-05-01,2,2023-07-01,1
C1238,2023-05-01,3,2023-08-01,1
C1238,2023-05-01,4,2023-09-01,1
C1238,2023-05-01,5,2023-10-01,1
C1238,2023-05-01,6,2023-11-01,1
C1238,2023-05-01,7,2023-12-01,1
C1238,2023-05-01,8,2024-01-01,1
C1238,2023-05-01,9,2024-02-01,1
C1238,2023-05-01,10,2024-03-01,1
C1238,2023-05-01,11,2024-04-01,1
C1238,2023-05-01,12,2024-05-01,1
C1238,2023-05-01,13,2024-06-01,1
C1238,2023-05-01,14,2024-07-01,1
C1238,2023-05-01,15,2024-08-01,1
C1238,2023-05-01,16,2024-09-01,1
C1238,2023-05-01,17,2024-10-01,1
C1238,2023-05-01,18,2024-11-01,1
C1238,2023-05-01,19,2024-12-01,1
C1239,2023-05-01,0,2023-05-01,1
C1239,2023-05-01,1,2023-06-01,1
C1239,2023-05-01,2,2023-07-01,1
C1239,2023-05-01,3,2023-08-01,1
C1239,2023-05-01,4,2023-09-01,0
C1239,2023-05-01,5,2023-10-01,0
C1239,2023-05-01,6,2023-11-01,0
C1239,2023-05-01,7,2023-12-01,0
C1239,2023-05-01,8,2024-01-01,0
C1239,2023-05-01,9,2024-02-01,0
C1239,2023-05-01,10,2024-03-01,0
C1239,2023-05-01,11,2024-04-01,0
C1239,2023-05-01,12,2024-05-01,0
C1239,2023-05-01,13,2024-06-01,0
C1239,2023-05-01,14,2024-07-01,0
C1239,2023-05-01,15,2024-08-01,0
C1239,2023-05-01,16,2024-09-01,0
C1239,2023-05-01,17,2024-10-01,0
C1239,2023-05-01,18,2024-11-01,0
C1239,2023-05-01,19,2024-12-01,0
C1241,2023-07-01,0,2023-07-01,1
C1241,2023-07-01,1,2023-08-01,1
C1241,2023-07-01,2,2023-09-01,1
C1241,2023-07-01,3,2023-10-01,1
C1241,2023-07-01,4,2023-11-01,1
C1241,2023-07-01,5,2023-12-01,1
C1241,2023-07-01,6,2024-01-01,1
C1241,2023-07-01,7,2024-02-01,1
C1241,2023-07-01,8,2024-03-01,1
C1241,2023-07-01,9,2024-04-01,1
C1241,2023-07-01,10,2024-05-01,1
C1241,2023-07-01,11,2024-06-01,1
C1241,2023-07-01,12,2024-07-01,1
C1241,2023-07-01,13,2024-08-01,1
C1241,2023-07-01,14,2024-09-01,1
C1241,2023-07-01,15,2024-10-01,1
C1241,2023-07-01,16,2024-11-01,1
C1241,2023-07-01,17,2024-12-01,0
C1242,2024-11-01,0,2024-11-01,1
C1242,2024-11-01,1,2024-12-01,1
C1243,2023-12-01,0,2023-12-01,1
C1243,2023-12-01,1,2024-01-01,1
C1243,2023-12-01,2,2024-02-01,1
C1243,2023-12-01,3,2024-03-01,1
C1243,2023-12-01,4,2024-04-01,1
C1243,2023-12-01,5,2024-05-01,1
C1243,2023-12-01,6,2024-06-01,1
C1243,2023-12-01,7,2024-07-01,1
C1243,2023-12-01,8,2024-08-01,1
C1243,2023-12-01,9,2024-09-01,1
C1243,2023-12-01,10,2024-10-01,1
C1243,2023-12-01,11,2024-11-01,1
C1243,2023-12-01,12,2024-12-01,1
C1244,2024-11-01,0,2024-11-01,1
C1244,2024-11-01,1,2024-12-01,1
C1245,2024-12-01,0,2024-12-01,1
C1246,2024-02-01,0,2024-02-01,1
C1246,2024-02-01,1,2024-03-01,1
C1246,2024-02-01,2,2024-04-01,1
C1246,2024-02-01,3,2024-05-01,1
C1246,2024-02-01,4,2024-06-01,1
C1246,2024-02-01,5,2024-07-01,1
C1246,2024-02-01,6,2024-08-01,1
C1246,2024-02-01,7,2024-09-01,1
C1246,2024-02-01,8,2024-10-01,1
C1246,2024-02-01,9,2024-11-01,1
C1246,2024-02-01,10,2024-12-01,1
C1247,2024-08-01,0,2024-08-01,1
C1247,2024-08-01,1,2024-09-01,1
C1247,2024-08-01,2,2024-10-01,1
C1247,2024-08-01,3,2024-11-01,1
C1247,2024-08-01,4,2024-12-01,1
C1248,2024-04-01,0,2024-04-01,1
C1248,2024-04-01,1,2024-05-01,1
C1248,2024-04-01,2,2024-06-01,1
C1248,2024-04-01,3,2024-07-01,1
C1248,2024-04-01,4,2024-08-01,1
C1248,2024-04-01,5,2024-09-01,1
C1248,2024-04-01,6,2024-10-01,1
C1248,2024-04-01,7,2024-11-01,1
C1248,2024-04-01,8,2024-12-01,1
C1249,2023-04-01,0,2023-04-01,1
C1249,2023-04-01,1,2023-05-01,1
C1249,2023-04-01,2,2023-06-01,1
C1249,2023-04-01,3,2023-07-01,1
C1249,2023-04-01,4,2023-08-01,1
C1249,2023-04-01,5,2023-09-01,1
C1249,2023-04-01,6,2023-10-01,1
C1249,2023-04-01,7,2023-11-01,1
C1249,2023-04-01,8,2023-12-01,1
C1249,2023-04-01,9,2024-01-01,1
C1249,2023-04-01,10,2024-02-01,1
C1249,2023-04-01,11,2024-03-01,1
C1249,2023-04-01,12,2024-04-01,1
C1249,2023-04-01,13,2024-05-01,1
C1249,2023-04-01,14,2024-06-01,1
C1249,2023-04-01,15,2024-07-01,1
C1249,2023-04-01,16,2024-08-01,1
C1249,2023-04-01,17,2024-09-01,1
C1249,2023-04-01,18,2024-10-01,1
C1249,2023-04-01,19,2024-11-01,1
C1249,2023-04-01,20,2024-12-01,1
C1250,2024-01-01,0,2024-01-01,1
C1250,2024-01-01,1,2024-02-01,1
C1250,2024-01-01,2,2024-03-01,1
C1250,2024-01-01,3,2024-04-01,1
C1250,2024-01-01,4,2024-05-01,1
C1250,2024-01-01,5,2024-06-01,1
C1250,2024-01-01,6,2024-07-01,1
C1250,2024-01-01,7,2024-08-01,1
C1250,2024-01-01,8,2024-09-01,1
C1250,2024-01-01,9,2024-10-01,1
C1250,2024-01-01,10,2024-11-01,1
C1250,2024-01-01,11,2024-12-01,1
C1251,2023-03-01,0,2023-03-01,1
C1251,2023-03-01,1,2023-04-01,1
C1251,2023-03-01,2,2023-05-01,1
C1251,2023-03-01,3,2023-06-01,1
C1251,2023-03-01,4,2023-07-01,1
C1251,2023-03-01,5,2023-08-01,1
C1251,2023-03-01,6,2023-09-01,1
C1251,2023-03-01,7,2023-10-01,1
C1251,2023-03-01,8,2023-11-01,1
C1251,2023-03-01,9,2023-12-01,1
C1251,2023-03-01,10,2024-01-01,1
C1251,2023-03-01,11,2024-02-01,1
C1251,2023-03-01,12,2024-03-01,1
C1251,2023-03-01,13,2024-04-01,1
C1251,2023-03-01,14,2024-05-01,1
C1251,2023-03-01,15,2024-06-01,1
C1251,2023-03-01,16,2024-07-01,1
C1251,2023-03-01,17,2024-08-01,1
C1251,2023-03-01,18,2024-09-01,1
C1251,2023-03-01,19,2024-10-01,1
C1251,2023-03-01,20,2024-11-01,1
C1251,2023-03-01,21,2024-12-01,1
C1252,2023-07-01,0,2023-07-01,1
C1252,2023-07-01,1,2023-08-01,1
C1252,2023-07-01,2,2023-09-01,1
C1252,2023-07-01,3,2023-10-01,1
C1252,2023-07-01,4,2023-11-01,1
C1252,2023-07-01,5,2023-12-01,1
C1252,2023-07-01,6,2024-01-01,1
C1252,2023-07-01,7,2024-02-01,1
C1252,2023-07-01,8,2024-03-01,1
C1252,2023-07-01,9,2024-04-01,1
C1252,2023-07-01,10,2024-05-01,1
C1252,2023-07-01,11,2024-06-01,1
C1252,2023-07-01,12,2024-07-01,1
C1252,2023-07-01,13,2024-08-01,1
C1252,2023-07-01,14,2024-09-01,1
C1252,2023-07-01,15,2024-10-01,1
C1252,2023-07-01,16,2024-11-01,1
C1252,2023-07-01,17,2024-12-01,1
C1253,2024-06-01,0,2024-06-01,1
C1253,2024-06-01,1,2024-07-01,1
C1253,2024-06-01,2,2024-08-01,1
C1253,2024-06-01,3,2024-09-01,1
C1253,2024-06-01,4,2024-10-01,1
C1253,2024-06-01,5,2024-11-01,1
C1253,2024-06-01,6,2024-12-01,1
C1254,2023-04-01,0,2023-04-01,1
C1254,2023-04-01,1,2023-05-01,1
C1254,2023-04-01,2,2023-06-01,1
C1254,2023-04-01,3,2023-07-01,1
C1254,2023-04-01,4,2023-08-01,1
C1254,2023-04-01,5,2023-09-01,1
C1254,2023-04-01,6,2023-10-01,1
C1254,2023-04-01,7,2023-11-01,1
C1254,2023-04-01,8,2023-12-01,1
C1254,2023-04-01,9,2024-01-01,1
C1254,2023-04-01,10,2024-02-01,1
C1254,2023-04-01,11,2024-03-01,1
C1254,2023-04-01,12,2024-04-01,1
C1254,2023-04-01,13,2024-05-01,1
C1254,2023-04-01,14,2024-06-01,1
C1254,2023-04-01,15,2024-07-01,1
C1254,2023-04-01,16,2024-08-01,1
C1254,2023-04-01,17,2024-09-01,1
C1254,2023-04-01,18,2024-10-01,1
C1254,2023-04-01,19,2024-11-01,1
C1254,2023-04-01,20,2024-12-01,1
C1255,2024-10-01,0,2024-10-01,1
C1255,2024-10-01,1,2024-11-01,1
C1255,2024-10-01,2,2024-12-01,1
C1256,2024-03-01,0,2024-03-01,1
C1256,2024-03-01,1,2024-04-01,1
C1256,2024-03-01,2,2024-05-01,1
C1256,2024-03-01,3,2024-06-01,1
C1256,2024-03-01,4,2024-07-01,1
C1256,2024-03-01,5,2024-08-01,1
C1256,2024-03-01,6,2024-09-01,1
C1256,2024-03-01,7,2024-10-01,1
C1256,2024-03-01,8,2024-11-01,1
C1256,2024-03-01,9,2024-12-01,1
C1257,2023-11-01,0,2023-11-01,1
C1257,2023-11-01,1,2023-12-01,1
C1257,2023-11-01,2,2024-01-01,1
C1257,2023-11-01,3,2024-02-01,1
C1257,2023-11-01,4,2024-03-01,0
C1257,2023-11-01,5,2024-04-01,0
C1257,2023-11-01,6,2024-05-01,0
C1257,2023-11-01,7,2024-06-01,0
C1257,2023-11-01,8,2024-07-01,0
C1257,2023-11-01,9,2024-08-01,0
C1257,2023-11-01,10,2024-09-01,0
C1257,2023-11-01,11,2024-10-01,0
C1257,2023-11-01,12,2024-11-01,0
C1257,2023-11-01,13,2024-12-01,0
C1258,2024-02-01,0,2024-02-01,1
C1258,2024-02-01,1,2024-03-01,1
C1258,2024-02-01,2,2024-04-01,1
C1258,2024-02-01,3,2024-05-01,1
C1258,2024-02-01,4,2024-06-01,1
C1258,2024-02-01,5,2024-07-01,0
C1258,2024-02-01,6,2024-08-01,0
C1258,2024-02-01,7,2024-09-01,0
C1258,2024-02-01,8,2024-10-01,0
C1258,2024-02-01,9,2024-11-01,0
C1258,2024-02-01,10,2024-12-01,0
C1259,2024-10-01,0,2024-10-01,1
C1259,2024-10-01,1,2024-11-01,1
C1259,2024-10-01,2,2024-12-01,1
C1260,2023-06-01,0,2023-06-01,1
C1260,2023-06-01,1,2023-07-01,1
C1260,2023-06-01,2,2023-08-01,1
C1260,2023-06-01,3,2023-09-01,1
C1260,2023-06-01,4,2023-10-01,1
C1260,2023-06-01,5,2023-11-01,1
C1260,2023-06-01,6,2023-12-01,1
C1260,2023-06-01,7,2024-01-01,1
C1260,2023-06-01,8,2024-02-01,1
C1260,2023-06-01,9,2024-03-01,1
C1260,2023-06-01,10,2024-04-01,1
C1260,2023-06-01,11,2024-05-01,1
C1260,2023-06-01,12,2024-06-01,1
C1260,2023-06-01,13,2024-07-01,1
C1260,2023-06-01,14,2024-08-01,1
C1260,2023-06-01,15,2024-09-01,1
C1260,2023-06-01,16,2024-10-01,1
C1260,2023-06-01,17,2024-11-01,1
C1260,2023-06-01,18,2024-12-01,1
C1261,2024-03-01,0,2024-03-01,1
C1261,2024-03-01,1,2024-04-01,1
C1261,2024-03-01,2,2024-05-01,1
C1261,2024-03-01,3,2024-06-01,1
C1261,2024-03-01,4,2024-07-01,0
C1261,2024-03-01,5,2024-08-01,0
C1261,2024-03-01,6,2024-09-01,0
C1261,2024-03-01,7,2024-10-01,0
C1261,2024-03-01,8,2024-11-01,0
C1261,2024-03-01,9,2024-12-01,0
C1262,2024-04-01,0,2024-04-01,1
C1262,2024-04-01,1,2024-05-01,1
C1262,2024-04-01,2,2024-06-01,1
C1262,2024-04-01,3,2024-07-01,1
C1262,2024-04-01,4,2024-08-01,1
C1262,2024-04-01,5,2024-09-01,1
C1262,2024-04-01,6,2024-10-01,1
C1262,2024-04-01,7,2024-11-01,1
C1262,2024-04-01,8,2024-12-01,1
C1264,2024-07-01,0,2024-07-01,1
C1264,2024-07-01,1,2024-08-01,1
C1264,2024-07-01,2,2024-09-01,1
C1264,2024-07-01,3,2024-10-01,1
C1264,2024-07-01,4,2024-11-01,1
C1264,2024-07-01,5,2024-12-01,1
C1265,2023-10-01,0,2023-10-01,1
C1265,2023-10-01,1,2023-11-01,1
C1265,2023-10-01,2,2023-12-01,1
C1265,2023-10-01,3,2024-01-01,1
C1265,2023-10-01,4,2024-02-01,1
C1265,2023-10-01,5,2024-03-01,1
C1265,2023-10-01,6,2024-04-01,1
C1265,2023-10-01,7,2024-05-01,1
C1265,2023-10-01,8,2024-06-01,1
C1265,2023-10-01,9,2024-07-01,1
C1265,2023-10-01,10,2024-08-01,1
C1265,2023-10-01,11,2024-09-01,1
C1265,2023-10-01,12,2024-10-01,1
C1265,2023-10-01,13,2024-11-01,1
C1265,2023-10-01,14,2024-12-01,1
C1266,2023-07-01,0,2023-07-01,1
C1266,2023-07-01,1,2023-08-01,1
C1266,2023-07-01,2,2023-09-01,1
C1266,2023-07-01,3,2023-10-01,1
C1266,2023-07-01,4,2023-11-01,1
C1266,2023-07-01,5,2023-12-01,1
C1266,2023-07-01,6,2024-01-01,1
C1266,2023-07-01,7,2024-02-01,1
C1266,2023-07-01,8,2024-03-01,1
C1266,2023-07-01,9,2024-04-01,1
C1266,2023-07-01,10,2024-05-01,1
C1266,2023-07-01,11,2024-06-01,1
C1266,2023-07-01,12,2024-07-01,1
C1266,2023-07-01,13,2024-08-01,1
C1266,2023-07-01,14,2024-09-01,1
C1266,2023-07-01,15,2024-10-01,1
C1266,2023-07-01,16,2024-11-01,1
C1266,2023-07-01,17,2024-12-01,1
C1267,2023-11-01,0,2023-11-01,1
C1267,2023-11-01,1,2023-12-01,1
C1267,2023-11-01,2,2024-01-01,1
C1267,2023-11-01,3,2024-02-01,1
C1267,2023-11-01,4,2024-03-01,1
C1267,2023-11-01,5,2024-04-01,1
C1267,2023-11-01,6,2024-05-01,0
C1267,2023-11-01,7,2024-06-01,0
C1267,2023-11-01,8,2024-07-01,0
C1267,2023-11-01,9,2024-08-01,0
C1267,2023-11-01,10,2024-09-01,0
C1267,2023-11-01,11,2024-10-01,0
C1267,2023-11-01,12,2024-11-01,0
C1267,2023-11-01,13,2024-12-01,0
C1268,2023-08-01,0,2023-08-01,1
C1268,2023-08-01,1,2023-09-01,1
C1268,2023-08-01,2,2023-10-01,1
C1268,2023-08-01,3,2023-11-01,1
C1268,2023-08-01,4,2023-12-01,1
C1268,2023-08-01,5,2024-01-01,1
C1268,2023-08-01,6,2024-02-01,1
C1268,2023-08-01,7,2024-03-01,1
C1268,2023-08-01,8,2024-04-01,1
C1268,2023-08-01,9,2024-05-01,1
C1268,2023-08-01,10,2024-06-01,1
C1268,2023-08-01,11,2024-07-01,1
C1268,2023-08-01,12,2024-08-01,1
C1268,2023-08-01,13,2024-09-01,1
C1268,2023-08-01,14,2024-10-01,1
C1268,2023-08-01,15,2024-11-01,1
C1268,2023-08-01,16,2024-12-01,1
C1269,2024-01-01,0,2024-01-01,1
C1269,2024-01-01,1,2024-02-01,1
C1269,2024-01-01,2,2024-03-01,1
C1269,2024-01-01,3,2024-04-01,1
C1269,2024-01-01,4,2024-05-01,1
C1269,2024-01-01,5,2024-06-01,1
C1269,2024-01-01,6,2024-07-01,1
C1269,2024-01-01,7,2024-08-01,1
C1269,2024-01-01,8,2024-09-01,1
C1269,2024-01-01,9,2024-10-01,1
C1269,2024-01-01,10,2024-11-01,1
C1269,2024-01-01,11,2024-12-01,1
C1270,2024-06-01,0,2024-06-01,1
C1270,2024-06-01,1,2024-07-01,1
C1270,2024-06-01,2,2024-08-01,1
C1270,2024-06-01,3,2024-09-01,1
C1270,2024-06-01,4,2024-10-01,1
C1270,2024-06-01,5,2024-11-01,1
C1270,2024-06-01,6,2024-12-01,1
C1271,2024-12-01,0,2024-12-01,1
C1272,2024-04-01,0,2024-04-01,1
C1272,2024-04-01,1,2024-05-01,1
C1272,2024-04-01,2,2024-06-01,1
C1272,2024-04-01,3,2024-07-01,1
C1272,2024-04-01,4,2024-08-01,1
C1272,2024-04-01,5,2024-09-01,1
C1272,2024-04-01,6,2024-10-01,1
C1272,2024-04-01,7,2024-11-01,1
C1272,2024-04-01,8,2024-12-01,1
C1273,2023-03-01,0,2023-03-01,1
C1273,2023-03-01,1,2023-04-01,1
C1273,2023-03-01,2,2023-05-01,1
C1273,2023-03-01,3,2023-06-01,1
C1273,2023-03-01,4,2023-07-01,1
C1273,2023-03-01,5,2023-08-01,1
C1273,2023-03-01,6,2023-09-01,1
C1273,2023-03-01,7,2023-10-01,1
C1273,2023-03-01,8,2023-11-01,1
C1273,2023-03-01,9,2023-12-01,1
C1273,2023-03-01,10,2024-01-01,1
C1273,2023-03-01,11,2024-02-01,1
C1273,2023-03-01,12,2024-03-01,1
C1273,2023-03-01,13,2024-04-01,1
C1273,2023-03-01,14,2024-05-01,1
C1273,2023-03-01,15,2024-06-01,1
C1273,2023-03-01,16,2024-07-01,1
C1273,2023-03-01,17,2024-08-01,1
C1273,2023-03-01,18,2024-09-01,1
C1273,2023-03-01,19,2024-10-01,1
C1273,2023-03-01,20,2024-11-01,1
C1273,2023-03-01,21,2024-12-01,1
C1274,2024-10-01,0,2024-10-01,1
C1274,2024-10-01,1,2024-11-01,1
C1274,2024-10-01,2,2024-12-01,1
C1275,2023-09-01,0,2023-09-01,1
C1275,2023-09-01,1,2023-10-01,1
C1275,2023-09-01,2,2023-11-01,1
C1275,2023-09-01,3,2023-12-01,1
C1275,2023-09-01,4,2024-01-01,1
C1275,2023-09-01,5,2024-02-01,1
C1275,2023-09-01,6,2024-03-01,1
C1275,2023-09-01,7,2024-04-01,1
C1275,2023-09-01,8,2024-05-01,1
C1275,2023-09-01,9,2024-06-01,1
C1275,2023-09-01,10,2024-07-01,1
C1275,2023-09-01,11,2024-08-01,1
C1275,2023-09-01,12,2024-09-01,1
C1275,2023-09-01,13,2024-10-01,0
C1275,2023-09-01,14,2024-11-01,0
C1275,2023-09-01,15,2024-12-01,0
C1276,2024-06-01,0,2024-06-01,1
C1276,2024-06-01,1,2024-07-01,1
C1276,2024-06-01,2,2024-08-01,1
C1276,2024-06-01,3,2024-09-01,1
C1276,2024-06-01,4,2024-10-01,1
C1276,2024-06-01,5,2024-11-01,0
C1276,2024-06-01,6,2024-12-01,0
C1277,2023-01-01,0,2023-01-01,1
C1277,2023-01-01,1,2023-02-01,1
C1277,2023-01-01,2,2023-03-01,1
C1277,2023-01-01,3,2023-04-01,1
C1277,2023-01-01,4,2023-05-01,1
C1277,2023-01-01,5,2023-06-01,1
C1277,2023-01-01,6,2023-07-01,1
C1277,2023-01-01,7,2023-08-01,1
C1277,2023-01-01,8,2023-09-01,1
C1277,2023-01-01,9,2023-10-01,1
C1277,2023-01-01,10,2023-11-01,1
C1277,2023-01-01,11,2023-12-01,1
C1277,2023-01-01,12,2024-01-01,1
C1277,2023-01-01,13,2024-02-01,1
C1277,2023-01-01,14,2024-03-01,1
C1277,2023-01-01,15,2024-04-01,1
C1277,2023-01-01,16,2024-05-01,1
C1277,2023-01-01,17,2024-06-01,1
C1277,2023-01-01,18,2024-07-01,1
C1277,2023-01-01,19,2024-08-01,0
C1277,2023-01-01,20,2024-09-01,0
C1277,2023-01-01,21,2024-10-01,0
C1277,2023-01-01,22,2024-11-01,0
C1277,2023-01-01,23,2024-12-01,0
C1278,2024-02-01,0,2024-02-01,1
C1278,2024-02-01,1,2024-03-01,1
C1278,2024-02-01,2,2024-04-01,1
C1278,2024-02-01,3,2024-05-01,1
C1278,2024-02-01,4,2024-06-01,1
C1278,2024-02-01,5,2024-07-01,1
C1278,2024-02-01,6,2024-08-01,1
C1278,2024-02-01,7,2024-09-01,1
C1278,2024-02-01,8,2024-10-01,1
C1278,2024-02-01,9,2024-11-01,1
C1278,2024-02-01,10,2024-12-01,1
C1279,2024-06-01,0,2024-06-01,1
C1279,2024-06-01,1,2024-07-01,1
C1279,2024-06-01,2,2024-08-01,1
C1279,2024-06-01,3,2024-09-01,1
C1279,2024-06-01,4,2024-10-01,1
C1279,2024-06-01,5,2024-11-01,1
C1279,2024-06-01,6,2024-12-01,1
C1280,2024-04-01,0,2024-04-01,1
C1280,2024-04-01,1,2024-05-01,1
C1280,2024-04-01,2,2024-06-01,1
C1280,2024-04-01,3,2024-07-01,1
C1280,2024-04-01,4,2024-08-01,1
C1280,2024-04-01,5,2024-09-01,1
C1280,2024-04-01,6,2024-10-01,1
C1280,2024-04-01,7,2024-11-01,1
C1280,2024-04-01,8,2024-12-01,1
C1281,2024-05-01,0,2024-05-01,1
C1281,2024-05-01,1,2024-06-01,1
C1281,2024-05-01,2,2024-07-01,1
C1281,2024-05-01,3,2024-08-01,1
C1281,2024-05-01,4,2024-09-01,1
C1281,2024-05-01,5,2024-10-01,1
C1281,2024-05-01,6,2024-11-01,1
C1281,2024-05-01,7,2024-12-01,1
C1282,2024-12-01,0,2024-12-01,1
C1283,2023-04-01,0,2023-04-01,1
C1283,2023-04-01,1,2023-05-01,1
C1283,2023-04-01,2,2023-06-01,1
C1283,2023-04-01,3,2023-07-01,1
C1283,2023-04-01,4,2023-08-01,1
C1283,2023-04-01,5,2023-09-01,1
C1283,2023-04-01,6,2023-10-01,1
C1283,2023-04-01,7,2023-11-01,1
C1283,2023-04-01,8,2023-12-01,1
C1283,2023-04-01,9,2024-01-01,1
C1283,2023-04-01,10,2024-02-01,1
C1283,2023-04-01,11,2024-03-01,1
C1283,2023-04-01,12,2024-04-01,1
C1283,2023-04-01,13,2024-05-01,1
C1283,2023-04-01,14,2024-06-01,1
C1283,2023-04-01,15,2024-07-01,1
C1283,2023-04-01,16,2024-08-01,1
C1283,2023-04-01,17,2024-09-01,1
C1283,2023-04-01,18,2024-10-01,1
C1283,2023-04-01,19,2024-11-01,1
C1283,2023-04-01,20,2024-12-01,1
C1284,2024-12-01,0,2024-12-01,1
C1285,2023-05-01,0,2023-05-01,1
C1285,2023-05-01,1,2023-06-01,1
C1285,2023-05-01,2,2023-07-01,1
C1285,2023-05-01,3,2023-08-01,1
C1285,2023-05-01,4,2023-09-01,1
C1285,2023-05-01,5,2023-10-01,1
C1285,2023-05-01,6,2023-11-01,1
C1285,2023-05-01,7,2023-12-01,1
C1285,2023-05-01,8,2024-01-01,1
C1285,2023-05-01,9,2024-02-01,1
C1285,2023-05-01,10,2024-03-01,1
C1285,2023-05-01,11,2024-04-01,1
C1285,2023-05-01,12,2024-05-01,1
C1285,2023-05-01,13,2024-06-01,1
C1285,2023-05-01,14,2024-07-01,1
C1285,2023-05-01,15,2024-08-01,1
C1285,2023-05-01,16,2024-09-01,1
C1285,2023-05-01,17,2024-10-01,1
C1285,2023-05-01,18,2024-11-01,1
C1285,2023-05-01,19,2024-12-01,1
C1286,2023-10-01,0,2023-10-01,1
C1286,2023-10-01,1,2023-11-01,1
C1286,2023-10-01,2,2023-12-01,1
C1286,2023-10-01,3,2024-01-01,1
C1286,2023-10-01,4,2024-02-01,1
C1286,2023-10-01,5,2024-03-01,1
C1286,2023-10-01,6,2024-04-01,1
C1286,2023-10-01,7,2024-05-01,1
C1286,2023-10-01,8,2024-06-01,1
C1286,2023-10-01,9,2024-07-01,1
C1286,2023-10-01,10,2024-08-01,1
C1286,2023-10-01,11,2024-09-01,1
C1286,2023-10-01,12,2024-10-01,1
C1286,2023-10-01,13,2024-11-01,1
C1286,2023-10-01,14,2024-12-01,1
C1287,2023-09-01,0,2023-09-01,1
C1287,2023-09-01,1,2023-10-01,1
C1287,2023-09-01,2,2023-11-01,1
C1287,2023-09-01,3,2023-12-01,1
C1287,2023-09-01,4,2024-01-01,1
C1287,2023-09-01,5,2024-02-01,1
C1287,2023-09-01,6,2024-03-01,1
C1287,2023-09-01,7,2024-04-01,1
C1287,2023-09-01,8,2024-05-01,1
C1287,2023-09-01,9,2024-06-01,1
C1287,2023-09-01,10,2024-07-01,1
C1287,2023-09-01,11,2024-08-01,1
C1287,2023-09-01,12,2024-09-01,1
C1287,2023-09-01,13,2024-10-01,1
C1287,2023-09-01,14,2024-11-01,1
C1287,2023-09-01,15,2024-12-01,0
C1288,2024-09-01,0,2024-09-01,1
C1288,2024-09-01,1,2024-10-01,1
C1288,2024-09-01,2,2024-11-01,1
C1288,2024-09-01,3,2024-12-01,1
C1289,2023-02-01,0,2023-02-01,1
C1289,2023-02-01,1,2023-03-01,1
C1289,2023-02-01,2,2023-04-01,1
C1289,2023-02-01,3,2023-05-01,1
C1289,2023-02-01,4,2023-06-01,1
C1289,2023-02-01,5,2023-07-01,1
C1289,2023-02-01,6,2023-08-01,1
C1289,2023-02-01,7,2023-09-01,1
C1289,2023-02-01,8,2023-10-01,1
C1289,2023-02-01,9,2023-11-01,1
C1289,2023-02-01,10,2023-12-01,1
C1289,2023-02-01,11,2024-01-01,1
C1289,2023-02-01,12,2024-02-01,1
C1289,2023-02-01,13,2024-03-01,1
C1289,2023-02-01,14,2024-04-01,1
C1289,2023-02-01,15,2024-05-01,1
C1289,2023-02-01,16,2024-06-01,1
C1289,2023-02-01,17,2024-07-01,1
C1289,2023-02-01,18,2024-08-01,1
C1289,2023-02-01,19,2024-09-01,1
C1289,2023-02-01,20,2024-10-01,1
C1289,2023-02-01,21,2024-11-01,1
C1289,2023-02-01,22,2024-12-01,1
C1290,2023-05-01,0,2023-05-01,1
C1290,2023-05-01,1,2023-06-01,1
C1290,2023-05-01,2,2023-07-01,1
C1290,2023-05-01,3,2023-08-01,1
C1290,2023-05-01,4,2023-09-01,1
C1290,2023-05-01,5,2023-10-01,1
C1290,2023-05-01,6,2023-11-01,1
C1290,2023-05-01,7,2023-12-01,1
C1290,2023-05-01,8,2024-01-01,1
C1290,2023-05-01,9,2024-02-01,1
C1290,2023-05-01,10,2024-03-01,1
C1290,2023-05-01,11,2024-04-01,1
C1290,2023-05-01,12,2024-05-01,1
C1290,2023-05-01,13,2024-06-01,1
C1290,2023-05-01,14,2024-07-01,1
C1290,2023-05-01,15,2024-08-01,1
C1290,2023-05-01,16,2024-09-01,1
C1290,2023-05-01,17,2024-10-01,1
C1290,2023-05-01,18,2024-11-01,1
C1290,2023-05-01,19,2024-12-01,1
C1291,2024-11-01,0,2024-11-01,1
C1291,2024-11-01,1,2024-12-01,1
C1292,2024-06-01,0,2024-06-01,1
C1292,2024-06-01,1,2024-07-01,1
C1292,2024-06-01,2,2024-08-01,1
C1292,2024-06-01,3,2024-09-01,1
C1292,2024-06-01,4,2024-10-01,1
C1292,2024-06-01,5,2024-11-01,1
C1292,2024-06-01,6,2024-12-01,1
C1293,2024-06-01,0,2024-06-01,1
C1293,2024-06-01,1,2024-07-01,1
C1293,2024-06-01,2,2024-08-01,1
C1293,2024-06-01,3,2024-09-01,1
C1293,2024-06-01,4,2024-10-01,1
C1293,2024-06-01,5,2024-11-01,1
C1293,2024-06-01,6,2024-12-01,1
C1294,2023-07-01,0,2023-07-01,1
C1294,2023-07-01,1,2023-08-01,1
C1294,2023-07-01,2,2023-09-01,1
C1294,2023-07-01,3,2023-10-01,1
C1294,2023-07-01,4,2023-11-01,1
C1294,2023-07-01,5,2023-12-01,1
C1294,2023-07-01,6,2024-01-01,1
C1294,2023-07-01,7,2024-02-01,1
C1294,2023-07-01,8,2024-03-01,0
C1294,2023-07-01,9,2024-04-01,0
C1294,2023-07-01,10,2024-05-01,0
C1294,2023-07-01,11,2024-06-01,0
C1294,2023-07-01,12,2024-07-01,0
C1294,2023-07-01,13,2024-08-01,0
C1294,2023-07-01,14,2024-09-01,0
C1294,2023-07-01,15,2024-10-01,0
C1294,2023-07-01,16,2024-11-01,0
C1294,2023-07-01,17,2024-12-01,0
C1295,2024-05-01,0,2024-05-01,1
C1295,2024-05-01,1,2024-06-01,1
C1295,2024-05-01,2,2024-07-01,1
C1295,2024-05-01,3,2024-08-01,1
C1295,2024-05-01,4,2024-09-01,1
C1295,2024-05-01,5,2024-10-01,1
C1295,2024-05-01,6,2024-11-01,1
C1295,2024-05-01,7,2024-12-01,1
C1296,2023-02-01,0,2023-02-01,1
C1296,2023-02-01,1,2023-03-01,1
C1296,2023-02-01,2,2023-04-01,1
C1296,2023-02-01,3,2023-05-01,1
C1296,2023-02-01,4,2023-06-01,1
C1296,2023-02-01,5,2023-07-01,1
C1296,2023-02-01,6,2023-08-01,1
C1296,2023-02-01,7,2023-09-01,1
C1296,2023-02-01,8,2023-10-01,1
C1296,2023-02-01,9,2023-11-01,1
C1296,2023-02-01,10,2023-12-01,1
C1296,2023-02-01,11,2024-01-01,1
C1296,2023-02-01,12,2024-02-01,1
C1296,2023-02-01,13,2024-03-01,1
C1296,2023-02-01,14,2024-04-01,1
C1296,2023-02-01,15,2024-05-01,1
C1296,2023-02-01,16,2024-06-01,1
C1296,2023-02-01,17,2024-07-01,1
C1296,2023-02-01,18,2024-08-01,1
C1296,2023-02-01,19,2024-09-01,1
C1296,2023-02-01,20,2024-10-01,1
C1296,2023-02-01,21,2024-11-01,1
C1296,2023-02-01,22,2024-12-01,1
C1297,2023-09-01,0,2023-09-01,1
C1297,2023-09-01,1,2023-10-01,1
C1297,2023-09-01,2,2023-11-01,1
C1297,2023-09-01,3,2023-12-01,1
C1297,2023-09-01,4,2024-01-01,1
C1297,2023-09-01,5,2024-02-01,1
C1297,2023-09-01,6,2024-03-01,1
C1297,2023-09-01,7,2024-04-01,1
C1297,2023-09-01,8,2024-05-01,1
C1297,2023-09-01,9,2024-06-01,1
C1297,2023-09-01,10,2024-07-01,1
C1297,2023-09-01,11,2024-08-01,1
C1297,2023-09-01,12,2024-09-01,1
C1297,2023-09-01,13,2024-10-01,1
C1297,2023-09-01,14,2024-11-01,1
C1297,2023-09-01,15,2024-12-01,1
C1298,2023-04-01,0,2023-04-01,1
C1298,2023-04-01,1,2023-05-01,1
C1298,2023-04-01,2,2023-06-01,1
C1298,2023-04-01,3,2023-07-01,1
C1298,2023-04-01,4,2023-08-01,1
C1298,2023-04-01,5,2023-09-01,1
C1298,2023-04-01,6,2023-10-01,1
C1298,2023-04-01,7,2023-11-01,1
C1298,2023-04-01,8,2023-12-01,1
C1298,2023-04-01,9,2024-01-01,1
C1298,2023-04-01,10,2024-02-01,1
C1298,2023-04-01,11,2024-03-01,1
C1298,2023-04-01,12,2024-04-01,1
C1298,2023-04-01,13,2024-05-01,1
C1298,2023-04-01,14,2024-06-01,1
C1298,2023-04-01,15,2024-07-01,1
C1298,2023-04-01,16,2024-08-01,1
C1298,2023-04-01,17,2024-09-01,1
C1298,2023-04-01,18,2024-10-01,1
C1298,2023-04-01,19,2024-11-01,1
C1298,2023-04-01,20,2024-12-01,1
C1299,2023-08-01,0,2023-08-01,1
C1299,2023-08-01,1,2023-09-01,1
C1299,2023-08-01,2,2023-10-01,1
C1299,2023-08-01,3,2023-11-01,1
C1299,2023-08-01,4,2023-12-01,1
C1299,2023-08-01,5,2024-01-01,1
C1299,2023-08-01,6,2024-02-01,1
C1299,2023-08-01,7,2024-03-01,1
C1299,2023-08-01,8,2024-04-01,1
C1299,2023-08-01,9,2024-05-01,1
C1299,2023-08-01,10,2024-06-01,1
C1299,2023-08-01,11,2024-07-01,1
C1299,2023-08-01,12,2024-08-01,1
C1299,2023-08-01,13,2024-09-01,1
C1299,2023-08-01,14,2024-10-01,1
C1299,2023-08-01,15,2024-11-01,1
C1299,2023-08-01,16,2024-12-01,1
C1300,2023-06-01,0,2023-06-01,1
C1300,2023-06-01,1,2023-07-01,1
C1300,2023-06-01,2,2023-08-01,1
C1300,2023-06-01,3,2023-09-01,1
C1300,2023-06-01,4,2023-10-01,1
C1300,2023-06-01,5,2023-11-01,1
C1300,2023-06-01,6,2023-12-01,1
C1300,2023-06-01,7,2024-01-01,1
C1300,2023-06-01,8,2024-02-01,1
C1300,2023-06-01,9,2024-03-01,1
C1300,2023-06-01,10,2024-04-01,1
C1300,2023-06-01,11,2024-05-01,1
C1300,2023-06-01,12,2024-06-01,1
C1300,2023-06-01,13,2024-07-01,1
C1300,2023-06-01,14,2024-08-01,1
C1300,2023-06-01,15,2024-09-01,1
C1300,2023-06-01,16,2024-10-01,1
C1300,2023-06-01,17,2024-11-01,1
C1300,2023-06-01,18,2024-12-01,1
C1301,2023-02-01,0,2023-02-01,1
C1301,2023-02-01,1,2023-03-01,1
C1301,2023-02-01,2,2023-04-01,1
C1301,2023-02-01,3,2023-05-01,1
C1301,2023-02-01,4,2023-06-01,1
C1301,2023-02-01,5,2023-07-01,0
C1301,2023-02-01,6,2023-08-01,0
C1301,2023-02-01,7,2023-09-01,0
C1301,2023-02-01,8,2023-10-01,0
C1301,2023-02-01,9,2023-11-01,0
C1301,2023-02-01,10,2023-12-01,0
C1301,2023-02-01,11,2024-01-01,0
C1301,2023-02-01,12,2024-02-01,0
C1301,2023-02-01,13,2024-03-01,0
C1301,2023-02-01,14,2024-04-01,0
C1301,2023-02-01,15,2024-05-01,0
C1301,2023-02-01,16,2024-06-01,0
C1301,2023-02-01,17,2024-07-01,0
C1301,2023-02-01,18,2024-08-01,0
C1301,2023-02-01,19,2024-09-01,0
C1301,2023-02-01,20,2024-10-01,0
C1301,2023-02-01,21,2024-11-01,0
C1301,2023-02-01,22,2024-12-01,0
C1302,2024-05-01,0,2024-05-01,1
C1302,2024-05-01,1,2024-06-01,1
C1302,2024-05-01,2,2024-07-01,1
C1302,2024-05-01,3,2024-08-01,1
C1302,2024-05-01,4,2024-09-01,1
C1302,2024-05-01,5,2024-10-01,1
C1302,2024-05-01,6,2024-11-01,1
C1302,2024-05-01,7,2024-12-01,1
C1303,2023-08-01,0,2023-08-01,1
C1303,2023-08-01,1,2023-09-01,1
C1303,2023-08-01,2,2023-10-01,1
C1303,2023-08-01,3,2023-11-01,1
C1303,2023-08-01,4,2023-12-01,1
C1303,2023-08-01,5,2024-01-01,1
C1303,2023-08-01,6,2024-02-01,1
C1303,2023-08-01,7,2024-03-01,1
C1303,2023-08-01,8,2024-04-01,1
C1303,2023-08-01,9,2024-05-01,1
C1303,2023-08-01,10,2024-06-01,1
C1303,2023-08-01,11,2024-07-01,1
C1303,2023-08-01,12,2024-08-01,1
C1303,2023-08-01,13,2024-09-01,1
C1303,2023-08-01,14,2024-10-01,1
C1303,2023-08-01,15,2024-11-01,1
C1303,2023-08-01,16,2024-12-01,1
C1304,2023-10-01,0,2023-10-01,1
C1304,2023-10-01,1,2023-11-01,1
C1304,2023-10-01,2,2023-12-01,1
C1304,2023-10-01,3,2024-01-01,1
C1304,2023-10-01,4,2024-02-01,1
C1304,2023-10-01,5,2024-03-01,1
C1304,2023-10-01,6,2024-04-01,1
C1304,2023-10-01,7,2024-05-01,1
C1304,2023-10-01,8,2024-06-01,1
C1304,2023-10-01,9,2024-07-01,1
C1304,2023-10-01,10,2024-08-01,1
C1304,2023-10-01,11,2024-09-01,1
C1304,2023-10-01,12,2024-10-01,1
C1304,2023-10-01,13,2024-11-01,1
C1304,2023-10-01,14,2024-12-01,1
C1305,2024-11-01,0,2024-11-01,1
C1305,2024-11-01,1,2024-12-01,1
C1306,2024-06-01,0,2024-06-01,1
C1306,2024-06-01,1,2024-07-01,1
C1306,2024-06-01,2,2024-08-01,1
C1306,2024-06-01,3,2024-09-01,1
C1306,2024-06-01,4,2024-10-01,1
C1306,2024-06-01,5,2024-11-01,1
C1306,2024-06-01,6,2024-12-01,1
C1307,2023-09-01,0,2023-09-01,1
C1307,2023-09-01,1,2023-10-01,1
C1307,2023-09-01,2,2023-11-01,1
C1307,2023-09-01,3,2023-12-01,1
C1307,2023-09-01,4,2024-01-01,1
C1307,2023-09-01,5,2024-02-01,1
C1307,2023-09-01,6,2024-03-01,1
C1307,2023-09-01,7,2024-04-01,1
C1307,2023-09-01,8,2024-05-01,1
C1307,2023-09-01,9,2024-06-01,1
C1307,2023-09-01,10,2024-07-01,1
C1307,2023-09-01,11,2024-08-01,1
C1307,2023-09-01,12,2024-09-01,1
C1307,2023-09-01,13,2024-10-01,1
C1307,2023-09-01,14,2024-11-01,1
C1307,2023-09-01,15,2024-12-01,1
C1308,2024-07-01,0,2024-07-01,1
C1308,2024-07-01,1,2024-08-01,1
C1308,2024-07-01,2,2024-09-01,1
C1308,2024-07-01,3,2024-10-01,1
C1308,2024-07-01,4,2024-11-01,1
C1308,2024-07-01,5,2024-12-01,1
C1309,2023-02-01,0,2023-02-01,1
C1309,2023-02-01,1,2023-03-01,1
C1309,2023-02-01,2,2023-04-01,1
C1309,2023-02-01,3,2023-05-01,1
C1309,2023-02-01,4,2023-06-01,1
C1309,2023-02-01,5,2023-07-01,1
C1309,2023-02-01,6,2023-08-01,1
C1309,2023-02-01,7,2023-09-01,1
C1309,2023-02-01,8,2023-10-01,1
C1309,2023-02-01,9,2023-11-01,1
C1309,2023-02-01,10,2023-12-01,1
C1309,2023-02-01,11,2024-01-01,1
C1309,2023-02-01,12,2024-02-01,1
C1309,2023-02-01,13,2024-03-01,1
C1309,2023-02-01,14,2024-04-01,1
C1309,2023-02-01,15,2024-05-01,1
C1309,2023-02-01,16,2024-06-01,1
C1309,2023-02-01,17,2024-07-01,1
C1309,2023-02-01,18,2024-08-01,1
C1309,2023-02-01,19,2024-09-01,1
C1309,2023-02-01,20,2024-10-01,1
C1309,2023-02-01,21,2024-11-01,1
C1309,2023-02-01,22,2024-12-01,1
C1310,2024-08-01,0,2024-08-01,1
C1310,2024-08-01,1,2024-09-01,1
C1310,2024-08-01,2,2024-10-01,1
C1310,2024-08-01,3,2024-11-01,1
C1310,2024-08-01,4,2024-12-01,1
C1311,2024-03-01,0,2024-03-01,1
C1311,2024-03-01,1,2024-04-01,1
C1311,2024-03-01,2,2024-05-01,1
C1311,2024-03-01,3,2024-06-01,1
C1311,2024-03-01,4,2024-07-01,0
C1311,2024-03-01,5,2024-08-01,0
C1311,2024-03-01,6,2024-09-01,0
C1311,2024-03-01,7,2024-10-01,0
C1311,2024-03-01,8,2024-11-01,0
C1311,2024-03-01,9,2024-12-01,0
C1312,2023-12-01,0,2023-12-01,1
C1312,2023-12-01,1,2024-01-01,1
C1312,2023-12-01,2,2024-02-01,1
C1312,2023-12-01,3,2024-03-01,1
C1312,2023-12-01,4,2024-04-01,1
C1312,2023-12-01,5,2024-05-01,1
C1312,2023-12-01,6,2024-06-01,1
C1312,2023-12-01,7,2024-07-01,1
C1312,2023-12-01,8,2024-08-01,1
C1312,2023-12-01,9,2024-09-01,1
C1312,2023-12-01,10,2024-10-01,1
C1312,2023-12-01,11,2024-11-01,1
C1312,2023-12-01,12,2024-12-01,1
C1313,2023-06-01,0,2023-06-01,1
C1313,2023-06-01,1,2023-07-01,1
C1313,2023-06-01,2,2023-08-01,1
C1313,2023-06-01,3,2023-09-01,1
C1313,2023-06-01,4,2023-10-01,1
C1313,2023-06-01,5,2023-11-01,1
C1313,2023-06-01,6,2023-12-01,1
C1313,2023-06-01,7,2024-01-01,1
C1313,2023-06-01,8,2024-02-01,1
C1313,2023-06-01,9,2024-03-01,1
C1313,2023-06-01,10,2024-04-01,1
C1313,2023-06-01,11,2024-05-01,1
C1313,2023-06-01,12,2024-06-01,1
C1313,2023-06-01,13,2024-07-01,1
C1313,2023-06-01,14,2024-08-01,1
C1313,2023-06-01,15,2024-09-01,1
C1313,2023-06-01,16,2024-10-01,1
C1313,2023-06-01,17,2024-11-01,1
C1313,2023-06-01,18,2024-12-01,1
C1314,2023-01-01,0,2023-01-01,1
C1314,2023-01-01,1,2023-02-01,1
C1314,2023-01-01,2,2023-03-01,1
C1314,2023-01-01,3,2023-04-01,1
C1314,2023-01-01,4,2023-05-01,1
C1314,2023-01-01,5,2023-06-01,1
C1314,2023-01-01,6,2023-07-01,1
C1314,2023-01-01,7,2023-08-01,1
C1314,2023-01-01,8,2023-09-01,1
C1314,2023-01-01,9,2023-10-01,1
C1314,2023-01-01,10,2023-11-01,1
C1314,2023-01-01,11,2023-12-01,1
C1314,2023-01-01,12,2024-01-01,1
C1314,2023-01-01,13,2024-02-01,1
C1314,2023-01-01,14,2024-03-01,1
C1314,2023-01-01,15,2024-04-01,1
C1314,2023-01-01,16,2024-05-01,1
C1314,2023-01-01,17,2024-06-01,1
C1314,2023-01-01,18,2024-07-01,1
C1314,2023-01-01,19,2024-08-01,1
C1314,2023-01-01,20,2024-09-01,1
C1314,2023-01-01,21,2024-10-01,1
C1314,2023-01-01,22,2024-11-01,1
C1314,2023-01-01,23,2024-12-01,1
C1315,2024-07-01,0,2024-07-01,1
C1315,2024-07-01,1,2024-08-01,1
C1315,2024-07-01,2,2024-09-01,1
C1315,2024-07-01,3,2024-10-01,1
C1315,2024-07-01,4,2024-11-01,1
C1315,2024-07-01,5,2024-12-01,1
C1316,2023-08-01,0,2023-08-01,1
C1316,2023-08-01,1,2023-09-01,1
C1316,2023-08-01,2,2023-10-01,1
C1316,2023-08-01,3,2023-11-01,1
C1316,2023-08-01,4,2023-12-01,1
C1316,2023-08-01,5,2024-01-01,1
C1316,2023-08-01,6,2024-02-01,1
C1316,2023-08-01,7,2024-03-01,1
C1316,2023-08-01,8,2024-04-01,1
C1316,2023-08-01,9,2024-05-01,1
C1316,2023-08-01,10,2024-06-01,1
C1316,2023-08-01,11,2024-07-01,1
C1316,2023-08-01,12,2024-08-01,1
C1316,2023-08-01,13,2024-09-01,1
C1316,2023-08-01,14,2024-10-01,1
C1316,2023-08-01,15,2024-11-01,1
C1316,2023-08-01,16,2024-12-01,1
C1317,2024-08-01,0,2024-08-01,1
C1317,2024-08-01,1,2024-09-01,1
C1317,2024-08-01,2,2024-10-01,1
C1317,2024-08-01,3,2024-11-01,1
C1317,2024-08-01,4,2024-12-01,1
C1318,2023-09-01,0,2023-09-01,1
C1318,2023-09-01,1,2023-10-01,1
C1318,2023-09-01,2,2023-11-01,1
C1318,2023-09-01,3,2023-12-01,1
C1318,2023-09-01,4,2024-01-01,1
C1318,2023-09-01,5,2024-02-01,1
C1318,2023-09-01,6,2024-03-01,1
C1318,2023-09-01,7,2024-04-01,1
C1318,2023-09-01,8,2024-05-01,1
C1318,2023-09-01,9,2024-06-01,1
C1318,2023-09-01,10,2024-07-01,1
C1318,2023-09-01,11,2024-08-01,1
C1318,2023-09-01,12,2024-09-01,1
C1318,2023-09-01,13,2024-10-01,1
C1318,2023-09-01,14,2024-11-01,1
C1318,2023-09-01,15,2024-12-01,1
C1319,2024-08-01,0,2024-08-01,1
C1319,2024-08-01,1,2024-09-01,1
C1319,2024-08-01,2,2024-10-01,1
C1319,2024-08-01,3,2024-11-01,1
C1319,2024-08-01,4,2024-12-01,1
C1320,2024-05-01,0,2024-05-01,1
C1320,2024-05-01,1,2024-06-01,1
C1320,2024-05-01,2,2024-07-01,1
C1320,2024-05-01,3,2024-08-01,1
C1320,2024-05-01,4,2024-09-01,1
C1320,2024-05-01,5,2024-10-01,1
C1320,2024-05-01,6,2024-11-01,1
C1320,2024-05-01,7,2024-12-01,1
C1321,2024-08-01,0,2024-08-01,1
C1321,2024-08-01,1,2024-09-01,1
C1321,2024-08-01,2,2024-10-01,1
C1321,2024-08-01,3,2024-11-01,1
C1321,2024-08-01,4,2024-12-01,1
C1322,2023-09-01,0,2023-09-01,1
C1322,2023-09-01,1,2023-10-01,1
C1322,2023-09-01,2,2023-11-01,1
C1322,2023-09-01,3,2023-12-01,1
C1322,2023-09-01,4,2024-01-01,1
C1322,2023-09-01,5,2024-02-01,1
C1322,2023-09-01,6,2024-03-01,1
C1322,2023-09-01,7,2024-04-01,1
C1322,2023-09-01,8,2024-05-01,1
C1322,2023-09-01,9,2024-06-01,1
C1322,2023-09-01,10,2024-07-01,1
C1322,2023-09-01,11,2024-08-01,1
C1322,2023-09-01,12,2024-09-01,1
C1322,2023-09-01,13,2024-10-01,1
C1322,2023-09-01,14,2024-11-01,1
C1322,2023-09-01,15,2024-12-01,1
C1323,2023-10-01,0,2023-10-01,1
C1323,2023-10-01,1,2023-11-01,1
C1323,2023-10-01,2,2023-12-01,1
C1323,2023-10-01,3,2024-01-01,1
C1323,2023-10-01,4,2024-02-01,1
C1323,2023-10-01,5,2024-03-01,1
C1323,2023-10-01,6,2024-04-01,1
C1323,2023-10-01,7,2024-05-01,1
C1323,2023-10-01,8,2024-06-01,1
C1323,2023-10-01,9,2024-07-01,1
C1323,2023-10-01,10,2024-08-01,1
C1323,2023-10-01,11,2024-09-01,1
C1323,2023-10-01,12,2024-10-01,1
C1323,2023-10-01,13,2024-11-01,1
C1323,2023-10-01,14,2024-12-01,1
C1324,2023-02-01,0,2023-02-01,1
C1324,2023-02-01,1,2023-03-01,1
C1324,2023-02-01,2,2023-04-01,1
C1324,2023-02-01,3,2023-05-01,1
C1324,2023-02-01,4,2023-06-01,1
C1324,2023-02-01,5,2023-07-01,1
C1324,2023-02-01,6,2023-08-01,1
C1324,2023-02-01,7,2023-09-01,1
C1324,2023-02-01,8,2023-10-01,1
C1324,2023-02-01,9,2023-11-01,1
C1324,2023-02-01,10,2023-12-01,1
C1324,2023-02-01,11,2024-01-01,1
C1324,2023-02-01,12,2024-02-01,1
C1324,2023-02-01,13,2024-03-01,1
C1324,2023-02-01,14,2024-04-01,1
C1324,2023-02-01,15,2024-05-01,1
C1324,2023-02-01,16,2024-06-01,1
C1324,2023-02-01,17,2024-07-01,1
C1324,2023-02-01,18,2024-08-01,1
C1324,2023-02-01,19,2024-09-01,1
C1324,2023-02-01,20,2024-10-01,1
C1324,2023-02-01,21,2024-11-01,1
C1324,2023-02-01,22,2024-12-01,1
C1325,2023-05-01,0,2023-05-01,1
C1325,2023-05-01,1,2023-06-01,1
C1325,2023-05-01,2,2023-07-01,1
C1325,2023-05-01,3,2023-08-01,1
C1325,2023-05-01,4,2023-09-01,1
C1325,2023-05-01,5,2023-10-01,1
C1325,2023-05-01,6,2023-11-01,1
C1325,2023-05-01,7,2023-12-01,1
C1325,2023-05-01,8,2024-01-01,1
C1325,2023-05-01,9,2024-02-01,1
C1325,2023-05-01,10,2024-03-01,1
C1325,2023-05-01,11,2024-04-01,1
C1325,2023-05-01,12,2024-05-01,1
C1325,2023-05-01,13,2024-06-01,1
C1325,2023-05-01,14,2024-07-01,1
C1325,2023-05-01,15,2024-08-01,1
C1325,2023-05-01,16,2024-09-01,1
C1325,2023-05-01,17,2024-10-01,1
C1325,2023-05-01,18,2024-11-01,1
C1325,2023-05-01,19,2024-12-01,1
C1326,2023-03-01,0,2023-03-01,1
C1326,2023-03-01,1,2023-04-01,1
C1326,2023-03-01,2,2023-05-01,1
C1326,2023-03-01,3,2023-06-01,1
C1326,2023-03-01,4,2023-07-01,1
C1326,2023-03-01,5,2023-08-01,1
C1326,2023-03-01,6,2023-09-01,1
C1326,2023-03-01,7,2023-10-01,1
C1326,2023-03-01,8,2023-11-01,1
C1326,2023-03-01,9,2023-12-01,1
C1326,2023-03-01,10,2024-01-01,1
C1326,2023-03-01,11,2024-02-01,1
C1326,2023-03-01,12,2024-03-01,1
C1326,2023-03-01,13,2024-04-01,1
C1326,2023-03-01,14,2024-05-01,1
C1326,2023-03-01,15,2024-06-01,1
C1326,2023-03-01,16,2024-07-01,1
C1326,2023-03-01,17,2024-08-01,1
C1326,2023-03-01,18,2024-09-01,1
C1326,2023-03-01,19,2024-10-01,1
C1326,2023-03-01,20,2024-11-01,1
C1326,2023-03-01,21,2024-12-01,1
C1327,2023-01-01,0,2023-01-01,1
C1327,2023-01-01,1,2023-02-01,1
C1327,2023-01-01,2,2023-03-01,1
C1327,2023-01-01,3,2023-04-01,1
C1327,2023-01-01,4,2023-05-01,1
C1327,2023-01-01,5,2023-06-01,1
C1327,2023-01-01,6,2023-07-01,1
C1327,2023-01-01,7,2023-08-01,1
C1327,2023-01-01,8,2023-09-01,1
C1327,2023-01-01,9,2023-10-01,1
C1327,2023-01-01,10,2023-11-01,1
C1327,2023-01-01,11,2023-12-01,1
C1327,2023-01-01,12,2024-01-01,1
C1327,2023-01-01,13,2024-02-01,1
C1327,2023-01-01,14,2024-03-01,1
C1327,2023-01-01,15,2024-04-01,1
C1327,2023-01-01,16,2024-05-01,1
C1327,2023-01-01,17,2024-06-01,1
C1327,2023-01-01,18,2024-07-01,1
C1327,2023-01-01,19,2024-08-01,1
C1327,2023-01-01,20,2024-09-01,1
C1327,2023-01-01,21,2024-10-01,1
C1327,2023-01-01,22,2024-11-01,1
C1327,2023-01-01,23,2024-12-01,1
C1328,2023-05-01,0,2023-05-01,1
C1328,2023-05-01,1,2023-06-01,1
C1328,2023-05-01,2,2023-07-01,1
C1328,2023-05-01,3,2023-08-01,1
C1328,2023-05-01,4,2023-09-01,1
C1328,2023-05-01,5,2023-10-01,1
C1328,2023-05-01,6,2023-11-01,1
C1328,2023-05-01,7,2023-12-01,1
C1328,2023-05-01,8,2024-01-01,1
C1328,2023-05-01,9,2024-02-01,1
C1328,2023-05-01,10,2024-03-01,1
C1328,2023-05-01,11,2024-04-01,1
C1328,2023-05-01,12,2024-05-01,0
C1328,2023-05-01,13,2024-06-01,0
C1328,2023-05-01,14,2024-07-01,0
C1328,2023-05-01,15,2024-08-01,0
C1328,2023-05-01,16,2024-09-01,0
C1328,2023-05-01,17,2024-10-01,0
C1328,2023-05-01,18,2024-11-01,0
C1328,2023-05-01,19,2024-12-01,0
C1329,2024-06-01,0,2024-06-01,1
C1329,2024-06-01,1,2024-07-01,1
C1329,2024-06-01,2,2024-08-01,1
C1329,2024-06-01,3,2024-09-01,1
C1329,2024-06-01,4,2024-10-01,1
C1329,2024-06-01,5,2024-11-01,1
C1329,2024-06-01,6,2024-12-01,1
C1330,2023-05-01,0,2023-05-01,1
C1330,2023-05-01,1,2023-06-01,1
C1330,2023-05-01,2,2023-07-01,1
C1330,2023-05-01,3,2023-08-01,1
C1330,2023-05-01,4,2023-09-01,1
C1330,2023-05-01,5,2023-10-01,1
C1330,2023-05-01,6,2023-11-01,1
C1330,2023-05-01,7,2023-12-01,1
C1330,2023-05-01,8,2024-01-01,1
C1330,2023-05-01,9,2024-02-01,1
C1330,2023-05-01,10,2024-03-01,1
C1330,2023-05-01,11,2024-04-01,1
C1330,2023-05-01,12,2024-05-01,1
C1330,2023-05-01,13,2024-06-01,1
C1330,2023-05-01,14,2024-07-01,1
C1330,2023-05-01,15,2024-08-01,1
C1330,2023-05-01,16,2024-09-01,1
C1330,2023-05-01,17,2024-10-01,1
C1330,2023-05-01,18,2024-11-01,1
C1330,2023-05-01,19,2024-12-01,1
C1331,2023-08-01,0,2023-08-01,1
C1331,2023-08-01,1,2023-09-01,1
C1331,2023-08-01,2,2023-10-01,1
C1331,2023-08-01,3,2023-11-01,1
C1331,2023-08-01,4,2023-12-01,1
C1331,2023-08-01,5,2024-01-01,1
C1331,2023-08-01,6,2024-02-01,1
C1331,2023-08-01,7,2024-03-01,1
C1331,2023-08-01,8,2024-04-01,1
C1331,2023-08-01,9,2024-05-01,1
C1331,2023-08-01,10,2024-06-01,1
C1331,2023-08-01,11,2024-07-01,1
C1331,2023-08-01,12,2024-08-01,1
C1331,2023-08-01,13,2024-09-01,1
C1331,2023-08-01,14,2024-10-01,1
C1331,2023-08-01,15,2024-11-01,1
C1331,2023-08-01,16,2024-12-01,1
C1332,2024-11-01,0,2024-11-01,1
C1332,2024-11-01,1,2024-12-01,1
C1333,2023-05-01,0,2023-05-01,1
C1333,2023-05-01,1,2023-06-01,1
C1333,2023-05-01,2,2023-07-01,1
C1333,2023-05-01,3,2023-08-01,1
C1333,2023-05-01,4,2023-09-01,1
C1333,2023-05-01,5,2023-10-01,1
C1333,2023-05-01,6,2023-11-01,1
C1333,2023-05-01,7,2023-12-01,1
C1333,2023-05-01,8,2024-01-01,1
C1333,2023-05-01,9,2024-02-01,1
C1333,2023-05-01,10,2024-03-01,1
C1333,2023-05-01,11,2024-04-01,1
C1333,2023-05-01,12,2024-05-01,1
C1333,2023-05-01,13,2024-06-01,1
C1333,2023-05-01,14,2024-07-01,0
C1333,2023-05-01,15,2024-08-01,0
C1333,2023-05-01,16,2024-09-01,0
C1333,2023-05-01,17,2024-10-01,0
C1333,2023-05-01,18,2024-11-01,0
C1333,2023-05-01,19,2024-12-01,0
C1335,2023-08-01,0,2023-08-01,1
C1335,2023-08-01,1,2023-09-01,1
C1335,2023-08-01,2,2023-10-01,1
C1335,2023-08-01,3,2023-11-01,1
C1335,2023-08-01,4,2023-12-01,1
C1335,2023-08-01,5,2024-01-01,1
C1335,2023-08-01,6,2024-02-01,1
C1335,2023-08-01,7,2024-03-01,1
C1335,2023-08-01,8,2024-04-01,1
C1335,2023-08-01,9,2024-05-01,1
C1335,2023-08-01,10,2024-06-01,1
C1335,2023-08-01,11,2024-07-01,1
C1335,2023-08-01,12,2024-08-01,1
C1335,2023-08-01,13,2024-09-01,1
C1335,2023-08-01,14,2024-10-01,1
C1335,2023-08-01,15,2024-11-01,1
C1335,2023-08-01,16,2024-12-01,1
C1336,2023-06-01,0,2023-06-01,1
C1336,2023-06-01,1,2023-07-01,1
C1336,2023-06-01,2,2023-08-01,1
C1336,2023-06-01,3,2023-09-01,1
C1336,2023-06-01,4,2023-10-01,1
C1336,2023-06-01,5,2023-11-01,1
C1336,2023-06-01,6,2023-12-01,1
C1336,2023-06-01,7,2024-01-01,1
C1336,2023-06-01,8,2024-02-01,1
C1336,2023-06-01,9,2024-03-01,1
C1336,2023-06-01,10,2024-04-01,1
C1336,2023-06-01,11,2024-05-01,1
C1336,2023-06-01,12,2024-06-01,1
C1336,2023-06-01,13,2024-07-01,1
C1336,2023-06-01,14,2024-08-01,1
C1336,2023-06-01,15,2024-09-01,1
C1336,2023-06-01,16,2024-10-01,1
C1336,2023-06-01,17,2024-11-01,1
C1336,2023-06-01,18,2024-12-01,1
C1337,2024-01-01,0,2024-01-01,1
C1337,2024-01-01,1,2024-02-01,1
C1337,2024-01-01,2,2024-03-01,1
C1337,2024-01-01,3,2024-04-01,1
C1337,2024-01-01,4,2024-05-01,1
C1337,2024-01-01,5,2024-06-01,1
C1337,2024-01-01,6,2024-07-01,1
C1337,2024-01-01,7,2024-08-01,1
C1337,2024-01-01,8,2024-09-01,1
C1337,2024-01-01,9,2024-10-01,1
C1337,2024-01-01,10,2024-11-01,1
C1337,2024-01-01,11,2024-12-01,1
C1338,2023-04-01,0,2023-04-01,1
C1338,2023-04-01,1,2023-05-01,1
C1338,2023-04-01,2,2023-06-01,1
C1338,2023-04-01,3,2023-07-01,1
C1338,2023-04-01,4,2023-08-01,1
C1338,2023-04-01,5,2023-09-01,1
C1338,2023-04-01,6,2023-10-01,1
C1338,2023-04-01,7,2023-11-01,1
C1338,2023-04-01,8,2023-12-01,1
C1338,2023-04-01,9,2024-01-01,1
C1338,2023-04-01,10,2024-02-01,1
C1338,2023-04-01,11,2024-03-01,1
C1338,2023-04-01,12,2024-04-01,1
C1338,2023-04-01,13,2024-05-01,1
C1338,2023-04-01,14,2024-06-01,1
C1338,2023-04-01,15,2024-07-01,1
C1338,2023-04-01,16,2024-08-01,1
C1338,2023-04-01,17,2024-09-01,1
C1338,2023-04-01,18,2024-10-01,1
C1338,2023-04-01,19,2024-11-01,1
C1338,2023-04-01,20,2024-12-01,1
C1339,2023-02-01,0,2023-02-01,1
C1339,2023-02-01,1,2023-03-01,1
C1339,2023-02-01,2,2023-04-01,1
C1339,2023-02-01,3,2023-05-01,1
C1339,2023-02-01,4,2023-06-01,1
C1339,2023-02-01,5,2023-07-01,1
C1339,2023-02-01,6,2023-08-01,1
C1339,2023-02-01,7,2023-09-01,1
C1339,2023-02-01,8,2023-10-01,1
C1339,2023-02-01,9,2023-11-01,1
C1339,2023-02-01,10,2023-12-01,1
C1339,2023-02-01,11,2024-01-01,1
C1339,2023-02-01,12,2024-02-01,1
C1339,2023-02-01,13,2024-03-01,1
C1339,2023-02-01,14,2024-04-01,1
C1339,2023-02-01,15,2024-05-01,1
C1339,2023-02-01,16,2024-06-01,1
C1339,2023-02-01,17,2024-07-01,1
C1339,2023-02-01,18,2024-08-01,1
C1339,2023-02-01,19,2024-09-01,1
C1339,2023-02-01,20,2024-10-01,1
C1339,2023-02-01,21,2024-11-01,1
C1339,2023-02-01,22,2024-12-01,1
C1340,2024-03-01,0,2024-03-01,1
C1340,2024-03-01,1,2024-04-01,1
C1340,2024-03-01,2,2024-05-01,1
C1340,2024-03-01,3,2024-06-01,1
C1340,2024-03-01,4,2024-07-01,1
C1340,2024-03-01,5,2024-08-01,1
C1340,2024-03-01,6,2024-09-01,1
C1340,2024-03-01,7,2024-10-01,1
C1340,2024-03-01,8,2024-11-01,1
C1340,2024-03-01,9,2024-12-01,1
C1341,2023-03-01,0,2023-03-01,1
C1341,2023-03-01,1,2023-04-01,1
C1341,2023-03-01,2,2023-05-01,1
C1341,2023-03-01,3,2023-06-01,1
C1341,2023-03-01,4,2023-07-01,1
C1341,2023-03-01,5,2023-08-01,1
C1341,2023-03-01,6,2023-09-01,1
C1341,2023-03-01,7,2023-10-01,1
C1341,2023-03-01,8,2023-11-01,1
C1341,2023-03-01,9,2023-12-01,1
C1341,2023-03-01,10,2024-01-01,1
C1341,2023-03-01,11,2024-02-01,1
C1341,2023-03-01,12,2024-03-01,1
C1341,2023-03-01,13,2024-04-01,1
C1341,2023-03-01,14,2024-05-01,1
C1341,2023-03-01,15,2024-06-01,1
C1341,2023-03-01,16,2024-07-01,1
C1341,2023-03-01,17,2024-08-01,1
C1341,2023-03-01,18,2024-09-01,1
C1341,2023-03-01,19,2024-10-01,1
C1341,2023-03-01,20,2024-11-01,1
C1341,2023-03-01,21,2024-12-01,1
C1342,2023-05-01,0,2023-05-01,1
C1342,2023-05-01,1,2023-06-01,1
C1342,2023-05-01,2,2023-07-01,1
C1342,2023-05-01,3,2023-08-01,1
C1342,2023-05-01,4,2023-09-01,1
C1342,2023-05-01,5,2023-10-01,1
C1342,2023-05-01,6,2023-11-01,1
C1342,2023-05-01,7,2023-12-01,1
C1342,2023-05-01,8,2024-01-01,1
C1342,2023-05-01,9,2024-02-01,1
C1342,2023-05-01,10,2024-03-01,1
C1342,2023-05-01,11,2024-04-01,1
C1342,2023-05-01,12,2024-05-01,1
C1342,2023-05-01,13,2024-06-01,1
C1342,2023-05-01,14,2024-07-01,1
C1342,2023-05-01,15,2024-08-01,1
C1342,2023-05-01,16,2024-09-01,1
C1342,2023-05-01,17,2024-10-01,1
C1342,2023-05-01,18,2024-11-01,1
C1342,2023-05-01,19,2024-12-01,1
C1343,2024-12-01,0,2024-12-01,1
C1344,2023-08-01,0,2023-08-01,1
C1344,2023-08-01,1,2023-09-01,1
C1344,2023-08-01,2,2023-10-01,1
C1344,2023-08-01,3,2023-11-01,1
C1344,2023-08-01,4,2023-12-01,1
C1344,2023-08-01,5,2024-01-01,1
C1344,2023-08-01,6,2024-02-01,1
C1344,2023-08-01,7,2024-03-01,1
C1344,2023-08-01,8,2024-04-01,1
C1344,2023-08-01,9,2024-05-01,1
C1344,2023-08-01,10,2024-06-01,1
C1344,2023-08-01,11,2024-07-01,1
C1344,2023-08-01,12,2024-08-01,1
C1344,2023-08-01,13,2024-09-01,1
C1344,2023-08-01,14,2024-10-01,1
C1344,2023-08-01,15,2024-11-01,1
C1344,2023-08-01,16,2024-12-01,1
C1345,2024-02-01,0,2024-02-01,1
C1345,2024-02-01,1,2024-03-01,1
C1345,2024-02-01,2,2024-04-01,1
C1345,2024-02-01,3,2024-05-01,1
C1345,2024-02-01,4,2024-06-01,1
C1345,2024-02-01,5,2024-07-01,1
C1345,2024-02-01,6,2024-08-01,1
C1345,2024-02-01,7,2024-09-01,1
C1345,2024-02-01,8,2024-10-01,1
C1345,2024-02-01,9,2024-11-01,1
C1345,2024-02-01,10,2024-12-01,1
C1346,2024-10-01,0,2024-10-01,1
C1346,2024-10-01,1,2024-11-01,1
C1346,2024-10-01,2,2024-12-01,1
C1347,2023-11-01,0,2023-11-01,1
C1347,2023-11-01,1,2023-12-01,1
C1347,2023-11-01,2,2024-01-01,1
C1347,2023-11-01,3,2024-02-01,1
C1347,2023-11-01,4,2024-03-01,1
C1347,2023-11-01,5,2024-04-01,1
C1347,2023-11-01,6,2024-05-01,1
C1347,2023-11-01,7,2024-06-01,1
C1347,2023-11-01,8,2024-07-01,1
C1347,2023-11-01,9,2024-08-01,1
C1347,2023-11-01,10,2024-09-01,1
C1347,2023-11-01,11,2024-10-01,1
C1347,2023-11-01,12,2024-11-01,1
C1347,2023-11-01,13,2024-12-01,1
C1348,2023-11-01,0,2023-11-01,1
C1348,2023-11-01,1,2023-12-01,1
C1348,2023-11-01,2,2024-01-01,1
C1348,2023-11-01,3,2024-02-01,1
C1348,2023-11-01,4,2024-03-01,1
C1348,2023-11-01,5,2024-04-01,1
C1348,2023-11-01,6,2024-05-01,1
C1348,2023-11-01,7,2024-06-01,1
C1348,2023-11-01,8,2024-07-01,1
C1348,2023-11-01,9,2024-08-01,1
C1348,2023-11-01,10,2024-09-01,1
C1348,2023-11-01,11,2024-10-01,1
C1348,2023-11-01,12,2024-11-01,1
C1348,2023-11-01,13,2024-12-01,1
C1349,2024-02-01,0,2024-02-01,1
C1349,2024-02-01,1,2024-03-01,1
C1349,2024-02-01,2,2024-04-01,1
C1349,2024-02-01,3,2024-05-01,1
C1349,2024-02-01,4,2024-06-01,1
C1349,2024-02-01,5,2024-07-01,1
C1349,2024-02-01,6,2024-08-01,1
C1349,2024-02-01,7,2024-09-01,1
C1349,2024-02-01,8,2024-10-01,1
C1349,2024-02-01,9,2024-11-01,1
C1349,2024-02-01,10,2024-12-01,1
C1350,2023-07-01,0,2023-07-01,1
C1350,2023-07-01,1,2023-08-01,1
C1350,2023-07-01,2,2023-09-01,1
C1350,2023-07-01,3,2023-10-01,1
C1350,2023-07-01,4,2023-11-01,1
C1350,2023-07-01,5,2023-12-01,1
C1350,2023-07-01,6,2024-01-01,1
C1350,2023-07-01,7,2024-02-01,1
C1350,2023-07-01,8,2024-03-01,1
C1350,2023-07-01,9,2024-04-01,1
C1350,2023-07-01,10,2024-05-01,1
C1350,2023-07-01,11,2024-06-01,1
C1350,2023-07-01,12,2024-07-01,1
C1350,2023-07-01,13,2024-08-01,1
C1350,2023-07-01,14,2024-09-01,1
C1350,2023-07-01,15,2024-10-01,1
C1350,2023-07-01,16,2024-11-01,1
C1350,2023-07-01,17,2024-12-01,1
C1351,2023-04-01,0,2023-04-01,1
C1351,2023-04-01,1,2023-05-01,1
C1351,2023-04-01,2,2023-06-01,1
C1351,2023-04-01,3,2023-07-01,1
C1351,2023-04-01,4,2023-08-01,1
C1351,2023-04-01,5,2023-09-01,1
C1351,2023-04-01,6,2023-10-01,1
C1351,2023-04-01,7,2023-11-01,1
C1351,2023-04-01,8,2023-12-01,1
C1351,2023-04-01,9,2024-01-01,1
C1351,2023-04-01,10,2024-02-01,1
C1351,2023-04-01,11,2024-03-01,1
C1351,2023-04-01,12,2024-04-01,1
C1351,2023-04-01,13,2024-05-01,1
C1351,2023-04-01,14,2024-06-01,1
C1351,2023-04-01,15,2024-07-01,1
C1351,2023-04-01,16,2024-08-01,1
C1351,2023-04-01,17,2024-09-01,1
C1351,2023-04-01,18,2024-10-01,1
C1351,2023-04-01,19,2024-11-01,1
C1351,2023-04-01,20,2024-12-01,1
C1352,2024-03-01,0,2024-03-01,1
C1352,2024-03-01,1,2024-04-01,1
C1352,2024-03-01,2,2024-05-01,1
C1352,2024-03-01,3,2024-06-01,1
C1352,2024-03-01,4,2024-07-01,1
C1352,2024-03-01,5,2024-08-01,1
C1352,2024-03-01,6,2024-09-01,1
C1352,2024-03-01,7,2024-10-01,1
C1352,2024-03-01,8,2024-11-01,1
C1352,2024-03-01,9,2024-12-01,1
C1354,2023-01-01,0,2023-01-01,1
C1354,2023-01-01,1,2023-02-01,1
C1354,2023-01-01,2,2023-03-01,1
C1354,2023-01-01,3,2023-04-01,1
C1354,2023-01-01,4,2023-05-01,1
C1354,2023-01-01,5,2023-06-01,1
C1354,2023-01-01,6,2023-07-01,1
C1354,2023-01-01,7,2023-08-01,1
C1354,2023-01-01,8,2023-09-01,1
C1354,2023-01-01,9,2023-10-01,1
C1354,2023-01-01,10,2023-11-01,1
C1354,2023-01-01,11,2023-12-01,1
C1354,2023-01-01,12,2024-01-01,1
C1354,2023-01-01,13,2024-02-01,1
C1354,2023-01-01,14,2024-03-01,1
C1354,2023-01-01,15,2024-04-01,1
C1354,2023-01-01,16,2024-05-01,1
C1354,2023-01-01,17,2024-06-01,1
C1354,2023-01-01,18,2024-07-01,1
C1354,2023-01-01,19,2024-08-01,1
C1354,2023-01-01,20,2024-09-01,1
C1354,2023-01-01,21,2024-10-01,1
C1354,2023-01-01,22,2024-11-01,1
C1354,2023-01-01,23,2024-12-01,1
C1355,2024-10-01,0,2024-10-01,1
C1355,2024-10-01,1,2024-11-01,1
C1355,2024-10-01,2,2024-12-01,1
C1356,2024-02-01,0,2024-02-01,1
C1356,2024-02-01,1,2024-03-01,1
C1356,2024-02-01,2,2024-04-01,1
C1356,2024-02-01,3,2024-05-01,1
C1356,2024-02-01,4,2024-06-01,1
C1356,2024-02-01,5,2024-07-01,1
C1356,2024-02-01,6,2024-08-01,1
C1356,2024-02-01,7,2024-09-01,1
C1356,2024-02-01,8,2024-10-01,1
C1356,2024-02-01,9,2024-11-01,1
C1356,2024-02-01,10,2024-12-01,1
C1357,2023-01-01,0,2023-01-01,1
C1357,2023-01-01,1,2023-02-01,1
C1357,2023-01-01,2,2023-03-01,1
C1357,2023-01-01,3,2023-04-01,1
C1357,2023-01-01,4,2023-05-01,1
C1357,2023-01-01,5,2023-06-01,1
C1357,2023-01-01,6,2023-07-01,1
C1357,2023-01-01,7,2023-08-01,1
C1357,2023-01-01,8,2023-09-01,1
C1357,2023-01-01,9,2023-10-01,1
C1357,2023-01-01,10,2023-11-01,1
C1357,2023-01-01,11,2023-12-01,1
C1357,2023-01-01,12,2024-01-01,1
C1357,2023-01-01,13,2024-02-01,1
C1357,2023-01-01,14,2024-03-01,1
C1357,2023-01-01,15,2024-04-01,1
C1357,2023-01-01,16,2024-05-01,1
C1357,2023-01-01,17,2024-06-01,1
C1357,2023-01-01,18,2024-07-01,1
C1357,2023-01-01,19,2024-08-01,1
C1357,2023-01-01,20,2024-09-01,1
C1357,2023-01-01,21,2024-10-01,1
C1357,2023-01-01,22,2024-11-01,1
C1357,2023-01-01,23,2024-12-01,1
C1358,2023-07-01,0,2023-07-01,1
C1358,2023-07-01,1,2023-08-01,1
C1358,2023-07-01,2,2023-09-01,1
C1358,2023-07-01,3,2023-10-01,1
C1358,2023-07-01,4,2023-11-01,1
C1358,2023-07-01,5,2023-12-01,1
C1358,2023-07-01,6,2024-01-01,1
C1358,2023-07-01,7,2024-02-01,1
C1358,2023-07-01,8,2024-03-01,1
C1358,2023-07-01,9,2024-04-01,1
C1358,2023-07-01,10,2024-05-01,1
C1358,2023-07-01,11,2024-06-01,1
C1358,2023-07-01,12,2024-07-01,1
C1358,2023-07-01,13,2024-08-01,1
C1358,2023-07-01,14,2024-09-01,1
C1358,2023-07-01,15,2024-10-01,1
C1358,2023-07-01,16,2024-11-01,0
C1358,2023-07-01,17,2024-12-01,0
C1360,2024-08-01,0,2024-08-01,1
C1360,2024-08-01,1,2024-09-01,1
C1360,2024-08-01,2,2024-10-01,1
C1360,2024-08-01,3,2024-11-01,1
C1360,2024-08-01,4,2024-12-01,1
C1361,2024-10-01,0,2024-10-01,1
C1361,2024-10-01,1,2024-11-01,1
C1361,2024-10-01,2,2024-12-01,1
C1362,2023-03-01,0,2023-03-01,1
C1362,2023-03-01,1,2023-04-01,1
C1362,2023-03-01,2,2023-05-01,1
C1362,2023-03-01,3,2023-06-01,1
C1362,2023-03-01,4,2023-07-01,1
C1362,2023-03-01,5,2023-08-01,1
C1362,2023-03-01,6,2023-09-01,1
C1362,2023-03-01,7,2023-10-01,1
C1362,2023-03-01,8,2023-11-01,1
C1362,2023-03-01,9,2023-12-01,1
C1362,2023-03-01,10,2024-01-01,1
C1362,2023-03-01,11,2024-02-01,1
C1362,2023-03-01,12,2024-03-01,1
C1362,2023-03-01,13,2024-04-01,1
C1362,2023-03-01,14,2024-05-01,1
C1362,2023-03-01,15,2024-06-01,1
C1362,2023-03-01,16,2024-07-01,1
C1362,2023-03-01,17,2024-08-01,1
C1362,2023-03-01,18,2024-09-01,1
C1362,2023-03-01,19,2024-10-01,1
C1362,2023-03-01,20,2024-11-01,1
C1362,2023-03-01,21,2024-12-01,1
C1363,2024-08-01,0,2024-08-01,1
C1363,2024-08-01,1,2024-09-01,1
C1363,2024-08-01,2,2024-10-01,1
C1363,2024-08-01,3,2024-11-01,1
C1363,2024-08-01,4,2024-12-01,1
C1364,2023-12-01,0,2023-12-01,1
C1364,2023-12-01,1,2024-01-01,1
C1364,2023-12-01,2,2024-02-01,1
C1364,2023-12-01,3,2024-03-01,1
C1364,2023-12-01,4,2024-04-01,1
C1364,2023-12-01,5,2024-05-01,1
C1364,2023-12-01,6,2024-06-01,1
C1364,2023-12-01,7,2024-07-01,1
C1364,2023-12-01,8,2024-08-01,1
C1364,2023-12-01,9,2024-09-01,1
C1364,2023-12-01,10,2024-10-01,1
C1364,2023-12-01,11,2024-11-01,1
C1364,2023-12-01,12,2024-12-01,1
C1365,2024-06-01,0,2024-06-01,1
C1365,2024-06-01,1,2024-07-01,1
C1365,2024-06-01,2,2024-08-01,1
C1365,2024-06-01,3,2024-09-01,1
C1365,2024-06-01,4,2024-10-01,1
C1365,2024-06-01,5,2024-11-01,1
C1365,2024-06-01,6,2024-12-01,1
C1366,2024-06-01,0,2024-06-01,1
C1366,2024-06-01,1,2024-07-01,1
C1366,2024-06-01,2,2024-08-01,1
C1366,2024-06-01,3,2024-09-01,1
C1366,2024-06-01,4,2024-10-01,1
C1366,2024-06-01,5,2024-11-01,1
C1366,2024-06-01,6,2024-12-01,1
C1367,2024-11-01,0,2024-11-01,1
C1367,2024-11-01,1,2024-12-01,1
C1368,2024-09-01,0,2024-09-01,1
C1368,2024-09-01,1,2024-10-01,1
C1368,2024-09-01,2,2024-11-01,1
C1368,2024-09-01,3,2024-12-01,1
C1369,2024-11-01,0,2024-11-01,1
C1369,2024-11-01,1,2024-12-01,1
C1370,2023-11-01,0,2023-11-01,1
C1370,2023-11-01,1,2023-12-01,1
C1370,2023-11-01,2,2024-01-01,1
C1370,2023-11-01,3,2024-02-01,1
C1370,2023-11-01,4,2024-03-01,1
C1370,2023-11-01,5,2024-04-01,1
C1370,2023-11-01,6,2024-05-01,1
C1370,2023-11-01,7,2024-06-01,1
C1370,2023-11-01,8,2024-07-01,1
C1370,2023-11-01,9,2024-08-01,1
C1370,2023-11-01,10,2024-09-01,1
C1370,2023-11-01,11,2024-10-01,1
C1370,2023-11-01,12,2024-11-01,1
C1370,2023-11-01,13,2024-12-01,1
C1371,2023-10-01,0,2023-10-01,1
C1371,2023-10-01,1,2023-11-01,1
C1371,2023-10-01,2,2023-12-01,1
C1371,2023-10-01,3,2024-01-01,1
C1371,2023-10-01,4,2024-02-01,1
C1371,2023-10-01,5,2024-03-01,1
C1371,2023-10-01,6,2024-04-01,1
C1371,2023-10-01,7,2024-05-01,1
C1371,2023-10-01,8,2024-06-01,1
C1371,2023-10-01,9,2024-07-01,1
C1371,2023-10-01,10,2024-08-01,1
C1371,2023-10-01,11,2024-09-01,1
C1371,2023-10-01,12,2024-10-01,1
C1371,2023-10-01,13,2024-11-01,1
C1371,2023-10-01,14,2024-12-01,1
C1372,2024-07-01,0,2024-07-01,1
C1372,2024-07-01,1,2024-08-01,1
C1372,2024-07-01,2,2024-09-01,1
C1372,2024-07-01,3,2024-10-01,1
C1372,2024-07-01,4,2024-11-01,1
C1372,2024-07-01,5,2024-12-01,1
C1373,2023-09-01,0,2023-09-01,1
C1373,2023-09-01,1,2023-10-01,1
C1373,2023-09-01,2,2023-11-01,1
C1373,2023-09-01,3,2023-12-01,1
C1373,2023-09-01,4,2024-01-01,1
C1373,2023-09-01,5,2024-02-01,1
C1373,2023-09-01,6,2024-03-01,1
C1373,2023-09-01,7,2024-04-01,1
C1373,2023-09-01,8,2024-05-01,1
C1373,2023-09-01,9,2024-06-01,1
C1373,2023-09-01,10,2024-07-01,1
C1373,2023-09-01,11,2024-08-01,1
C1373,2023-09-01,12,2024-09-01,1
C1373,2023-09-01,13,2024-10-01,1
C1373,2023-09-01,14,2024-11-01,1
C1373,2023-09-01,15,2024-12-01,1
C1374,2023-12-01,0,2023-12-01,1
C1374,2023-12-01,1,2024-01-01,1
C1374,2023-12-01,2,2024-02-01,1
C1374,2023-12-01,3,2024-03-01,1
C1374,2023-12-01,4,2024-04-01,1
C1374,2023-12-01,5,2024-05-01,1
C1374,2023-12-01,6,2024-06-01,1
C1374,2023-12-01,7,2024-07-01,1
C1374,2023-12-01,8,2024-08-01,1
C1374,2023-12-01,9,2024-09-01,1
C1374,2023-12-01,10,2024-10-01,1
C1374,2023-12-01,11,2024-11-01,1
C1374,2023-12-01,12,2024-12-01,1
C1375,2023-03-01,0,2023-03-01,1
C1375,2023-03-01,1,2023-04-01,1
C1375,2023-03-01,2,2023-05-01,1
C1375,2023-03-01,3,2023-06-01,1
C1375,2023-03-01,4,2023-07-01,1
C1375,2023-03-01,5,2023-08-01,1
C1375,2023-03-01,6,2023-09-01,1
C1375,2023-03-01,7,2023-10-01,1
C1375,2023-03-01,8,2023-11-01,1
C1375,2023-03-01,9,2023-12-01,1
C1375,2023-03-01,10,2024-01-01,1
C1375,2023-03-01,11,2024-02-01,1
C1375,2023-03-01,12,2024-03-01,1
C1375,2023-03-01,13,2024-04-01,1
C1375,2023-03-01,14,2024-05-01,1
C1375,2023-03-01,15,2024-06-01,1
C1375,2023-03-01,16,2024-07-01,1
C1375,2023-03-01,17,2024-08-01,1
C1375,2023-03-01,18,2024-09-01,1
C1375,2023-03-01,19,2024-10-01,1
C1375,2023-03-01,20,2024-11-01,1
C1375,2023-03-01,21,2024-12-01,1
C1376,2023-06-01,0,2023-06-01,1
C1376,2023-06-01,1,2023-07-01,1
C1376,2023-06-01,2,2023-08-01,1
C1376,2023-06-01,3,2023-09-01,1
C1376,2023-06-01,4,2023-10-01,1
C1376,2023-06-01,5,2023-11-01,1
C1376,2023-06-01,6,2023-12-01,1
C1376,2023-06-01,7,2024-01-01,1
C1376,2023-06-01,8,2024-02-01,1
C1376,2023-06-01,9,2024-03-01,1
C1376,2023-06-01,10,2024-04-01,1
C1376,2023-06-01,11,2024-05-01,1
C1376,2023-06-01,12,2024-06-01,1
C1376,2023-06-01,13,2024-07-01,1
C1376,2023-06-01,14,2024-08-01,1
C1376,2023-06-01,15,2024-09-01,1
C1376,2023-06-01,16,2024-10-01,1
C1376,2023-06-01,17,2024-11-01,1
C1376,2023-06-01,18,2024-12-01,1
C1377,2024-07-01,0,2024-07-01,1
C1377,2024-07-01,1,2024-08-01,1
C1377,2024-07-01,2,2024-09-01,1
C1377,2024-07-01,3,2024-10-01,1
C1377,2024-07-01,4,2024-11-01,1
C1377,2024-07-01,5,2024-12-01,1
C1378,2023-11-01,0,2023-11-01,1
C1378,2023-11-01,1,2023-12-01,1
C1378,2023-11-01,2,2024-01-01,1
C1378,2023-11-01,3,2024-02-01,1
C1378,2023-11-01,4,2024-03-01,1
C1378,2023-11-01,5,2024-04-01,1
C1378,2023-11-01,6,2024-05-01,1
C1378,2023-11-01,7,2024-06-01,1
C1378,2023-11-01,8,2024-07-01,1
C1378,2023-11-01,9,2024-08-01,1
C1378,2023-11-01,10,2024-09-01,1
C1378,2023-11-01,11,2024-10-01,1
C1378,2023-11-01,12,2024-11-01,1
C1378,2023-11-01,13,2024-12-01,1
C1379,2024-02-01,0,2024-02-01,1
C1379,2024-02-01,1,2024-03-01,1
C1379,2024-02-01,2,2024-04-01,1
C1379,2024-02-01,3,2024-05-01,1
C1379,2024-02-01,4,2024-06-01,1
C1379,2024-02-01,5,2024-07-01,1
C1379,2024-02-01,6,2024-08-01,1
C1379,2024-02-01,7,2024-09-01,1
C1379,2024-02-01,8,2024-10-01,1
C1379,2024-02-01,9,2024-11-01,1
C1379,2024-02-01,10,2024-12-01,1
C1380,2024-06-01,0,2024-06-01,1
C1380,2024-06-01,1,2024-07-01,1
C1380,2024-06-01,2,2024-08-01,1
C1380,2024-06-01,3,2024-09-01,1
C1380,2024-06-01,4,2024-10-01,1
C1380,2024-06-01,5,2024-11-01,1
C1380,2024-06-01,6,2024-12-01,1
C1381,2023-05-01,0,2023-05-01,1
C1381,2023-05-01,1,2023-06-01,1
C1381,2023-05-01,2,2023-07-01,1
C1381,2023-05-01,3,2023-08-01,1
C1381,2023-05-01,4,2023-09-01,1
C1381,2023-05-01,5,2023-10-01,1
C1381,2023-05-01,6,2023-11-01,1
C1381,2023-05-01,7,2023-12-01,1
C1381,2023-05-01,8,2024-01-01,1
C1381,2023-05-01,9,2024-02-01,1
C1381,2023-05-01,10,2024-03-01,1
C1381,2023-05-01,11,2024-04-01,1
C1381,2023-05-01,12,2024-05-01,1
C1381,2023-05-01,13,2024-06-01,1
C1381,2023-05-01,14,2024-07-01,1
C1381,2023-05-01,15,2024-08-01,1
C1381,2023-05-01,16,2024-09-01,1
C1381,2023-05-01,17,2024-10-01,1
C1381,2023-05-01,18,2024-11-01,1
C1381,2023-05-01,19,2024-12-01,1
C1382,2024-09-01,0,2024-09-01,1
C1382,2024-09-01,1,2024-10-01,1
C1382,2024-09-01,2,2024-11-01,1
C1382,2024-09-01,3,2024-12-01,1
C1383,2024-08-01,0,2024-08-01,1
C1383,2024-08-01,1,2024-09-01,1
C1383,2024-08-01,2,2024-10-01,1
C1383,2024-08-01,3,2024-11-01,1
C1383,2024-08-01,4,2024-12-01,1
C1384,2024-08-01,0,2024-08-01,1
C1384,2024-08-01,1,2024-09-01,1
C1384,2024-08-01,2,2024-10-01,1
C1384,2024-08-01,3,2024-11-01,1
C1384,2024-08-01,4,2024-12-01,1
C1385,2024-11-01,0,2024-11-01,1
C1385,2024-11-01,1,2024-12-01,1
C1386,2023-01-01,0,2023-01-01,1
C1386,2023-01-01,1,2023-02-01,1
C1386,2023-01-01,2,2023-03-01,1
C1386,2023-01-01,3,2023-04-01,1
C1386,2023-01-01,4,2023-05-01,1
C1386,2023-01-01,5,2023-06-01,1
C1386,2023-01-01,6,2023-07-01,1
C1386,2023-01-01,7,2023-08-01,1
C1386,2023-01-01,8,2023-09-01,1
C1386,2023-01-01,9,2023-10-01,1
C1386,2023-01-01,10,2023-11-01,1
C1386,2023-01-01,11,2023-12-01,1
C1386,2023-01-01,12,2024-01-01,1
C1386,2023-01-01,13,2024-02-01,1
C1386,2023-01-01,14,2024-03-01,1
C1386,2023-01-01,15,2024-04-01,1
C1386,2023-01-01,16,2024-05-01,1
C1386,2023-01-01,17,2024-06-01,1
C1386,2023-01-01,18,2024-07-01,1
C1386,2023-01-01,19,2024-08-01,1
C1386,2023-01-01,20,2024-09-01,1
C1386,2023-01-01,21,2024-10-01,1
C1386,2023-01-01,22,2024-11-01,1
C1386,2023-01-01,23,2024-12-01,1
C1387,2024-03-01,0,2024-03-01,1
C1387,2024-03-01,1,2024-04-01,1
C1387,2024-03-01,2,2024-05-01,1
C1387,2024-03-01,3,2024-06-01,1
C1387,2024-03-01,4,2024-07-01,1
C1387,2024-03-01,5,2024-08-01,1
C1387,2024-03-01,6,2024-09-01,1
C1387,2024-03-01,7,2024-10-01,1
C1387,2024-03-01,8,2024-11-01,1
C1387,2024-03-01,9,2024-12-01,1
C1388,2023-06-01,0,2023-06-01,1
C1388,2023-06-01,1,2023-07-01,1
C1388,2023-06-01,2,2023-08-01,1
C1388,2023-06-01,3,2023-09-01,1
C1388,2023-06-01,4,2023-10-01,1
C1388,2023-06-01,5,2023-11-01,1
C1388,2023-06-01,6,2023-12-01,1
C1388,2023-06-01,7,2024-01-01,1
C1388,2023-06-01,8,2024-02-01,1
C1388,2023-06-01,9,2024-03-01,1
C1388,2023-06-01,10,2024-04-01,1
C1388,2023-06-01,11,2024-05-01,1
C1388,2023-06-01,12,2024-06-01,1
C1388,2023-06-01,13,2024-07-01,1
C1388,2023-06-01,14,2024-08-01,1
C1388,2023-06-01,15,2024-09-01,1
C1388,2023-06-01,16,2024-10-01,1
C1388,2023-06-01,17,2024-11-01,1
C1388,2023-06-01,18,2024-12-01,1
C1389,2024-01-01,0,2024-01-01,1
C1389,2024-01-01,1,2024-02-01,1
C1389,2024-01-01,2,2024-03-01,1
C1389,2024-01-01,3,2024-04-01,1
C1389,2024-01-01,4,2024-05-01,1
C1389,2024-01-01,5,2024-06-01,1
C1389,2024-01-01,6,2024-07-01,1
C1389,2024-01-01,7,2024-08-01,1
C1389,2024-01-01,8,2024-09-01,1
C1389,2024-01-01,9,2024-10-01,1
C1389,2024-01-01,10,2024-11-01,1
C1389,2024-01-01,11,2024-12-01,1
C1390,2024-03-01,0,2024-03-01,1
C1390,2024-03-01,1,2024-04-01,1
C1390,2024-03-01,2,2024-05-01,1
C1390,2024-03-01,3,2024-06-01,1
C1390,2024-03-01,4,2024-07-01,1
C1390,2024-03-01,5,2024-08-01,1
C1390,2024-03-01,6,2024-09-01,1
C1390,2024-03-01,7,2024-10-01,1
C1390,2024-03-01,8,2024-11-01,1
C1390,2024-03-01,9,2024-12-01,1
C1391,2023-11-01,0,2023-11-01,1
C1391,2023-11-01,1,2023-12-01,1
C1391,2023-11-01,2,2024-01-01,1
C1391,2023-11-01,3,2024-02-01,1
C1391,2023-11-01,4,2024-03-01,1
C1391,2023-11-01,5,2024-04-01,1
C1391,2023-11-01,6,2024-05-01,1
C1391,2023-11-01,7,2024-06-01,1
C1391,2023-11-01,8,2024-07-01,1
C1391,2023-11-01,9,2024-08-01,1
C1391,2023-11-01,10,2024-09-01,1
C1391,2023-11-01,11,2024-10-01,1
C1391,2023-11-01,12,2024-11-01,1
C1391,2023-11-01,13,2024-12-01,1
C1392,2023-04-01,0,2023-04-01,1
C1392,2023-04-01,1,2023-05-01,1
C1392,2023-04-01,2,2023-06-01,1
C1392,2023-04-01,3,2023-07-01,1
C1392,2023-04-01,4,2023-08-01,1
C1392,2023-04-01,5,2023-09-01,1
C1392,2023-04-01,6,2023-10-01,1
C1392,2023-04-01,7,2023-11-01,1
C1392,2023-04-01,8,2023-12-01,1
C1392,2023-04-01,9,2024-01-01,1
C1392,2023-04-01,10,2024-02-01,1
C1392,2023-04-01,11,2024-03-01,1
C1392,2023-04-01,12,2024-04-01,1
C1392,2023-04-01,13,2024-05-01,1
C1392,2023-04-01,14,2024-06-01,1
C1392,2023-04-01,15,2024-07-01,1
C1392,2023-04-01,16,2024-08-01,1
C1392,2023-04-01,17,2024-09-01,1
C1392,2023-04-01,18,2024-10-01,1
C1392,2023-04-01,19,2024-11-01,1
C1392,2023-04-01,20,2024-12-01,1
C1393,2023-10-01,0,2023-10-01,1
C1393,2023-10-01,1,2023-11-01,1
C1393,2023-10-01,2,2023-12-01,1
C1393,2023-10-01,3,2024-01-01,1
C1393,2023-10-01,4,2024-02-01,1
C1393,2023-10-01,5,2024-03-01,1
C1393,2023-10-01,6,2024-04-01,1
C1393,2023-10-01,7,2024-05-01,1
C1393,2023-10-01,8,2024-06-01,1
C1393,2023-10-01,9,2024-07-01,1
C1393,2023-10-01,10,2024-08-01,1
C1393,2023-10-01,11,2024-09-01,1
C1393,2023-10-01,12,2024-10-01,1
C1393,2023-10-01,13,2024-11-01,1
C1393,2023-10-01,14,2024-12-01,1
C1394,2023-05-01,0,2023-05-01,1
C1394,2023-05-01,1,2023-06-01,1
C1394,2023-05-01,2,2023-07-01,1
C1394,2023-05-01,3,2023-08-01,1
C1394,2023-05-01,4,2023-09-01,1
C1394,2023-05-01,5,2023-10-01,1
C1394,2023-05-01,6,2023-11-01,1
C1394,2023-05-01,7,2023-12-01,1
C1394,2023-05-01,8,2024-01-01,1
C1394,2023-05-01,9,2024-02-01,1
C1394,2023-05-01,10,2024-03-01,1
C1394,2023-05-01,11,2024-04-01,1
C1394,2023-05-01,12,2024-05-01,1
C1394,2023-05-01,13,2024-06-01,1
C1394,2023-05-01,14,2024-07-01,1
C1394,2023-05-01,15,2024-08-01,1
C1394,2023-05-01,16,2024-09-01,1
C1394,2023-05-01,17,2024-10-01,1
C1394,2023-05-01,18,2024-11-01,1
C1394,2023-05-01,19,2024-12-01,1
C1395,2024-11-01,0,2024-11-01,1
C1395,2024-11-01,1,2024-12-01,1
C1396,2023-12-01,0,2023-12-01,1
C1396,2023-12-01,1,2024-01-01,1
C1396,2023-12-01,2,2024-02-01,1
C1396,2023-12-01,3,2024-03-01,1
C1396,2023-12-01,4,2024-04-01,1
C1396,2023-12-01,5,2024-05-01,1
C1396,2023-12-01,6,2024-06-01,1
C1396,2023-12-01,7,2024-07-01,0
C1396,2023-12-01,8,2024-08-01,0
C1396,2023-12-01,9,2024-09-01,0
C1396,2023-12-01,10,2024-10-01,0
C1396,2023-12-01,11,2024-11-01,0
C1396,2023-12-01,12,2024-12-01,0
C1397,2024-12-01,0,2024-12-01,1
C1398,2024-01-01,0,2024-01-01,1
C1398,2024-01-01,1,2024-02-01,1
C1398,2024-01-01,2,2024-03-01,1
C1398,2024-01-01,3,2024-04-01,1
C1398,2024-01-01,4,2024-05-01,1
C1398,2024-01-01,5,2024-06-01,1
C1398,2024-01-01,6,2024-07-01,1
C1398,2024-01-01,7,2024-08-01,1
C1398,2024-01-01,8,2024-09-01,1
C1398,2024-01-01,9,2024-10-01,1
C1398,2024-01-01,10,2024-11-01,1
C1398,2024-01-01,11,2024-12-01,1
C1399,2024-03-01,0,2024-03-01,1
C1399,2024-03-01,1,2024-04-01,1
C1399,2024-03-01,2,2024-05-01,1
C1399,2024-03-01,3,2024-06-01,1
C1399,2024-03-01,4,2024-07-01,1
C1399,2024-03-01,5,2024-08-01,1
C1399,2024-03-01,6,2024-09-01,1
C1399,2024-03-01,7,2024-10-01,1
C1399,2024-03-01,8,2024-11-01,1
C1399,2024-03-01,9,2024-12-01,1
C1400,2024-10-01,0,2024-10-01,1
C1400,2024-10-01,1,2024-11-01,1
C1400,2024-10-01,2,2024-12-01,1
C1401,2024-03-01,0,2024-03-01,1
C1401,2024-03-01,1,2024-04-01,1
C1401,2024-03-01,2,2024-05-01,1
C1401,2024-03-01,3,2024-06-01,1
C1401,2024-03-01,4,2024-07-01,1
C1401,2024-03-01,5,2024-08-01,1
C1401,2024-03-01,6,2024-09-01,1
C1401,2024-03-01,7,2024-10-01,1
C1401,2024-03-01,8,2024-11-01,1
C1401,2024-03-01,9,2024-12-01,1
C1402,2024-12-01,0,2024-12-01,1
C1403,2024-08-01,0,2024-08-01,1
C1403,2024-08-01,1,2024-09-01,1
C1403,2024-08-01,2,2024-10-01,1
C1403,2024-08-01,3,2024-11-01,1
C1403,2024-08-01,4,2024-12-01,1
C1404,2024-03-01,0,2024-03-01,1
C1404,2024-03-01,1,2024-04-01,1
C1404,2024-03-01,2,2024-05-01,1
C1404,2024-03-01,3,2024-06-01,1
C1404,2024-03-01,4,2024-07-01,1
C1404,2024-03-01,5,2024-08-01,1
C1404,2024-03-01,6,2024-09-01,1
C1404,2024-03-01,7,2024-10-01,1
C1404,2024-03-01,8,2024-11-01,1
C1404,2024-03-01,9,2024-12-01,1
C1405,2024-04-01,0,2024-04-01,1
C1405,2024-04-01,1,2024-05-01,1
C1405,2024-04-01,2,2024-06-01,1
C1405,2024-04-01,3,2024-07-01,1
C1405,2024-04-01,4,2024-08-01,1
C1405,2024-04-01,5,2024-09-01,1
C1405,2024-04-01,6,2024-10-01,1
C1405,2024-04-01,7,2024-11-01,1
C1405,2024-04-01,8,2024-12-01,1
C1406,2024-04-01,0,2024-04-01,1
C1406,2024-04-01,1,2024-05-01,1
C1406,2024-04-01,2,2024-06-01,1
C1406,2024-04-01,3,2024-07-01,1
C1406,2024-04-01,4,2024-08-01,1
C1406,2024-04-01,5,2024-09-01,1
C1406,2024-04-01,6,2024-10-01,1
C1406,2024-04-01,7,2024-11-01,1
C1406,2024-04-01,8,2024-12-01,1
C1407,2024-10-01,0,2024-10-01,1
C1407,2024-10-01,1,2024-11-01,1
C1407,2024-10-01,2,2024-12-01,1
C1408,2023-10-01,0,2023-10-01,1
C1408,2023-10-01,1,2023-11-01,1
C1408,2023-10-01,2,2023-12-01,1
C1408,2023-10-01,3,2024-01-01,1
C1408,2023-10-01,4,2024-02-01,1
C1408,2023-10-01,5,2024-03-01,1
C1408,2023-10-01,6,2024-04-01,1
C1408,2023-10-01,7,2024-05-01,1
C1408,2023-10-01,8,2024-06-01,1
C1408,2023-10-01,9,2024-07-01,1
C1408,2023-10-01,10,2024-08-01,1
C1408,2023-10-01,11,2024-09-01,1
C1408,2023-10-01,12,2024-10-01,1
C1408,2023-10-01,13,2024-11-01,1
C1408,2023-10-01,14,2024-12-01,1
C1409,2023-05-01,0,2023-05-01,1
C1409,2023-05-01,1,2023-06-01,1
C1409,2023-05-01,2,2023-07-01,1
C1409,2023-05-01,3,2023-08-01,1
C1409,2023-05-01,4,2023-09-01,1
C1409,2023-05-01,5,2023-10-01,1
C1409,2023-05-01,6,2023-11-01,1
C1409,2023-05-01,7,2023-12-01,1
C1409,2023-05-01,8,2024-01-01,1
C1409,2023-05-01,9,2024-02-01,1
C1409,2023-05-01,10,2024-03-01,0
C1409,2023-05-01,11,2024-04-01,0
C1409,2023-05-01,12,2024-05-01,0
C1409,2023-05-01,13,2024-06-01,0
C1409,2023-05-01,14,2024-07-01,0
C1409,2023-05-01,15,2024-08-01,0
C1409,2023-05-01,16,2024-09-01,0
C1409,2023-05-01,17,2024-10-01,0
C1409,2023-05-01,18,2024-11-01,0
C1409,2023-05-01,19,2024-12-01,0
C1410,2024-03-01,0,2024-03-01,1
C1410,2024-03-01,1,2024-04-01,1
C1410,2024-03-01,2,2024-05-01,1
C1410,2024-03-01,3,2024-06-01,1
C1410,2024-03-01,4,2024-07-01,1
C1410,2024-03-01,5,2024-08-01,0
C1410,2024-03-01,6,2024-09-01,0
C1410,2024-03-01,7,2024-10-01,0
C1410,2024-03-01,8,2024-11-01,0
C1410,2024-03-01,9,2024-12-01,0
C1412,2024-05-01,0,2024-05-01,1
C1412,2024-05-01,1,2024-06-01,1
C1412,2024-05-01,2,2024-07-01,1
C1412,2024-05-01,3,2024-08-01,1
C1412,2024-05-01,4,2024-09-01,1
C1412,2024-05-01,5,2024-10-01,1
C1412,2024-05-01,6,2024-11-01,1
C1412,2024-05-01,7,2024-12-01,1
C1413,2023-09-01,0,2023-09-01,1
C1413,2023-09-01,1,2023-10-01,1
C1413,2023-09-01,2,2023-11-01,1
C1413,2023-09-01,3,2023-12-01,1
C1413,2023-09-01,4,2024-01-01,1
C1413,2023-09-01,5,2024-02-01,1
C1413,2023-09-01,6,2024-03-01,1
C1413,2023-09-01,7,2024-04-01,1
C1413,2023-09-01,8,2024-05-01,1
C1413,2023-09-01,9,2024-06-01,1
C1413,2023-09-01,10,2024-07-01,1
C1413,2023-09-01,11,2024-08-01,1
C1413,2023-09-01,12,2024-09-01,1
C1413,2023-09-01,13,2024-10-01,1
C1413,2023-09-01,14,2024-11-01,1
C1413,2023-09-01,15,2024-12-01,1
C1414,2023-12-01,0,2023-12-01,1
C1414,2023-12-01,1,2024-01-01,1
C1414,2023-12-01,2,2024-02-01,1
C1414,2023-12-01,3,2024-03-01,1
C1414,2023-12-01,4,2024-04-01,1
C1414,2023-12-01,5,2024-05-01,1
C1414,2023-12-01,6,2024-06-01,0
C1414,2023-12-01,7,2024-07-01,0
C1414,2023-12-01,8,2024-08-01,0
C1414,2023-12-01,9,2024-09-01,0
C1414,2023-12-01,10,2024-10-01,0
C1414,2023-12-01,11,2024-11-01,0
C1414,2023-12-01,12,2024-12-01,0
C1415,2024-02-01,0,2024-02-01,1
C1415,2024-02-01,1,2024-03-01,1
C1415,2024-02-01,2,2024-04-01,1
C1415,2024-02-01,3,2024-05-01,1
C1415,2024-02-01,4,2024-06-01,1
C1415,2024-02-01,5,2024-07-01,1
C1415,2024-02-01,6,2024-08-01,1
C1415,2024-02-01,7,2024-09-01,1
C1415,2024-02-01,8,2024-10-01,1
C1415,2024-02-01,9,2024-11-01,1
C1415,2024-02-01,10,2024-12-01,1
C1416,2023-01-01,0,2023-01-01,1
C1416,2023-01-01,1,2023-02-01,1
C1416,2023-01-01,2,2023-03-01,1
C1416,2023-01-01,3,2023-04-01,1
C1416,2023-01-01,4,2023-05-01,1
C1416,2023-01-01,5,2023-06-01,1
C1416,2023-01-01,6,2023-07-01,1
C1416,2023-01-01,7,2023-08-01,1
C1416,2023-01-01,8,2023-09-01,1
C1416,2023-01-01,9,2023-10-01,1
C1416,2023-01-01,10,2023-11-01,1
C1416,2023-01-01,11,2023-12-01,1
C1416,2023-01-01,12,2024-01-01,1
C1416,2023-01-01,13,2024-02-01,1
C1416,2023-01-01,14,2024-03-01,1
C1416,2023-01-01,15,2024-04-01,1
C1416,2023-01-01,16,2024-05-01,1
C1416,2023-01-01,17,2024-06-01,1
C1416,2023-01-01,18,2024-07-01,1
C1416,2023-01-01,19,2024-08-01,1
C1416,2023-01-01,20,2024-09-01,1
C1416,2023-01-01,21,2024-10-01,1
C1416,2023-01-01,22,2024-11-01,1
C1416,2023-01-01,23,2024-12-01,1
C1417,2023-04-01,0,2023-04-01,1
C1417,2023-04-01,1,2023-05-01,1
C1417,2023-04-01,2,2023-06-01,0
C1417,2023-04-01,3,2023-07-01,0
C1417,2023-04-01,4,2023-08-01,0
C1417,2023-04-01,5,2023-09-01,0
C1417,2023-04-01,6,2023-10-01,0
C1417,2023-04-01,7,2023-11-01,0
C1417,2023-04-01,8,2023-12-01,0
C1417,2023-04-01,9,2024-01-01,0
C1417,2023-04-01,10,2024-02-01,0
C1417,2023-04-01,11,2024-03-01,0
C1417,2023-04-01,12,2024-04-01,0
C1417,2023-04-01,13,2024-05-01,0
C1417,2023-04-01,14,2024-06-01,0
C1417,2023-04-01,15,2024-07-01,0
C1417,2023-04-01,16,2024-08-01,0
C1417,2023-04-01,17,2024-09-01,0
C1417,2023-04-01,18,2024-10-01,0
C1417,2023-04-01,19,2024-11-01,0
C1417,2023-04-01,20,2024-12-01,0
C1418,2023-12-01,0,2023-12-01,1
C1418,2023-12-01,1,2024-01-01,1
C1418,2023-12-01,2,2024-02-01,1
C1418,2023-12-01,3,2024-03-01,1
C1418,2023-12-01,4,2024-04-01,1
C1418,2023-12-01,5,2024-05-01,1
C1418,2023-12-01,6,2024-06-01,1
C1418,2023-12-01,7,2024-07-01,1
C1418,2023-12-01,8,2024-08-01,1
C1418,2023-12-01,9,2024-09-01,1
C1418,2023-12-01,10,2024-10-01,1
C1418,2023-12-01,11,2024-11-01,1
C1418,2023-12-01,12,2024-12-01,1
C1419,2024-11-01,0,2024-11-01,1
C1419,2024-11-01,1,2024-12-01,1
C1420,2023-03-01,0,2023-03-01,1
C1420,2023-03-01,1,2023-04-01,1
C1420,2023-03-01,2,2023-05-01,1
C1420,2023-03-01,3,2023-06-01,1
C1420,2023-03-01,4,2023-07-01,1
C1420,2023-03-01,5,2023-08-01,1
C1420,2023-03-01,6,2023-09-01,1
C1420,2023-03-01,7,2023-10-01,1
C1420,2023-03-01,8,2023-11-01,1
C1420,2023-03-01,9,2023-12-01,1
C1420,2023-03-01,10,2024-01-01,1
C1420,2023-03-01,11,2024-02-01,1
C1420,2023-03-01,12,2024-03-01,1
C1420,2023-03-01,13,2024-04-01,1
C1420,2023-03-01,14,2024-05-01,1
C1420,2023-03-01,15,2024-06-01,1
C1420,2023-03-01,16,2024-07-01,1
C1420,2023-03-01,17,2024-08-01,1
C1420,2023-03-01,18,2024-09-01,1
C1420,2023-03-01,19,2024-10-01,1
C1420,2023-03-01,20,2024-11-01,1
C1420,2023-03-01,21,2024-12-01,1
