CustomerID,CompanyName,Industry,Country,City,EmployeeCount,SignupDate,AcquisitionChannel,TotalMRR,TotalSeats,SubscriptionCount,PlanName,BillingTerm,Status,StartDate,EndDate,TotalLogins,AvgMonthlyLogins,TotalActiveUsers,AvgActiveUsers,TotalAPICalls,TotalSessionMinutes,UsageMonths,FirstUsageMonth,LastUsageMonth,TicketCount,AvgResolutionHours,AvgSatisfactionScore,FirstTicketDate,LastTicketDate,TenureMonths,RevenuePerSeat,TicketsPerMonth,UsageTrend,TotalMRR_OutlierFlag,TotalSeats_OutlierFlag,TotalLogins_OutlierFlag,TicketCount_OutlierFlag,RevenuePerSeat_OutlierFlag
C1001,Ishaan Joshi Systems,Unknown,India,Hyderabad,80.0,2023-07-02,Paid Ads,278.6,6.0,1,Growth,Monthly,Churned,2023-07-02,2024-10-21,148.0,9.25,72.0,4.5,10276.0,2241.4,16.0,2023-07-01,2024-10-01,4.0,38.675,6.5,2023-10-24,2024-08-28,34.0,46.43333333333334,0.11764705882352941,Stable,Normal,Normal,Normal,Normal,Normal
C1002,Tara Sharma Technologies,Finance,Uk,London,12.0,2024-02-21,Referral,246.76,4.0,1,Growth,Monthly,Active,2024-02-21,,217.0,19.727272727272727,134.0,12.181818181818182,15512.0,3021.1,11.0,2024-02-01,2024-12-01,4.0,16.95,7.0,2023-10-23,2024-10-27,26.3,61.69,0.1520912547528517,Stable,Normal,Normal,Normal,Normal,Normal
C1003,Zoya Das Systems,Finance,Uae,Dubai,1200.0,2023-09-12,Organic Search,278.6,6.0,1,Growth,Annual,Active,2023-09-12,,187.0,11.6875,117.0,7.3125,19771.0,4734.2,16.0,2023-09-01,2024-12-01,3.0,39.06666666666666,3.0,2024-01-04,2024-09-28,31.7,46.43333333333334,0.09463722397476342,Stable,Normal,Normal,Normal,Normal,Normal
C1004,Diya Joshi Labs,Retail,Uk,Manchester,400.0,2024-03-01,Partner,80.36,9.0,1,Starter,Annual,Active,2024-03-01,,82.0,8.2,42.0,4.2,14012.0,2530.0,10.0,2024-03-01,2024-12-01,0.0,0.0,0.0,,,26.1,8.928888888888888,0.0,Stable,Normal,Normal,Normal,Normal,Normal
C1005,Tara Joshi Systems,Logistics,Uk,London,1200.0,2023-12-29,Outbound,618.76,4.0,1,Business,Monthly,Churned,2023-12-29,2025-08-23,133.0,10.23076923076923,61.0,4.6923076923076925,13232.0,2102.0,13.0,2023-12-01,2024-12-01,3.0,43.5,6.0,2023-02-10,2023-12-13,28.1,154.69,0.10676156583629892,Stable,Normal,Normal,Normal,Normal,Normal
C1006,Sanjay Reddy Labs,Manufacturing,India,Hyderabad,35.0,2024-09-15,Organic Search,1618.92,2.0,1,Enterprise,Annual,Active,2024-09-15,,86.0,21.5,51.0,12.75,8815.0,778.2,4.0,2024-09-01,2024-12-01,3.0,27.033333333333335,5.666666666666667,2023-06-18,2024-10-30,19.5,809.46,0.15384615384615385,Stable,Normal,Normal,Normal,Normal,Outlier
C1007,Sai Das Technologies,Logistics,India,Delhi,12.0,2023-03-26,Referral,658.68,5.0,1,Business,Annual,Active,2023-03-26,,117.0,5.318181818181818,64.0,2.909090909090909,25511.0,5778.9,22.0,2023-03-01,2024-12-01,2.0,16.35,8.5,2023-04-06,2024-12-21,37.3,131.736,0.05361930294906166,Stable,Normal,Normal,Normal,Normal,Normal
C1008,Nikita Gupta Solutions,Logistics,Uae,Abu Dhabi,400.0,2024-02-21,Paid Ads,818.36,9.0,1,Business,Annual,Active,2024-02-21,,155.0,14.090909090909092,104.0,9.454545454545455,23906.0,2882.3,11.0,2024-02-01,2024-12-01,2.0,36.3,7.5,2023-11-19,2024-07-23,26.3,90.92888888888889,0.07604562737642585,Stable,Normal,Normal,Normal,Normal,Normal
C1009,Rohan Patel Technologies,Education,Uae,Abu Dhabi,3000.0,2023-07-27,Outbound,2098.6,6.0,1,Enterprise,Monthly,Active,2023-07-27,,220.0,12.222222222222221,116.0,6.444444444444445,10535.0,4973.4,18.0,2023-07-01,2024-12-01,4.0,31.25,5.75,2024-08-19,2024-12-24,33.2,349.76666666666665,0.12048192771084336,Stable,Outlier,Normal,Normal,Normal,Outlier
C1010,Tara Iyer Labs,Manufacturing,India,Pune,12.0,2023-11-15,Partner,278.6,6.0,1,Growth,Monthly,Churned,2023-11-15,2024-04-10,81.0,13.5,33.0,5.5,4316.0,1004.6,6.0,2023-11-01,2024-04-01,6.0,42.03333333333333,5.333333333333333,2023-03-21,2024-10-30,29.6,46.43333333333334,0.2027027027027027,Stable,Normal,Normal,Normal,Normal,Normal
C1011,Rohan Iyer Solutions,Retail,Uae,Dubai,400.0,2023-05-11,Organic Search,262.68,5.0,1,Growth,Annual,Active,2023-05-11,,96.0,4.8,48.0,2.4,22182.0,5213.3,20.0,2023-05-01,2024-12-01,2.0,60.45,4.5,2023-10-07,2024-12-12,35.7,52.536,0.05602240896358543,Stable,Normal,Normal,Normal,Normal,Normal
C1012,Meera Patel Labs,Healthcare,Uae,Dubai,35.0,2023-02-15,Events,1978.68,5.0,1,Enterprise,Annual,Churned,2023-02-15,2023-11-14,14.0,1.4,7.0,0.7,6827.0,1715.3,10.0,2023-02-01,2023-11-01,1.0,46.0,5.0,2024-02-17,2024-02-17,38.5,395.736,0.025974025974025976,Stable,Outlier,Normal,Normal,Normal,Outlier
C1013,Farhan Das Industries,Retail,Uk,London,12.0,2024-12-10,Organic Search,1931.28,11.0,2,Enterprise,Annual,Churned,2024-12-10,2026-02-28,0.0,0.0,0.0,0.0,71.0,242.1,1.0,2024-12-01,2024-12-01,1.0,71.1,6.0,2023-06-16,2023-06-16,16.7,175.57090909090908,0.059880239520958084,Stable,Outlier,Normal,Normal,Normal,Normal
C1014,Rahul Patel Industries,Media,India,Chennai,1200.0,2024-07-10,Partner,68.6,6.0,1,Starter,Monthly,Active,2024-07-10,,37.0,6.166666666666667,22.0,3.6666666666666665,9530.0,1674.5,6.0,2024-07-01,2024-12-01,2.0,37.05,6.0,2023-04-23,2023-08-15,21.7,11.433333333333332,0.09216589861751152,Stable,Normal,Normal,Normal,Normal,Normal
C1015,Sanjay Gupta Industries,Finance,India,Mumbai,35.0,2024-01-15,Partner,246.76,4.0,1,Growth,Monthly,Active,2024-01-15,,61.0,5.083333333333333,34.0,2.8333333333333335,15818.0,3158.3,12.0,2024-01-01,2024-12-01,3.0,46.800000000000004,5.0,2023-02-10,2024-08-05,27.6,61.69,0.10869565217391304,Stable,Normal,Normal,Normal,Normal,Normal
C1016,Diya Singh Industries,Media,Uk,Manchester,35.0,2024-01-16,Paid Ads,978.04,13.0,1,Business,Monthly,Churned,2024-01-16,2025-06-24,38.0,3.1666666666666665,15.0,1.25,6672.0,1720.7,12.0,2024-01-01,2024-12-01,4.0,38.9,6.5,2023-03-15,2023-05-27,27.5,75.23384615384614,0.14545454545454545,Stable,Normal,Normal,Normal,Normal,Normal
C1017,Rahul Reddy Solutions,Unknown,Usa,Seattle,12.0,2024-06-05,Paid Ads,60.76,4.0,1,Starter,Annual,Active,2024-06-05,,24.0,3.4285714285714284,13.0,1.8571428571428572,2822.0,1829.2,7.0,2024-06-01,2024-12-01,3.0,50.166666666666664,4.0,2023-03-31,2024-02-17,22.9,15.19,0.13100436681222707,Stable,Normal,Normal,Normal,Normal,Normal
C1018,Myra Khan Systems,Finance,Usa,Boston,150.0,2024-03-06,Referral,2098.6,6.0,1,Enterprise,Monthly,Active,2024-03-06,,87.0,8.7,53.0,5.3,7947.0,2759.6,10.0,2024-03-01,2024-12-01,6.0,33.166666666666664,4.333333333333333,2023-03-28,2024-12-07,25.9,349.76666666666665,0.23166023166023167,Stable,Outlier,Normal,Normal,Normal,Outlier
C1019,Deepak Nair Labs,Finance,Singapore,Singapore,150.0,2024-04-30,Outbound,326.36,9.0,1,Growth,Monthly,Active,2024-04-30,,149.0,16.555555555555557,73.0,8.11111111111111,8711.0,2472.2999999999997,9.0,2024-04-01,2024-12-01,2.0,28.05,5.5,2023-01-03,2024-05-09,24.1,36.26222222222222,0.08298755186721991,Stable,Normal,Normal,Normal,Normal,Normal
C1020,Saanvi Menon Group,Retail,India,Chennai,400.0,2023-12-04,Referral,68.6,6.0,1,Starter,Monthly,Churned,2023-12-04,2024-06-27,55.0,7.857142857142857,33.0,4.714285714285714,4663.0,1145.0,7.0,2023-12-01,2024-06-01,5.0,37.7,5.8,2023-01-22,2024-07-16,28.9,11.433333333333332,0.17301038062283738,Stable,Normal,Normal,Normal,Normal,Normal
C1021,Vivaan Singh Systems,Finance,Usa,Seattle,35.0,2023-05-14,Organic Search,76.44,8.0,1,Starter,Annual,Active,2023-05-14,,264.0,13.2,148.0,7.4,22493.0,4930.3,20.0,2023-05-01,2024-12-01,4.0,38.625,4.5,2023-05-17,2023-12-02,35.6,9.555,0.11235955056179775,Stable,Normal,Normal,Normal,Normal,Normal
C1022,Rahul Singh Technologies,Retail,Usa,Boston,400.0,2023-09-26,Organic Search,64.68,5.0,1,Starter,Monthly,Active,2023-09-26,,44.0,2.75,17.0,1.0625,22354.0,3822.6,16.0,2023-09-01,2024-12-01,8.0,46.9625,6.125,2023-07-23,2024-11-18,31.2,12.936000000000002,0.25641025641025644,Stable,Normal,Normal,Normal,Outlier,Normal
C1023,Meera Menon Industries,Media,Usa,Boston,35.0,2024-08-02,Referral,778.44,8.0,1,Business,Monthly,Active,2024-08-02,,14.0,2.8,4.0,0.8,7528.0,1362.1,5.0,2024-08-01,2024-12-01,5.0,39.28,5.8,2023-10-23,2024-12-12,21.0,97.305,0.23809523809523808,Stable,Normal,Normal,Normal,Normal,Normal
C1024,Vivaan Verma Solutions,Retail,India,Bengaluru,12.0,2024-10-17,Paid Ads,246.76,4.0,1,Growth,Monthly,Active,2024-10-17,,47.0,15.666666666666666,22.0,7.333333333333333,1144.0,770.4000000000001,3.0,2024-10-01,2024-12-01,2.0,58.55,5.5,2023-11-29,2024-11-08,18.5,61.69,0.10810810810810811,Stable,Normal,Normal,Normal,Normal,Normal
C1025,Diya Singh Labs,Manufacturing,Usa,Seattle,1200.0,2023-04-22,Outbound,262.68,5.0,1,Growth,Monthly,Active,2023-04-22,,70.0,3.3333333333333335,34.0,1.619047619047619,33541.0,5612.8,21.0,2023-04-01,2024-12-01,4.0,40.825,4.5,2023-09-17,2024-11-20,36.4,52.536,0.10989010989010989,Stable,Normal,Normal,Normal,Normal,Normal
C1026,Vivaan Singh Solutions,Manufacturing,India,Mumbai,12.0,2024-05-04,Organic Search,698.6,6.0,1,Business,Annual,Churned,2024-05-04,2025-12-26,62.0,7.75,35.0,4.375,6120.0,1204.1,8.0,2024-05-01,2024-12-01,1.0,52.7,4.0,2023-06-28,2023-06-28,23.9,116.43333333333334,0.041841004184100423,Stable,Normal,Normal,Normal,Normal,Normal
C1027,Vihaan Bose Group,Manufacturing,India,Bengaluru,3000.0,2023-05-06,Paid Ads,778.44,8.0,1,Business,Annual,Churned,2023-05-06,2023-10-26,18.0,3.0,10.0,1.6666666666666667,2758.0,918.7,6.0,2023-05-01,2023-10-01,2.0,25.0,7.0,2023-12-01,2024-03-12,35.9,97.305,0.05571030640668524,Stable,Normal,Normal,Normal,Normal,Normal
C1028,Ananya Gupta Solutions,Manufacturing,India,Chennai,3000.0,2023-06-06,Partner,294.52,7.0,1,Growth,Annual,Churned,2023-06-06,2024-12-18,206.0,10.842105263157896,123.0,6.473684210526316,14811.0,3007.7,19.0,2023-06-01,2024-12-01,4.0,27.25,5.0,2023-10-26,2024-06-16,34.9,42.074285714285715,0.11461318051575932,Decreasing,Normal,Normal,Normal,Normal,Normal
C1029,Sai Khan Technologies,Manufacturing,India,Pune,3000.0,2024-01-20,Referral,698.6,6.0,1,Business,Monthly,Active,2024-01-20,,81.0,6.75,35.0,2.9166666666666665,14593.0,3177.8,12.0,2024-01-01,2024-12-01,6.0,26.333333333333332,6.333333333333333,2023-01-01,2024-12-04,27.4,116.43333333333334,0.21897810218978103,Stable,Normal,Normal,Normal,Normal,Normal
C1030,Rohan Bose Solutions,Finance,India,Delhi,1200.0,2023-04-24,Referral,2458.36,9.0,1,Enterprise,Annual,Active,2023-04-24,,396.0,18.857142857142858,231.0,11.0,16297.0,5676.0,21.0,2023-04-01,2024-12-01,2.0,37.099999999999994,6.0,2023-03-25,2023-12-15,36.3,273.1511111111111,0.05509641873278237,Stable,Outlier,Normal,Outlier,Normal,Outlier
C1031,Isha Khan Technologies,Logistics,India,Bengaluru,400.0,2025-01-26,Organic Search,294.52,7.0,1,Growth,Monthly,Active,2025-01-26,,0.0,0.0,0.0,0.0,0.0,0.0,0.0,,,3.0,44.79999999999999,6.666666666666667,2023-10-01,2024-01-17,15.2,42.074285714285715,0.19736842105263158,Stable,Normal,Normal,Normal,Normal,Normal
C1032,Naveen Menon Industries,Retail,India,Pune,1200.0,2025-01-09,Events,60.76,4.0,1,Starter,Monthly,Active,2025-01-09,,0.0,0.0,0.0,0.0,0.0,0.0,0.0,,,5.0,48.54,4.0,2023-01-25,2024-12-09,15.7,15.19,0.3184713375796179,Stable,Normal,Normal,Normal,Normal,Normal
C1033,Arun Sharma Industries,Logistics,India,Delhi,35.0,2023-11-30,Paid Ads,342.28,10.0,1,Growth,Monthly,Active,2023-11-30,,146.0,10.428571428571429,93.0,6.642857142857143,18744.0,3730.3,14.0,2023-11-01,2024-12-01,5.0,54.220000000000006,5.4,2023-01-25,2024-01-02,29.1,34.227999999999994,0.1718213058419244,Stable,Normal,Normal,Normal,Normal,Normal
C1034,Sneha Rao Industries,Healthcare,India,Bengaluru,12.0,2025-01-26,Events,2578.28,10.0,1,Enterprise,Monthly,Active,2025-01-26,,0.0,0.0,0.0,0.0,0.0,0.0,0.0,,,3.0,37.53333333333334,4.666666666666667,2024-02-19,2024-11-29,15.2,257.82800000000003,0.19736842105263158,Stable,Outlier,Normal,Normal,Normal,Normal
C1035,Arjun Gupta Industries,Unknown,Singapore,Singapore,80.0,2023-06-21,Outbound,1978.68,5.0,1,Enterprise,Monthly,Active,2023-06-21,,171.0,9.0,97.0,5.105263157894737,28076.0,5400.6,19.0,2023-06-01,2024-12-01,7.0,35.285714285714285,5.571428571428571,2023-04-10,2024-12-27,34.4,395.736,0.20348837209302326,Stable,Outlier,Normal,Normal,Normal,Outlier
C1036,Krishna Sharma Solutions,Retail,India,Mumbai,1200.0,2023-08-24,Organic Search,80.36,9.0,1,Starter,Annual,Active,2023-08-24,,168.0,9.882352941176471,102.0,6.0,31827.0,3956.6,17.0,2023-08-01,2024-12-01,6.0,32.26666666666667,5.833333333333333,2023-01-13,2024-11-15,32.3,8.928888888888888,0.18575851393188855,Stable,Normal,Normal,Normal,Normal,Normal
C1037,Diya Das Industries,Education,Uae,Abu Dhabi,150.0,2024-02-26,Partner,1978.68,5.0,1,Enterprise,Monthly,Churned,2024-02-26,2025-09-14,42.0,3.8181818181818183,23.0,2.090909090909091,6623.0,1911.7,11.0,2024-02-01,2024-12-01,3.0,50.06666666666667,5.666666666666667,2023-07-31,2024-07-28,26.2,395.736,0.11450381679389313,Stable,Outlier,Normal,Normal,Normal,Outlier
C1038,Sneha Menon Industries,Logistics,India,Hyderabad,35.0,2023-05-06,Outbound,246.76,4.0,1,Growth,Monthly,Churned,2023-05-06,2024-06-14,71.0,5.071428571428571,38.0,2.7142857142857144,9156.0,1877.9,14.0,2023-05-01,2024-06-01,4.0,49.275,4.25,2023-04-21,2024-10-28,35.9,61.69,0.11142061281337048,Stable,Normal,Normal,Normal,Normal,Normal
C1039,Arjun Iyer Systems,Logistics,India,Chennai,12.0,2023-03-23,Referral,76.44,8.0,1,Starter,Annual,Active,2023-03-23,,83.0,3.772727272727273,42.0,1.9090909090909092,27844.0,5371.4,22.0,2023-03-01,2024-12-01,2.0,11.65,6.5,2024-04-13,2024-05-04,37.4,9.555,0.053475935828877004,Stable,Normal,Normal,Normal,Normal,Normal
C1040,Reyansh Nair Labs,Retail,Uk,London,12.0,2024-02-13,Paid Ads,326.36,9.0,1,Growth,Monthly,Active,2024-02-13,,92.0,8.363636363636363,50.0,4.545454545454546,17865.0,2545.6,11.0,2024-02-01,2024-12-01,4.0,42.3,5.75,2023-04-02,2024-07-21,26.6,36.26222222222222,0.15037593984962405,Stable,Normal,Normal,Normal,Normal,Normal
C1041,Sanjay Khan Systems,Manufacturing,India,Pune,12.0,2023-12-30,Outbound,437.8,16.0,1,Growth,Monthly,Active,2023-12-30,,111.0,8.538461538461538,56.0,4.3076923076923075,17426.0,3163.5,13.0,2023-12-01,2024-12-01,2.0,34.5,5.5,2023-05-02,2023-06-16,28.1,27.3625,0.07117437722419928,Stable,Normal,Outlier,Normal,Normal,Normal
C1042,Meera Iyer Industries,Finance,Uk,London,35.0,2023-05-12,Paid Ads,60.76,4.0,1,Starter,Monthly,Active,2023-05-12,,311.0,15.55,183.0,9.15,33162.0,5211.2,20.0,2023-05-01,2024-12-01,3.0,23.7,6.0,2023-01-09,2024-04-29,35.7,15.19,0.08403361344537814,Stable,Normal,Normal,Normal,Normal,Normal
C1043,Aadhya Khan Systems,Manufacturing,Usa,Seattle,35.0,2023-07-25,Paid Ads,698.6,6.0,1,Business,Annual,Churned,2023-07-25,2025-03-05,173.0,9.61111111111111,99.0,5.5,13399.0,3300.2,18.0,2023-07-01,2024-12-01,2.0,16.1,4.0,2023-06-17,2024-06-26,33.3,116.43333333333334,0.060060060060060066,Stable,Normal,Normal,Normal,Normal,Normal
C1044,Krishna Bose Solutions,Retail,Usa,Austin,400.0,2024-07-08,Paid Ads,246.76,4.0,1,Growth,Annual,Churned,2024-07-08,2025-01-14,78.0,13.0,41.0,6.833333333333333,4675.0,1085.2,6.0,2024-07-01,2024-12-01,3.0,19.233333333333334,5.0,2024-01-20,2024-07-06,21.8,61.69,0.13761467889908258,Stable,Normal,Normal,Normal,Normal,Normal
C1045,Kavya Verma Solutions,Retail,Usa,Austin,12.0,2024-06-10,Paid Ads,2578.28,10.0,1,Enterprise,Monthly,Active,2024-06-10,,61.0,8.714285714285714,30.0,4.285714285714286,14787.0,1688.4,7.0,2024-06-01,2024-12-01,5.0,30.420000000000005,6.4,2023-04-13,2024-07-21,22.7,257.82800000000003,0.22026431718061676,Increasing,Outlier,Normal,Normal,Normal,Normal
C1046,Tara Patel Industries,Retail,India,Chennai,12.0,2023-09-04,Organic Search,2098.6,3.0,1,Enterprise,Monthly,Churned,2023-09-04,2025-03-03,35.0,2.1875,10.0,0.625,12343.0,2652.6,16.0,2023-09-01,2024-12-01,6.0,46.65,5.833333333333333,2023-06-28,2024-05-26,31.9,699.5333333333333,0.18808777429467086,Stable,Outlier,Normal,Normal,Normal,Outlier
C1047,Rohan Das Technologies,Media,India,Hyderabad,150.0,2024-06-01,Paid Ads,80.36,9.0,1,Starter,Monthly,Active,2024-06-01,,140.0,20.0,72.0,10.285714285714286,7995.0,1636.1999999999998,7.0,2024-06-01,2024-12-01,1.0,32.6,5.0,2023-05-14,2023-05-14,23.0,8.928888888888888,0.043478260869565216,Stable,Normal,Normal,Normal,Normal,Normal
C1048,Aman Singh Labs,Finance,India,Mumbai,80.0,2023-07-25,Paid Ads,658.68,5.0,1,Business,Monthly,Active,2023-07-25,,62.0,3.4444444444444446,29.0,1.6111111111111112,28335.0,3478.9,18.0,2023-07-01,2024-12-01,3.0,27.7,5.0,2023-09-06,2024-05-23,33.3,131.736,0.0900900900900901,Stable,Normal,Normal,Normal,Normal,Normal
C1049,Farhan Gupta Labs,Education,Usa,Boston,12.0,2024-10-06,Organic Search,4676.88,16.0,2,Enterprise,Annual,Churned,2024-10-06,2025-12-18,32.0,10.666666666666666,18.0,6.0,5258.0,685.9000000000001,3.0,2024-10-01,2024-12-01,7.0,19.37142857142857,6.714285714285714,2023-03-10,2024-12-14,18.9,292.305,0.3703703703703704,Stable,Outlier,Outlier,Normal,Normal,Outlier
C1050,Arun Khan Solutions,Retail,Uae,Abu Dhabi,150.0,2023-07-09,Organic Search,1825.3600000000001,10.0,2,Enterprise,Monthly,Churned,2023-07-09,2024-06-21,101.0,9.181818181818182,51.0,4.636363636363637,7638.0,2242.5,11.0,2023-07-01,2024-06-01,3.0,20.6,6.0,2023-01-07,2024-08-10,33.8,182.536,0.08875739644970415,Stable,Outlier,Normal,Normal,Normal,Normal
C1051,Priya Gupta Labs,Manufacturing,Singapore,Singapore,400.0,2024-08-01,Partner,262.68,5.0,1,Growth,Monthly,Active,2024-08-01,,92.0,18.4,52.0,10.4,4768.0,1286.3,5.0,2024-08-01,2024-12-01,5.0,29.540000000000003,7.2,2023-02-13,2024-11-03,21.0,52.536,0.23809523809523808,Stable,Normal,Normal,Normal,Normal,Normal
C1052,Aadhya Reddy Labs,Finance,Usa,Austin,150.0,2024-05-10,Organic Search,390.04,13.0,1,Growth,Monthly,Active,2024-05-10,,92.0,11.5,59.0,7.375,10723.0,2131.9,8.0,2024-05-01,2024-12-01,4.0,31.1,5.25,2023-02-13,2024-11-29,23.8,30.003076923076925,0.1680672268907563,Stable,Normal,Normal,Normal,Normal,Normal
C1053,Sanjay Joshi Group,Finance,Uk,London,1200.0,2023-05-25,Partner,310.44,8.0,1,Growth,Annual,Churned,2023-05-25,2024-07-01,84.0,5.6,43.0,2.8666666666666667,8093.0,2017.3999999999999,15.0,2023-05-01,2024-07-01,2.0,41.15,6.5,2024-07-21,2024-10-01,35.3,38.805,0.056657223796034,Stable,Normal,Normal,Normal,Normal,Normal
C1054,Arjun Bose Group,Manufacturing,India,Chennai,80.0,2024-11-14,Paid Ads,818.36,9.0,1,Business,Monthly,Active,2024-11-14,,14.0,7.0,9.0,4.5,4910.0,824.9,2.0,2024-11-01,2024-12-01,3.0,40.5,5.333333333333333,2023-07-26,2024-05-28,17.6,90.92888888888889,0.17045454545454544,Stable,Normal,Normal,Normal,Normal,Normal
C1055,Arun Rao Technologies,Education,Uk,Manchester,12.0,2023-03-25,Referral,68.6,6.0,1,Starter,Annual,Churned,2023-03-25,2024-08-05,134.0,7.444444444444445,64.0,3.5555555555555554,20493.0,2621.9,18.0,2023-03-01,2024-08-01,3.0,28.366666666666664,6.0,2023-12-05,2024-06-24,37.3,11.433333333333332,0.0804289544235925,Stable,Normal,Normal,Normal,Normal,Normal
C1056,Kavya Rao Systems,Healthcare,India,Pune,80.0,2024-07-30,Events,658.68,5.0,1,Business,Annual,Active,2024-07-30,,14.0,2.3333333333333335,6.0,1.0,14097.0,1681.6999999999998,6.0,2024-07-01,2024-12-01,4.0,36.875,4.5,2023-06-17,2024-11-18,21.1,131.736,0.1895734597156398,Stable,Normal,Normal,Normal,Normal,Normal
C1057,Reyansh Joshi Industries,Media,India,Delhi,1200.0,2023-11-12,Referral,76.44,8.0,1,Starter,Annual,Active,2023-11-12,,260.0,18.571428571428573,136.0,9.714285714285714,14388.0,3077.1,14.0,2023-11-01,2024-12-01,1.0,2.8,9.0,2023-10-03,2023-10-03,29.7,9.555,0.03367003367003367,Stable,Normal,Normal,Normal,Normal,Normal
C1058,Riya Das Labs,Healthcare,India,Chennai,12.0,2024-08-27,Referral,64.68,5.0,1,Starter,Monthly,Churned,2024-08-27,2025-01-11,45.0,9.0,23.0,4.6,4003.0,724.0,5.0,2024-08-01,2024-12-01,1.0,4.0,9.0,2023-04-05,2023-04-05,20.2,12.936000000000002,0.04950495049504951,Stable,Normal,Normal,Normal,Normal,Normal
C1059,Myra Verma Labs,Media,Singapore,Singapore,80.0,2024-07-16,Organic Search,658.68,5.0,1,Business,Annual,Active,2024-07-16,,113.0,18.833333333333332,71.0,11.833333333333334,4999.0,1587.3,6.0,2024-07-01,2024-12-01,2.0,24.700000000000003,6.5,2023-06-08,2024-04-28,21.6,131.736,0.09259259259259259,Stable,Normal,Normal,Normal,Normal,Normal
C1060,Aarav Reddy Systems,Media,Uk,London,150.0,2023-07-09,Organic Search,80.36,9.0,1,Starter,Annual,Active,2023-07-09,,385.0,21.38888888888889,224.0,12.444444444444445,31791.0,4374.7,18.0,2023-07-01,2024-12-01,2.0,57.1,5.5,2023-08-19,2024-11-03,33.8,8.928888888888888,0.0591715976331361,Stable,Normal,Normal,Outlier,Normal,Normal
C1061,Isha Gupta Group,Finance,Usa,Boston,150.0,2023-06-02,Paid Ads,310.44,8.0,1,Growth,Monthly,Active,2023-06-02,,266.0,14.0,158.0,8.31578947368421,16514.0,5155.2,19.0,2023-06-01,2024-12-01,2.0,37.45,6.5,2023-11-21,2023-12-09,35.0,38.805,0.05714285714285714,Stable,Normal,Normal,Normal,Normal,Normal
C1062,Kavya Das Solutions,Manufacturing,India,Mumbai,3000.0,2023-06-02,Paid Ads,358.2,11.0,1,Growth,Annual,Churned,2023-06-02,2023-08-03,6.0,2.0,2.0,0.6666666666666666,2946.0,438.0,3.0,2023-06-01,2023-08-01,2.0,42.9,5.0,2024-10-24,2024-11-11,35.0,32.56363636363636,0.05714285714285714,Stable,Normal,Normal,Normal,Normal,Normal
C1063,Rahul Menon Systems,Logistics,Usa,Austin,12.0,2023-06-09,Events,56.84,3.0,1,Starter,Monthly,Churned,2023-06-09,2024-03-13,52.0,5.2,25.0,2.5,12377.0,1460.6,10.0,2023-06-01,2024-03-01,4.0,43.95,4.75,2023-08-27,2024-11-20,34.8,18.94666666666667,0.1149425287356322,Stable,Normal,Normal,Normal,Normal,Normal
C1064,Riya Sharma Technologies,Logistics,India,Chennai,35.0,2024-03-21,Paid Ads,68.6,6.0,1,Starter,Monthly,Active,2024-03-21,,88.0,8.8,39.0,3.9,16026.0,2546.0,10.0,2024-03-01,2024-12-01,1.0,22.1,8.0,2024-08-10,2024-08-10,25.4,11.433333333333332,0.03937007874015748,Stable,Normal,Normal,Normal,Normal,Normal
C1065,Priya Verma Systems,Education,India,Chennai,3000.0,2023-10-25,Organic Search,898.2,11.0,1,Business,Monthly,Active,2023-10-25,,90.0,6.0,47.0,3.1333333333333333,19830.0,4097.7,15.0,2023-10-01,2024-12-01,4.0,32.825,6.25,2023-07-12,2024-12-04,30.3,81.65454545454546,0.132013201320132,Stable,Normal,Normal,Normal,Normal,Normal
C1066,Ishaan Reddy Solutions,Education,Uk,Manchester,80.0,2024-07-18,Organic Search,88.2,11.0,1,Starter,Monthly,Active,2024-07-18,,32.0,5.333333333333333,16.0,2.6666666666666665,8966.0,1407.7,6.0,2024-07-01,2024-12-01,3.0,46.63333333333333,3.3333333333333335,2023-06-11,2024-10-12,21.5,8.018181818181818,0.13953488372093023,Stable,Normal,Normal,Normal,Normal,Normal
C1067,Tara Khan Group,Logistics,India,Delhi,80.0,2024-02-10,Partner,326.36,9.0,1,Growth,Monthly,Active,2024-02-10,,139.0,12.636363636363637,83.0,7.545454545454546,23539.0,2360.9,11.0,2024-02-01,2024-12-01,6.0,44.23333333333333,5.833333333333333,2023-02-06,2024-12-11,26.7,36.26222222222222,0.2247191011235955,Stable,Normal,Normal,Normal,Normal,Normal
C1068,Ananya Gupta Industries,Healthcare,Usa,Seattle,150.0,2024-11-04,Organic Search,262.68,5.0,1,Growth,Annual,Active,2024-11-04,,5.0,2.5,1.0,0.5,1291.0,625.5999999999999,2.0,2024-11-01,2024-12-01,2.0,38.15,5.5,2023-07-14,2024-11-25,17.9,52.536,0.111731843575419,Stable,Normal,Normal,Normal,Normal,Normal
C1069,Aadhya Joshi Systems,Logistics,India,Hyderabad,35.0,2023-08-15,Partner,80.36,9.0,1,Starter,Monthly,Active,2023-08-15,,262.0,15.411764705882353,141.0,8.294117647058824,17132.0,4548.9,17.0,2023-08-01,2024-12-01,2.0,9.05,7.5,2023-02-14,2024-10-03,32.6,8.928888888888888,0.06134969325153374,Stable,Normal,Normal,Normal,Normal,Normal
C1070,Kiara Das Solutions,Manufacturing,Uk,Manchester,35.0,2025-01-25,Organic Search,64.68,5.0,1,Starter,Monthly,Active,2025-01-25,,0.0,0.0,0.0,0.0,0.0,0.0,0.0,,,3.0,11.933333333333332,7.0,2023-10-10,2024-10-03,15.2,12.936000000000002,0.19736842105263158,Stable,Normal,Normal,Normal,Normal,Normal
C1071,Arjun Patel Labs,Education,Usa,Austin,35.0,2024-09-11,Organic Search,326.36,9.0,1,Growth,Monthly,Active,2024-09-11,,82.0,20.5,41.0,10.25,7361.0,969.3,4.0,2024-09-01,2024-12-01,4.0,38.45,6.0,2023-01-01,2024-09-11,19.7,36.26222222222222,0.20304568527918782,Stable,Normal,Normal,Normal,Normal,Normal
C1072,Rohan Gupta Technologies,Media,India,Pune,400.0,2023-04-22,Paid Ads,278.6,6.0,1,Growth,Monthly,Active,2023-04-22,,368.0,17.523809523809526,211.0,10.047619047619047,45924.0,4879.2,21.0,2023-04-01,2024-12-01,8.0,38.4875,5.75,2023-04-06,2024-06-21,36.4,46.43333333333334,0.21978021978021978,Decreasing,Normal,Normal,Outlier,Outlier,Normal
C1073,Vivaan Menon Group,Logistics,Uk,London,80.0,2023-08-20,Partner,84.28,10.0,1,Starter,Monthly,Active,2023-08-20,,150.0,8.823529411764707,86.0,5.0588235294117645,29996.0,4698.9,17.0,2023-08-01,2024-12-01,4.0,47.4,3.25,2023-04-09,2024-07-10,32.4,8.428,0.1234567901234568,Stable,Normal,Normal,Normal,Normal,Normal
C1074,Priya Khan Group,Finance,Uk,London,1200.0,2024-10-11,Referral,294.52,7.0,1,Growth,Monthly,Active,2024-10-11,,22.0,7.333333333333333,12.0,4.0,3339.0,647.0,3.0,2024-10-01,2024-12-01,5.0,44.6,4.4,2023-02-18,2024-04-11,18.7,42.074285714285715,0.26737967914438504,Stable,Normal,Normal,Normal,Normal,Normal
C1075,Ishaan Khan Industries,Healthcare,India,Pune,35.0,2024-05-01,Organic Search,738.52,7.0,1,Business,Annual,Active,2024-05-01,,39.0,4.875,20.0,2.5,12737.0,2030.6,8.0,2024-05-01,2024-12-01,5.0,26.360000000000003,6.6,2023-05-05,2024-12-02,24.0,105.50285714285714,0.20833333333333334,Stable,Normal,Normal,Normal,Normal,Normal
C1076,Arun Khan Labs,Education,India,Chennai,400.0,2024-05-26,Organic Search,2542.6400000000003,19.0,2,Enterprise,Annual,Churned,2024-05-26,2026-01-13,97.0,12.125,46.0,5.75,3740.0,1196.6,8.0,2024-05-01,2024-12-01,3.0,45.56666666666666,4.0,2023-09-09,2024-09-13,23.2,133.82315789473685,0.12931034482758622,Stable,Outlier,Outlier,Normal,Normal,Normal
C1077,Krishna Nair Industries,Retail,Usa,Austin,1200.0,2024-03-10,Paid Ads,80.36,9.0,1,Starter,Monthly,Active,2024-03-10,,64.0,6.4,35.0,3.5,21829.0,2317.6,10.0,2024-03-01,2024-12-01,4.0,22.175,7.5,2023-11-18,2024-12-25,25.8,8.928888888888888,0.15503875968992248,Stable,Normal,Normal,Normal,Normal,Normal
C1078,Rohan Patel Group,Media,India,Chennai,12.0,2024-03-09,Organic Search,76.44,8.0,1,Starter,Monthly,Active,2024-03-09,,32.0,3.2,13.0,1.3,12136.0,2280.5,10.0,2024-03-01,2024-12-01,8.0,25.3875,6.0,2023-05-10,2024-11-10,25.8,9.555,0.31007751937984496,Stable,Normal,Normal,Normal,Outlier,Normal
C1079,Arun Rao Industries,Education,Usa,Austin,150.0,2024-07-30,Organic Search,778.44,8.0,1,Business,Monthly,Active,2024-07-30,,73.0,12.166666666666666,43.0,7.166666666666667,8715.0,1308.6,6.0,2024-07-01,2024-12-01,5.0,22.240000000000002,7.2,2023-07-05,2024-07-20,21.1,97.305,0.23696682464454974,Stable,Normal,Normal,Normal,Normal,Normal
C1080,Rohan Sharma Group,Media,India,Bengaluru,35.0,2024-05-05,Partner,310.44,8.0,1,Growth,Monthly,Active,2024-05-05,,29.0,3.625,14.0,1.75,11010.0,1817.1999999999998,8.0,2024-05-01,2024-12-01,2.0,19.0,5.5,2023-02-01,2024-12-14,23.9,38.805,0.08368200836820085,Stable,Normal,Normal,Normal,Normal,Normal
C1081,Ananya Nair Group,Logistics,Usa,Austin,12.0,2024-04-01,Outbound,64.68,5.0,1,Starter,Monthly,Active,2024-04-01,,21.0,2.3333333333333335,8.0,0.8888888888888888,6779.0,2164.7,9.0,2024-04-01,2024-12-01,3.0,47.53333333333333,6.666666666666667,2023-03-13,2024-11-27,25.0,12.936000000000002,0.12,Stable,Normal,Normal,Normal,Normal,Normal
C1082,Aadhya Nair Systems,Finance,India,Delhi,35.0,2024-06-06,Paid Ads,294.52,7.0,1,Growth,Monthly,Active,2024-06-06,,92.0,13.142857142857142,41.0,5.857142857142857,8629.0,1994.1,7.0,2024-06-01,2024-12-01,6.0,51.81666666666666,4.333333333333333,2023-09-21,2024-10-03,22.9,42.074285714285715,0.26200873362445415,Stable,Normal,Normal,Normal,Normal,Normal
C1083,Deepak Das Group,Retail,India,Mumbai,1200.0,2024-03-01,Organic Search,80.36,9.0,1,Starter,Annual,Active,2024-03-01,,63.0,6.3,31.0,3.1,21976.0,2616.3,10.0,2024-03-01,2024-12-01,1.0,69.2,5.0,2024-01-06,2024-01-06,26.1,8.928888888888888,0.038314176245210725,Stable,Normal,Normal,Normal,Normal,Normal
C1084,Meera Patel Industries,Finance,Singapore,Singapore,35.0,2025-01-17,Organic Search,294.52,7.0,1,Growth,Monthly,Active,2025-01-17,,0.0,0.0,0.0,0.0,0.0,0.0,0.0,,,5.0,19.22,6.6,2023-01-29,2024-05-07,15.5,42.074285714285715,0.3225806451612903,Stable,Normal,Normal,Normal,Normal,Normal
C1085,Aditya Reddy Group,Logistics,Singapore,Singapore,12.0,2023-06-17,Partner,618.76,4.0,1,Business,Annual,Churned,2023-06-17,2024-01-17,109.0,13.625,60.0,7.5,5745.0,1269.1000000000001,8.0,2023-06-01,2024-01-01,2.0,6.95,8.0,2023-01-10,2024-05-11,34.5,154.69,0.057971014492753624,Stable,Normal,Normal,Normal,Normal,Normal
C1086,Karthik Sharma Systems,Media,Usa,Boston,400.0,2023-04-29,Organic Search,818.36,9.0,1,Business,Monthly,Active,2023-04-29,,46.0,2.1904761904761907,21.0,1.0,24023.0,5188.8,21.0,2023-04-01,2024-12-01,2.0,51.25,2.5,2024-08-27,2024-12-07,36.1,90.92888888888889,0.055401662049861494,Decreasing,Normal,Normal,Normal,Normal,Normal
C1087,Diya Iyer Labs,Retail,India,Mumbai,12.0,2024-11-03,Outbound,60.76,4.0,1,Starter,Annual,Active,2024-11-03,,10.0,5.0,6.0,3.0,4931.0,369.0,2.0,2024-11-01,2024-12-01,4.0,51.0,5.75,2023-09-27,2024-06-01,17.9,15.19,0.223463687150838,Stable,Normal,Normal,Normal,Normal,Normal
C1088,Reyansh Das Technologies,Healthcare,Uae,Dubai,12.0,2023-06-30,Events,310.44,8.0,1,Growth,Monthly,Active,2023-06-30,,65.0,3.4210526315789473,31.0,1.631578947368421,25835.0,4372.1,19.0,2023-06-01,2024-12-01,3.0,46.4,6.333333333333333,2023-09-21,2024-09-02,34.1,38.805,0.0879765395894428,Stable,Normal,Normal,Normal,Normal,Normal
C1089,Reyansh Bose Solutions,Manufacturing,Uk,London,150.0,2024-05-27,Organic Search,72.52,9.0,1,Starter,Monthly,Active,2024-05-27,,22.0,2.75,9.0,1.125,9825.0,2563.9,8.0,2024-05-01,2024-12-01,4.0,52.925,7.5,2023-01-28,2024-09-20,23.2,8.057777777777778,0.1724137931034483,Stable,Normal,Normal,Normal,Normal,Normal
C1090,Aarav Menon Group,Manufacturing,Singapore,Singapore,150.0,2024-10-05,Partner,326.36,9.0,1,Growth,Monthly,Churned,2024-10-05,2025-10-19,9.0,3.0,4.0,1.3333333333333333,2140.0,551.8,3.0,2024-10-01,2024-12-01,3.0,30.566666666666666,6.333333333333333,2023-06-29,2024-07-28,18.9,36.26222222222222,0.15873015873015875,Stable,Normal,Normal,Normal,Normal,Normal
C1091,Myra Nair Solutions,Finance,India,Bengaluru,35.0,2024-11-17,Events,618.76,4.0,1,Business,Annual,Active,2024-11-17,,13.0,6.5,6.0,3.0,1649.0,739.0999999999999,2.0,2024-11-01,2024-12-01,3.0,51.166666666666664,1.0,2024-01-31,2024-11-01,17.5,154.69,0.17142857142857143,Stable,Normal,Normal,Normal,Normal,Normal
C1092,Aman Sharma Solutions,Retail,India,Delhi,150.0,2024-12-05,Organic Search,68.6,6.0,1,Starter,Monthly,Active,2024-12-05,,7.0,7.0,2.0,2.0,3097.0,221.8,1.0,2024-12-01,2024-12-01,2.0,40.55,4.5,2023-07-07,2024-09-12,16.9,11.433333333333332,0.1183431952662722,Stable,Normal,Normal,Normal,Normal,Normal
C1093,Aarav Joshi Technologies,Retail,India,Mumbai,400.0,2023-05-28,Organic Search,658.68,5.0,1,Business,Monthly,Active,2023-05-28,,263.0,13.15,159.0,7.95,32589.0,5688.2,20.0,2023-05-01,2024-12-01,5.0,22.14,5.4,2023-05-29,2024-12-06,35.2,131.736,0.14204545454545453,Stable,Normal,Normal,Normal,Normal,Normal
C1094,Isha Nair Solutions,Retail,Usa,Seattle,80.0,2023-03-05,Referral,1858.76,4.0,1,Enterprise,Monthly,Active,2023-03-05,,377.0,17.136363636363637,206.0,9.363636363636363,34990.0,5469.5,22.0,2023-03-01,2024-12-01,2.0,25.799999999999997,5.0,2023-10-01,2023-12-06,37.9,464.69,0.052770448548812667,Stable,Outlier,Normal,Outlier,Normal,Outlier
C1095,Aarav Das Industries,Logistics,Singapore,Singapore,400.0,2023-02-13,Partner,72.52,7.0,1,Starter,Monthly,Active,2023-02-13,,170.0,7.391304347826087,92.0,4.0,25465.0,5224.7,23.0,2023-02-01,2024-12-01,2.0,50.900000000000006,2.0,2024-05-25,2024-08-20,38.6,10.36,0.05181347150259067,Stable,Normal,Normal,Normal,Normal,Normal
C1096,Deepak Gupta Labs,Finance,Usa,Boston,150.0,2024-03-07,Organic Search,310.44,8.0,1,Growth,Annual,Active,2024-03-07,,151.0,15.1,75.0,7.5,14710.0,2549.2,10.0,2024-03-01,2024-12-01,5.0,22.48,6.4,2023-02-04,2024-05-28,25.9,38.805,0.19305019305019305,Stable,Normal,Normal,Normal,Normal,Normal
C1097,Diya Gupta Industries,Logistics,Usa,Boston,1200.0,2024-12-24,Paid Ads,68.6,6.0,1,Starter,Monthly,Churned,2024-12-24,2025-12-30,4.0,4.0,2.0,2.0,142.0,350.7,1.0,2024-12-01,2024-12-01,5.0,31.339999999999996,7.0,2023-06-06,2024-12-21,16.3,11.433333333333332,0.3067484662576687,Stable,Normal,Normal,Normal,Normal,Normal
C1098,Myra Nair Systems,Logistics,Uk,London,12.0,2024-04-24,Organic Search,818.36,9.0,1,Business,Annual,Active,2024-04-24,,78.0,8.666666666666666,38.0,4.222222222222222,10967.0,2559.7,9.0,2024-04-01,2024-12-01,3.0,30.46666666666667,5.0,2023-11-28,2024-12-14,24.3,90.92888888888889,0.12345679012345678,Stable,Normal,Normal,Normal,Normal,Normal
C1099,Ishaan Patel Group,Logistics,India,Mumbai,1200.0,2023-02-17,Paid Ads,88.2,11.0,1,Starter,Monthly,Churned,2023-02-17,2024-02-09,69.0,5.3076923076923075,33.0,2.5384615384615383,9438.0,1938.2,13.0,2023-02-01,2024-02-01,3.0,6.166666666666667,6.333333333333333,2023-02-01,2024-09-01,38.5,8.018181818181818,0.07792207792207792,Stable,Normal,Normal,Normal,Normal,Normal
C1100,Priya Gupta Solutions,Healthcare,Uae,Abu Dhabi,80.0,2024-07-27,Partner,2098.6,6.0,1,Enterprise,Monthly,Active,2024-07-27,,99.0,16.5,50.0,8.333333333333334,4439.0,1477.6,6.0,2024-07-01,2024-12-01,2.0,37.6,4.5,2023-04-22,2024-06-19,21.2,349.76666666666665,0.09433962264150944,Stable,Outlier,Normal,Normal,Normal,Outlier
C1101,Zoya Bose Industries,Finance,Uk,London,400.0,2023-02-24,Outbound,294.52,7.0,1,Growth,Annual,Active,2023-02-24,,166.0,7.217391304347826,86.0,3.739130434782609,20407.0,5621.4,23.0,2023-02-01,2024-12-01,2.0,42.400000000000006,4.0,2023-04-14,2024-08-02,38.2,42.074285714285715,0.05235602094240837,Stable,Normal,Normal,Normal,Normal,Normal
C1102,Deepak Iyer Solutions,Retail,India,Delhi,150.0,2023-03-18,Paid Ads,2218.52,7.0,1,Enterprise,Monthly,Active,2023-03-18,,329.0,14.954545454545455,181.0,8.227272727272727,27520.0,5287.599999999999,22.0,2023-03-01,2024-12-01,2.0,22.400000000000002,6.5,2023-08-17,2024-02-13,37.5,316.93142857142857,0.05333333333333334,Stable,Outlier,Normal,Normal,Normal,Outlier
C1103,Pooja Menon Group,Retail,India,Mumbai,1200.0,2023-07-30,Unknown,3057.96,14.0,1,Enterprise,Monthly,Active,2023-07-30,,205.0,11.38888888888889,127.0,7.055555555555555,19629.0,4535.4,18.0,2023-07-01,2024-12-01,2.0,45.45,5.0,2023-09-15,2024-03-07,33.1,218.4257142857143,0.060422960725075525,Stable,Outlier,Normal,Normal,Normal,Normal
C1104,Farhan Iyer Group,Finance,Singapore,Singapore,12.0,2024-10-10,Events,72.52,7.0,1,Starter,Annual,Active,2024-10-10,,14.0,4.666666666666667,6.0,2.0,3179.0,731.8,3.0,2024-10-01,2024-12-01,1.0,68.5,2.0,2023-10-02,2023-10-02,18.7,10.36,0.053475935828877004,Stable,Normal,Normal,Normal,Normal,Normal
C1105,Riya Gupta Labs,Media,India,Bengaluru,12.0,2023-01-30,Organic Search,698.6,6.0,1,Business,Monthly,Active,2023-01-30,,218.0,9.083333333333334,120.0,5.0,40850.0,6135.1,24.0,2023-01-01,2024-12-01,2.0,32.0,6.5,2023-01-25,2023-02-04,39.1,116.43333333333334,0.05115089514066496,Stable,Normal,Normal,Normal,Normal,Normal
C1106,Ananya Singh Group,Logistics,Singapore,Singapore,80.0,2024-09-29,Referral,199.0,1.0,1,Growth,Annual,Active,2024-09-29,,19.0,4.75,11.0,2.75,5248.0,1062.8000000000002,4.0,2024-09-01,2024-12-01,3.0,21.0,4.333333333333333,2023-06-03,2024-03-16,19.1,199.0,0.15706806282722513,Stable,Normal,Normal,Normal,Normal,Normal
C1107,Isha Nair Technologies,Retail,India,Pune,3000.0,2023-12-07,Partner,64.68,5.0,1,Starter,Monthly,Churned,2023-12-07,2025-02-17,131.0,10.076923076923077,68.0,5.230769230769231,9557.0,1669.5,13.0,2023-12-01,2024-12-01,4.0,34.625,4.75,2023-08-01,2024-09-11,28.8,12.936000000000002,0.1388888888888889,Stable,Normal,Normal,Normal,Normal,Normal
C1108,Saanvi Joshi Systems,Unknown,Singapore,Singapore,150.0,2023-01-14,Paid Ads,68.6,6.0,1,Starter,Monthly,Active,2023-01-14,,319.0,13.291666666666666,195.0,8.125,14818.0,5954.4,24.0,2023-01-01,2024-12-01,2.0,32.05,8.5,2023-10-27,2024-01-22,39.6,11.433333333333332,0.050505050505050504,Stable,Normal,Normal,Normal,Normal,Normal
C1109,Kiara Verma Industries,Retail,Uae,Dubai,80.0,2023-02-19,Organic Search,262.68,5.0,1,Growth,Monthly,Active,2023-02-19,,397.0,17.26086956521739,218.0,9.478260869565217,22170.0,5452.4,23.0,2023-02-01,2024-12-01,6.0,57.800000000000004,6.166666666666667,2023-01-16,2024-11-01,38.4,52.536,0.15625,Stable,Normal,Normal,Outlier,Normal,Normal
C1110,Tara Sharma Solutions,Media,Uk,Manchester,35.0,2024-07-30,Outbound,294.52,7.0,1,Growth,Annual,Active,2024-07-30,,70.0,11.666666666666666,37.0,6.166666666666667,7955.0,1803.8,6.0,2024-07-01,2024-12-01,1.0,11.2,7.0,2023-05-20,2023-05-20,21.1,42.074285714285715,0.04739336492890995,Stable,Normal,Normal,Normal,Normal,Normal
C1111,Priya Khan Industries,Unknown,Uae,Abu Dhabi,35.0,2024-06-30,Organic Search,658.68,5.0,1,Business,Monthly,Active,2024-06-30,,97.0,13.857142857142858,57.0,8.142857142857142,13354.0,2055.6,7.0,2024-06-01,2024-12-01,6.0,35.766666666666666,5.166666666666667,2023-01-18,2024-06-11,22.1,131.736,0.27149321266968324,Stable,Normal,Normal,Normal,Normal,Normal
C1112,Aarav Singh Labs,Education,Uk,London,1200.0,2023-07-25,Partner,72.52,7.0,1,Starter,Annual,Churned,2023-07-25,2024-10-18,197.0,12.3125,115.0,7.1875,12639.0,1976.8999999999999,16.0,2023-07-01,2024-10-01,7.0,27.97142857142857,6.0,2023-05-06,2024-12-02,33.3,10.36,0.21021021021021022,Stable,Normal,Normal,Normal,Normal,Normal
C1113,Riya Iyer Technologies,Healthcare,India,Chennai,12.0,2024-09-12,Outbound,2578.28,10.0,1,Enterprise,Annual,Active,2024-09-12,,75.0,18.75,58.0,14.5,5941.0,898.3,4.0,2024-09-01,2024-12-01,5.0,42.620000000000005,5.0,2023-09-06,2024-02-18,19.6,257.82800000000003,0.25510204081632654,Stable,Outlier,Normal,Normal,Normal,Normal
C1114,Aadhya Das Industries,Manufacturing,Usa,Boston,35.0,2024-11-26,Outbound,80.36,9.0,1,Starter,Monthly,Active,2024-11-26,,43.0,21.5,27.0,13.5,7252.0,711.9,2.0,2024-11-01,2024-12-01,2.0,54.7,4.5,2023-06-06,2024-04-05,17.2,8.928888888888888,0.11627906976744186,Stable,Normal,Normal,Normal,Normal,Normal
C1115,Rahul Rao Labs,Finance,Uae,Dubai,12.0,2024-09-16,Partner,88.2,11.0,1,Starter,Monthly,Churned,2024-09-16,2025-03-06,32.0,8.0,11.0,2.75,4271.0,979.9,4.0,2024-09-01,2024-12-01,5.0,39.64,6.0,2023-04-02,2024-06-12,19.5,8.018181818181818,0.2564102564102564,Stable,Normal,Normal,Normal,Normal,Normal
C1116,Isha Gupta Group,Finance,India,Mumbai,35.0,2024-12-01,Partner,80.36,9.0,1,Starter,Annual,Active,2024-12-01,,3.0,3.0,2.0,2.0,1626.0,206.0,1.0,2024-12-01,2024-12-01,5.0,34.059999999999995,5.2,2023-05-24,2024-10-25,17.0,8.928888888888888,0.29411764705882354,Stable,Normal,Normal,Normal,Normal,Normal
C1117,Arun Gupta Labs,Education,Uae,Abu Dhabi,400.0,2024-01-27,Events,738.52,7.0,1,Business,Monthly,Churned,2024-01-27,2024-03-21,21.0,7.0,15.0,5.0,1511.0,839.0999999999999,3.0,2024-01-01,2024-03-01,3.0,27.03333333333333,4.666666666666667,2024-02-22,2024-08-16,27.2,105.50285714285714,0.11029411764705882,Stable,Normal,Normal,Normal,Normal,Normal
C1118,Ishaan Reddy Group,Education,Uae,Abu Dhabi,400.0,2024-07-17,Events,278.6,6.0,1,Growth,Monthly,Active,2024-07-17,,25.0,4.166666666666667,9.0,1.5,2732.0,1294.8,6.0,2024-07-01,2024-12-01,1.0,27.8,2.0,2023-09-20,2023-09-20,21.5,46.43333333333334,0.046511627906976744,Stable,Normal,Normal,Normal,Normal,Normal
C1119,Deepak Verma Systems,Logistics,India,Bengaluru,80.0,2023-07-29,Referral,72.52,7.0,1,Starter,Monthly,Active,2023-07-29,,143.0,7.944444444444445,78.0,4.333333333333333,31571.0,4465.8,18.0,2023-07-01,2024-12-01,3.0,44.76666666666667,7.333333333333333,2023-05-06,2024-07-16,33.1,10.36,0.09063444108761329,Stable,Normal,Normal,Normal,Normal,Normal
C1120,Pooja Rao Solutions,Manufacturing,Uae,Abu Dhabi,80.0,2024-06-20,Outbound,310.44,8.0,1,Growth,Monthly,Active,2024-06-20,,53.0,7.571428571428571,31.0,4.428571428571429,6893.0,2091.4,7.0,2024-06-01,2024-12-01,2.0,52.349999999999994,5.0,2023-10-14,2024-03-02,22.4,38.805,0.08928571428571429,Stable,Normal,Normal,Normal,Normal,Normal
C1121,Ishaan Singh Group,Logistics,India,Mumbai,1200.0,2023-04-13,Events,1858.76,4.0,1,Enterprise,Monthly,Active,2023-04-13,,361.0,17.19047619047619,193.0,9.19047619047619,16589.0,5596.4,21.0,2023-04-01,2024-12-01,3.0,32.800000000000004,6.0,2023-03-25,2024-08-21,36.7,464.69,0.08174386920980926,Stable,Outlier,Normal,Outlier,Normal,Outlier
C1122,Aarav Gupta Technologies,Logistics,India,Bengaluru,12.0,2024-04-06,Referral,310.44,8.0,1,Growth,Monthly,Churned,2024-04-06,2024-11-28,51.0,6.375,26.0,3.25,11495.0,1316.7,8.0,2024-04-01,2024-11-01,3.0,33.86666666666667,5.0,2023-01-29,2024-12-06,24.9,38.805,0.12048192771084339,Stable,Normal,Normal,Normal,Normal,Normal
C1123,Vihaan Joshi Solutions,Manufacturing,India,Mumbai,400.0,2024-05-09,Outbound,92.12,12.0,1,Starter,Annual,Active,2024-05-09,,103.0,12.875,64.0,8.0,8648.0,2245.8,8.0,2024-05-01,2024-12-01,5.0,31.339999999999996,5.0,2023-10-20,2024-11-27,23.8,7.676666666666667,0.21008403361344538,Stable,Normal,Normal,Normal,Normal,Normal
C1124,Krishna Sharma Systems,Manufacturing,Uk,Manchester,150.0,2024-08-09,Partner,278.6,6.0,1,Growth,Annual,Active,2024-08-09,,27.0,5.4,16.0,3.2,5295.0,1553.3,5.0,2024-08-01,2024-12-01,1.0,4.9,6.0,2023-10-22,2023-10-22,20.8,46.43333333333334,0.04807692307692307,Stable,Normal,Normal,Normal,Normal,Normal
C1125,Kiara Verma Systems,Media,Uk,London,12.0,2023-06-17,Referral,88.2,11.0,1,Starter,Monthly,Churned,2023-06-17,2024-07-05,171.0,12.214285714285714,97.0,6.928571428571429,12809.0,1938.2,14.0,2023-06-01,2024-07-01,5.0,55.94000000000001,5.6,2023-02-14,2024-09-09,34.5,8.018181818181818,0.14492753623188406,Stable,Normal,Normal,Normal,Normal,Normal
C1126,Sneha Iyer Group,Retail,India,Chennai,35.0,2023-10-11,Outbound,96.04,13.0,1,Starter,Monthly,Active,2023-10-11,,198.0,13.2,131.0,8.733333333333333,18920.0,4027.4,15.0,2023-10-01,2024-12-01,4.0,29.05,5.25,2023-08-07,2024-10-14,30.7,7.3876923076923084,0.13029315960912052,Stable,Normal,Normal,Normal,Normal,Normal
C1127,Divya Gupta Labs,Education,Uae,Abu Dhabi,35.0,2024-03-16,Partner,278.6,6.0,1,Growth,Annual,Active,2024-03-16,,173.0,17.3,91.0,9.1,17903.0,2411.2,10.0,2024-03-01,2024-12-01,6.0,39.733333333333334,4.166666666666667,2023-05-26,2024-08-13,25.6,46.43333333333334,0.234375,Stable,Normal,Normal,Normal,Normal,Normal
C1128,Sneha Rao Industries,Finance,India,Mumbai,400.0,2023-09-29,Organic Search,88.2,11.0,1,Starter,Monthly,Active,2023-09-29,,325.0,20.3125,187.0,11.6875,29390.0,3862.2,16.0,2023-09-01,2024-12-01,2.0,37.0,6.5,2024-08-18,2024-11-08,31.1,8.018181818181818,0.06430868167202572,Stable,Normal,Normal,Normal,Normal,Normal
C1129,Farhan Reddy Labs,Manufacturing,India,Mumbai,3000.0,2024-05-26,Referral,858.28,10.0,1,Business,Annual,Churned,2024-05-26,2025-04-24,57.0,7.125,32.0,4.0,3842.0,1717.3,8.0,2024-05-01,2024-12-01,3.0,35.666666666666664,6.333333333333333,2023-10-08,2024-10-19,23.2,85.828,0.12931034482758622,Stable,Normal,Normal,Normal,Normal,Normal
C1130,Nikita Iyer Technologies,Media,Uae,Dubai,150.0,2024-03-26,Unknown,80.36,9.0,1,Starter,Monthly,Active,2024-03-26,,181.0,18.1,108.0,10.8,18465.0,2618.8,10.0,2024-03-01,2024-12-01,3.0,18.866666666666664,8.333333333333334,2024-01-07,2024-10-11,25.2,8.928888888888888,0.11904761904761905,Stable,Normal,Normal,Normal,Normal,Normal
C1131,Aditya Menon Industries,Manufacturing,Uae,Abu Dhabi,80.0,2023-05-05,Organic Search,525.36,10.0,2,Growth,Monthly,Churned,2023-05-05,2024-06-01,129.0,6.142857142857143,65.0,3.0952380952380953,23099.0,4145.5,20.0,2023-05-01,2024-12-01,4.0,39.4,4.75,2023-03-09,2024-10-07,35.9,52.536,0.11142061281337048,Increasing,Normal,Normal,Normal,Normal,Normal
C1132,Sneha Khan Solutions,Finance,Singapore,Singapore,35.0,2023-12-07,Organic Search,775.04,14.0,2,Business,Annual,Churned,2023-12-07,2025-05-09,37.0,2.8461538461538463,14.0,1.0769230769230769,9322.0,2167.1,13.0,2023-12-01,2024-12-01,0.0,0.0,0.0,,,28.8,55.36,0.0,Stable,Normal,Normal,Normal,Normal,Normal
C1133,Divya Nair Solutions,Retail,India,Pune,12.0,2025-01-25,Events,80.36,9.0,1,Starter,Monthly,Active,2025-01-25,,0.0,0.0,0.0,0.0,0.0,0.0,0.0,,,1.0,32.4,8.0,2023-07-10,2023-07-10,15.2,8.928888888888888,0.06578947368421052,Stable,Normal,Normal,Normal,Normal,Normal
C1134,Tara Reddy Industries,Healthcare,India,Delhi,35.0,2023-01-30,Referral,56.84,3.0,1,Starter,Monthly,Active,2023-01-30,,453.0,18.875,232.0,9.666666666666666,31979.0,5909.35,24.0,2023-01-01,2024-12-01,6.0,40.15,5.666666666666667,2023-01-11,2024-11-06,39.1,18.94666666666667,0.1534526854219949,Stable,Normal,Normal,Outlier,Normal,Normal
C1135,Nikita Menon Solutions,Education,India,Hyderabad,35.0,2023-11-21,Organic Search,246.76,4.0,1,Growth,Monthly,Active,2023-11-21,,159.0,11.357142857142858,95.0,6.785714285714286,18102.0,3275.8,14.0,2023-11-01,2024-12-01,3.0,62.9,4.666666666666667,2024-02-01,2024-08-03,29.4,61.69,0.10204081632653061,Stable,Normal,Normal,Normal,Normal,Normal
C1136,Deepak Bose Group,Media,Uae,Dubai,35.0,2024-04-04,Paid Ads,294.52,7.0,1,Growth,Monthly,Active,2024-04-04,,47.0,5.222222222222222,25.0,2.7777777777777777,12966.0,2207.4,9.0,2024-04-01,2024-12-01,0.0,0.0,0.0,,,24.9,42.074285714285715,0.0,Stable,Normal,Normal,Normal,Normal,Normal
C1137,Arun Verma Labs,Finance,India,Pune,80.0,2023-08-09,Partner,342.28,10.0,1,Growth,Annual,Churned,2023-08-09,2024-03-14,110.0,13.75,62.0,7.75,8261.0,1366.6,8.0,2023-08-01,2024-03-01,6.0,30.616666666666664,5.5,2023-01-05,2024-07-29,32.8,34.227999999999994,0.1829268292682927,Stable,Normal,Normal,Normal,Normal,Normal
C1138,Meera Sharma Labs,Retail,India,Bengaluru,35.0,2024-10-27,Outbound,84.28,10.0,1,Starter,Monthly,Active,2024-10-27,,50.0,16.666666666666668,25.0,8.333333333333334,3912.0,601.3000000000001,3.0,2024-10-01,2024-12-01,5.0,26.080000000000002,5.0,2023-06-02,2024-04-23,18.2,8.428,0.27472527472527475,Stable,Normal,Normal,Normal,Normal,Normal
C1139,Arjun Menon Group,Logistics,India,Delhi,12.0,2023-07-17,Referral,68.6,6.0,1,Starter,Annual,Active,2023-07-17,,211.0,11.722222222222221,108.0,6.0,33461.0,4953.2,18.0,2023-07-01,2024-12-01,4.0,49.300000000000004,5.0,2023-05-03,2024-11-17,33.5,11.433333333333332,0.11940298507462686,Stable,Normal,Normal,Normal,Normal,Normal
C1140,Aarav Nair Systems,Retail,India,Chennai,12.0,2024-07-15,Paid Ads,278.6,6.0,1,Growth,Monthly,Churned,2024-07-15,2024-10-25,36.0,9.0,15.0,3.75,1991.0,781.7,4.0,2024-07-01,2024-10-01,7.0,46.228571428571435,5.285714285714286,2023-05-22,2024-06-08,21.6,46.43333333333334,0.32407407407407407,Stable,Normal,Normal,Normal,Normal,Normal
C1141,Ananya Joshi Industries,Finance,Usa,Austin,400.0,2023-02-25,Organic Search,278.6,6.0,1,Growth,Annual,Active,2023-02-25,,136.0,5.913043478260869,71.0,3.0869565217391304,28450.0,6789.9,23.0,2023-02-01,2024-12-01,4.0,33.575,4.0,2023-06-18,2024-05-20,38.2,46.43333333333334,0.10471204188481674,Stable,Normal,Normal,Normal,Normal,Normal
C1142,Kavya Reddy Technologies,Education,Usa,Austin,400.0,2023-03-03,Partner,326.36,9.0,1,Growth,Monthly,Active,2023-03-03,,270.0,12.272727272727273,151.0,6.863636363636363,27711.0,5823.3,22.0,2023-03-01,2024-12-01,4.0,28.05,6.75,2023-01-10,2024-09-27,38.0,36.26222222222222,0.10526315789473684,Stable,Normal,Normal,Normal,Normal,Normal
C1143,Reyansh Menon Solutions,Retail,Singapore,Singapore,35.0,2023-02-20,Unknown,88.2,11.0,1,Starter,Monthly,Churned,2023-02-20,2024-05-24,98.0,6.125,52.0,3.25,10005.0,2354.3,16.0,2023-02-01,2024-05-01,4.0,52.824999999999996,4.5,2023-07-08,2024-12-17,38.4,8.018181818181818,0.10416666666666667,Stable,Normal,Normal,Normal,Normal,Normal
C1144,Aditya Sharma Technologies,Media,Uk,London,80.0,2024-01-15,Referral,2698.2,11.0,1,Enterprise,Annual,Active,2024-01-15,,216.0,18.0,131.0,10.916666666666666,22209.0,3397.3,12.0,2024-01-01,2024-12-01,3.0,32.23333333333333,5.0,2023-04-08,2024-09-02,27.6,245.29090909090908,0.10869565217391304,Stable,Outlier,Normal,Normal,Normal,Normal
C1145,Pooja Reddy Solutions,Logistics,India,Hyderabad,35.0,2023-03-28,Outbound,68.6,6.0,1,Starter,Annual,Active,2023-03-28,,313.0,14.227272727272727,169.0,7.681818181818182,23925.0,6105.9,22.0,2023-03-01,2024-12-01,5.0,54.06,5.0,2023-06-18,2024-12-24,37.2,11.433333333333332,0.13440860215053763,Stable,Normal,Normal,Normal,Normal,Normal
C1146,Priya Iyer Technologies,Healthcare,India,Pune,150.0,2023-01-16,Referral,294.52,7.0,1,Growth,Monthly,Active,2023-01-16,,132.0,5.5,68.0,2.8333333333333335,24680.0,5860.7,24.0,2023-01-01,2024-12-01,2.0,30.5,3.5,2023-01-13,2024-09-23,39.5,42.074285714285715,0.05063291139240506,Stable,Normal,Normal,Normal,Normal,Normal
C1147,Vivaan Khan Technologies,Manufacturing,India,Bengaluru,80.0,2023-11-07,Organic Search,262.68,5.0,1,Growth,Monthly,Active,2023-11-07,,173.0,12.357142857142858,85.0,6.071428571428571,13087.0,3993.0,14.0,2023-11-01,2024-12-01,2.0,43.7,4.5,2023-03-02,2023-12-22,29.8,52.536,0.06711409395973154,Stable,Normal,Normal,Normal,Normal,Normal
C1148,Divya Bose Solutions,Education,India,Chennai,80.0,2024-09-04,Unknown,778.44,8.0,1,Business,Annual,Active,2024-09-04,,18.0,4.5,7.0,1.75,3392.0,832.8000000000001,4.0,2024-09-01,2024-12-01,1.0,68.6,3.0,2024-04-24,2024-04-24,19.9,97.305,0.05025125628140704,Stable,Normal,Normal,Normal,Normal,Normal
C1149,Vivaan Verma Technologies,Logistics,Uk,London,35.0,2023-04-23,Paid Ads,1978.68,5.0,1,Enterprise,Monthly,Active,2023-04-23,,71.0,3.380952380952381,39.0,1.8571428571428572,23494.0,5919.3,21.0,2023-04-01,2024-12-01,5.0,31.920000000000005,5.0,2023-01-13,2024-12-21,36.3,395.736,0.13774104683195593,Stable,Outlier,Normal,Normal,Normal,Outlier
C1150,Rahul Singh Technologies,Education,India,Hyderabad,35.0,2025-01-14,Outbound,578.84,3.0,1,Business,Monthly,Churned,2025-01-14,2026-07-03,0.0,0.0,0.0,0.0,0.0,0.0,0.0,,,3.0,45.0,5.0,2023-05-30,2024-07-06,15.6,192.9466666666667,0.19230769230769232,Stable,Normal,Normal,Normal,Normal,Normal
C1151,Aman Gupta Solutions,Manufacturing,India,Chennai,12.0,2023-07-20,Paid Ads,778.44,8.0,1,Business,Monthly,Churned,2023-07-20,2024-11-19,132.0,7.764705882352941,77.0,4.529411764705882,10874.0,1887.0,17.0,2023-07-01,2024-11-01,1.0,61.7,2.0,2023-09-21,2023-09-21,33.4,97.305,0.029940119760479042,Stable,Normal,Normal,Normal,Normal,Normal
C1152,Nikita Verma Technologies,Finance,Usa,Austin,80.0,2024-08-03,Organic Search,294.52,7.0,1,Growth,Annual,Churned,2024-08-03,2025-05-27,19.0,3.8,7.0,1.4,4282.0,858.45,5.0,2024-08-01,2024-12-01,5.0,39.660000000000004,5.2,2023-07-07,2024-12-04,21.0,42.074285714285715,0.23809523809523808,Stable,Normal,Normal,Normal,Normal,Normal
C1153,Aadhya Patel Solutions,Media,India,Pune,80.0,2024-08-10,Paid Ads,618.76,4.0,1,Business,Annual,Active,2024-08-10,,30.0,6.0,11.0,2.2,7219.0,1156.8,5.0,2024-08-01,2024-12-01,1.0,12.7,8.0,2024-10-29,2024-10-29,20.7,154.69,0.04830917874396135,Stable,Normal,Normal,Normal,Normal,Normal
C1154,Kiara Das Group,Unknown,India,Pune,80.0,2024-10-29,Organic Search,723.3599999999999,10.0,2,Business,Annual,Churned,2024-10-29,2025-10-20,8.0,2.6666666666666665,4.0,1.3333333333333333,3649.0,657.9000000000001,3.0,2024-10-01,2024-12-01,1.0,77.3,6.0,2023-01-11,2023-01-11,18.1,72.33599999999998,0.055248618784530384,Stable,Normal,Normal,Normal,Normal,Normal
C1155,Naveen Verma Technologies,Manufacturing,India,Bengaluru,12.0,2023-09-30,Referral,2098.6,6.0,1,Enterprise,Monthly,Active,2023-09-30,,97.0,6.0625,46.0,2.875,21903.0,4323.0,16.0,2023-09-01,2024-12-01,3.0,40.46666666666667,6.666666666666667,2023-02-16,2024-09-27,31.1,349.76666666666665,0.09646302250803858,Stable,Outlier,Normal,Normal,Normal,Outlier
C1156,Diya Sharma Technologies,Retail,India,Chennai,80.0,2024-03-16,Organic Search,2218.52,7.0,1,Enterprise,Monthly,Active,2024-03-16,,85.0,8.5,46.0,4.6,12133.0,2974.4,10.0,2024-03-01,2024-12-01,2.0,5.85,6.5,2024-09-19,2024-09-30,25.6,316.93142857142857,0.078125,Stable,Outlier,Normal,Normal,Normal,Outlier
C1157,Meera Joshi Solutions,Logistics,Singapore,Singapore,150.0,2024-02-24,Paid Ads,230.84,3.0,1,Growth,Annual,Active,2024-02-24,,76.0,6.909090909090909,39.0,3.5454545454545454,15644.0,2611.0,11.0,2024-02-01,2024-12-01,6.0,38.083333333333336,5.166666666666667,2023-02-07,2023-07-29,26.2,76.94666666666667,0.22900763358778625,Stable,Normal,Normal,Normal,Normal,Normal
C1158,Farhan Nair Labs,Education,India,Mumbai,3000.0,2023-03-21,Organic Search,84.28,10.0,1,Starter,Monthly,Active,2023-03-21,,201.0,9.136363636363637,96.0,4.363636363636363,21070.0,5085.2,22.0,2023-03-01,2024-12-01,3.0,46.0,5.666666666666667,2023-06-10,2024-07-10,37.4,8.428,0.08021390374331551,Stable,Normal,Normal,Normal,Normal,Normal
C1159,Deepak Bose Systems,Education,Uk,London,400.0,2024-09-02,Organic Search,80.36,9.0,1,Starter,Monthly,Active,2024-09-02,,50.0,12.5,26.0,6.5,5396.0,952.8,4.0,2024-09-01,2024-12-01,6.0,50.54999999999999,5.333333333333333,2023-01-20,2024-10-16,20.0,8.928888888888888,0.3,Stable,Normal,Normal,Normal,Normal,Normal
C1160,Ishaan Singh Group,Education,Usa,Boston,1200.0,2024-12-11,Organic Search,68.6,6.0,1,Starter,Monthly,Active,2024-12-11,,10.0,10.0,4.0,4.0,597.0,228.8,1.0,2024-12-01,2024-12-01,4.0,45.15,5.0,2023-09-18,2024-09-28,16.7,11.433333333333332,0.23952095808383234,Stable,Normal,Normal,Normal,Normal,Normal
C1161,Sneha Das Systems,Healthcare,Uae,Dubai,150.0,2024-05-18,Paid Ads,246.76,4.0,1,Growth,Monthly,Active,2024-05-18,,22.0,2.75,9.0,1.125,21178.0,2260.1,8.0,2024-05-01,2024-12-01,3.0,30.833333333333332,4.0,2023-03-25,2023-10-15,23.5,61.69,0.1276595744680851,Stable,Normal,Normal,Normal,Normal,Normal
C1162,Divya Nair Technologies,Logistics,India,Hyderabad,150.0,2024-09-08,Outbound,2098.6,6.0,1,Enterprise,Monthly,Churned,2024-09-08,2025-09-18,26.0,6.5,14.0,3.5,1159.0,551.1999999999999,4.0,2024-09-01,2024-12-01,3.0,24.2,5.666666666666667,2023-08-12,2023-11-17,19.8,349.76666666666665,0.15151515151515152,Stable,Outlier,Normal,Normal,Normal,Outlier
C1163,Meera Menon Industries,Media,India,Bengaluru,35.0,2023-09-03,Paid Ads,278.6,6.0,1,Growth,Monthly,Active,2023-09-03,,89.0,5.5625,45.0,2.8125,24521.0,3983.4,16.0,2023-09-01,2024-12-01,3.0,27.666666666666668,4.0,2023-06-26,2024-10-03,32.0,46.43333333333334,0.09375,Stable,Normal,Normal,Normal,Normal,Normal
C1164,Saanvi Menon Systems,Healthcare,India,Pune,150.0,2023-10-06,Events,80.36,9.0,1,Starter,Monthly,Active,2023-10-06,,255.0,17.0,139.0,9.266666666666667,27508.0,3747.0,15.0,2023-10-01,2024-12-01,3.0,30.333333333333332,4.666666666666667,2023-03-17,2023-04-17,30.9,8.928888888888888,0.0970873786407767,Stable,Normal,Normal,Normal,Normal,Normal
C1165,Arjun Das Solutions,Logistics,India,Bengaluru,80.0,2024-03-12,Partner,72.52,7.0,1,Starter,Annual,Active,2024-03-12,,153.0,15.3,93.0,9.3,13464.0,2518.4,10.0,2024-03-01,2024-12-01,5.0,49.480000000000004,5.4,2023-01-08,2024-04-12,25.7,10.36,0.19455252918287938,Stable,Normal,Normal,Normal,Normal,Normal
C1166,Deepak Joshi Industries,Education,India,Bengaluru,80.0,2024-08-30,Paid Ads,2338.44,8.0,1,Enterprise,Monthly,Active,2024-08-30,,31.0,6.2,21.0,4.2,7565.0,1049.7,5.0,2024-08-01,2024-12-01,3.0,35.03333333333333,4.0,2023-07-17,2024-11-27,20.1,292.305,0.14925373134328357,Stable,Outlier,Normal,Normal,Normal,Outlier
C1167,Aarav Patel Labs,Media,Singapore,Singapore,3000.0,2023-04-19,Paid Ads,278.6,6.0,1,Growth,Monthly,Active,2023-04-19,,66.0,3.142857142857143,26.0,1.2380952380952381,26818.0,4928.8,21.0,2023-04-01,2024-12-01,4.0,19.85,6.75,2023-02-16,2024-11-07,36.5,46.43333333333334,0.1095890410958904,Stable,Normal,Normal,Normal,Normal,Normal
C1168,Aditya Joshi Solutions,Finance,Usa,Seattle,80.0,2023-10-30,Referral,56.84,3.0,1,Starter,Annual,Active,2023-10-30,,318.0,21.2,164.0,10.933333333333334,12269.0,3954.2,15.0,2023-10-01,2024-12-01,2.0,7.55,6.5,2023-04-21,2023-08-06,30.1,18.94666666666667,0.06644518272425248,Stable,Normal,Normal,Normal,Normal,Normal
C1169,Reyansh Menon Solutions,Manufacturing,Uk,Manchester,400.0,2024-09-01,Organic Search,658.68,5.0,1,Business,Monthly,Active,2024-09-01,,16.0,4.0,7.0,1.75,8651.0,1094.9,4.0,2024-09-01,2024-12-01,3.0,21.96666666666667,9.333333333333334,2023-08-15,2024-04-14,20.0,131.736,0.15,Stable,Normal,Normal,Normal,Normal,Normal
C1170,Diya Verma Industries,Finance,India,Mumbai,80.0,2023-12-28,Referral,76.44,8.0,1,Starter,Monthly,Churned,2023-12-28,2024-05-28,74.0,12.333333333333334,46.0,7.666666666666667,5555.0,912.7,6.0,2023-12-01,2024-05-01,2.0,50.4,4.5,2023-03-22,2024-05-15,28.2,9.555,0.07092198581560284,Stable,Normal,Normal,Normal,Normal,Normal
C1171,Aditya Khan Industries,Retail,Usa,Austin,35.0,2023-11-04,Referral,294.52,8.0,1,Growth,Monthly,Active,2023-11-04,,270.0,19.285714285714285,135.0,9.642857142857142,20380.0,3424.1,14.0,2023-11-01,2024-12-01,0.0,0.0,0.0,,,29.9,36.815,0.0,Stable,Normal,Normal,Normal,Normal,Normal
C1172,Reyansh Menon Industries,Healthcare,Singapore,Singapore,400.0,2024-11-08,Referral,818.36,9.0,1,Business,Monthly,Churned,2024-11-08,2025-01-09,23.0,11.5,10.0,5.0,2296.0,209.9,2.0,2024-11-01,2024-12-01,0.0,0.0,0.0,,,17.8,90.92888888888889,0.0,Stable,Normal,Normal,Normal,Normal,Normal
C1173,Kiara Bose Labs,Finance,India,Delhi,12.0,2024-09-03,Events,76.44,8.0,1,Starter,Monthly,Churned,2024-09-03,2025-08-05,35.0,8.75,20.0,5.0,6443.0,571.4,4.0,2024-09-01,2024-12-01,1.0,23.1,5.0,2024-02-29,2024-02-29,19.9,9.555,0.05025125628140704,Stable,Normal,Normal,Normal,Normal,Normal
C1174,Vivaan Verma Systems,Retail,India,Bengaluru,80.0,2024-08-29,Partner,230.84,3.0,1,Growth,Monthly,Active,2024-08-29,,63.0,12.6,28.0,5.6,7341.0,935.7,5.0,2024-08-01,2024-12-01,6.0,32.699999999999996,6.0,2023-01-12,2024-04-23,20.1,76.94666666666667,0.29850746268656714,Stable,Normal,Normal,Normal,Normal,Normal
C1175,Pooja Bose Solutions,Logistics,India,Delhi,12.0,2023-05-31,Organic Search,56.84,3.0,1,Starter,Monthly,Active,2023-05-31,,103.0,5.15,47.0,2.35,22317.0,4691.6,20.0,2023-05-01,2024-12-01,7.0,41.51428571428572,5.714285714285714,2023-06-08,2024-12-21,35.1,18.94666666666667,0.19943019943019943,Stable,Normal,Normal,Normal,Normal,Normal
C1176,Sneha Khan Technologies,Education,Uae,Abu Dhabi,12.0,2024-08-26,Organic Search,72.52,7.0,1,Starter,Monthly,Churned,2024-08-26,2025-02-22,60.0,12.0,29.0,5.8,1509.0,798.1,5.0,2024-08-01,2024-12-01,5.0,23.860000000000003,4.8,2023-03-23,2024-12-16,20.2,10.36,0.24752475247524752,Stable,Normal,Normal,Normal,Normal,Normal
C1177,Isha Gupta Group,Media,Usa,Seattle,12.0,2023-11-13,Organic Search,72.52,7.0,1,Starter,Monthly,Active,2023-11-13,,245.0,17.5,156.0,11.142857142857142,17908.0,4081.4,14.0,2023-11-01,2024-12-01,5.0,26.28,5.2,2023-03-20,2024-12-03,29.6,10.36,0.16891891891891891,Stable,Normal,Normal,Normal,Normal,Normal
C1178,Isha Menon Solutions,Retail,India,Mumbai,12.0,2023-06-30,Partner,326.36,9.0,1,Growth,Monthly,Active,2023-06-30,,360.0,18.94736842105263,205.0,10.789473684210526,24438.0,4765.1,19.0,2023-06-01,2024-12-01,2.0,25.200000000000003,4.5,2023-10-03,2024-04-19,34.1,36.26222222222222,0.05865102639296187,Stable,Normal,Normal,Outlier,Normal,Normal
C1179,Sneha Iyer Solutions,Media,Usa,Boston,12.0,2023-08-13,Paid Ads,60.76,4.0,1,Starter,Annual,Churned,2023-08-13,2024-02-02,30.0,4.285714285714286,14.0,2.0,5745.0,1048.6,7.0,2023-08-01,2024-02-01,3.0,23.666666666666668,5.0,2023-01-08,2024-11-05,32.7,15.19,0.09174311926605504,Stable,Normal,Normal,Normal,Normal,Normal
C1180,Rahul Menon Labs,Retail,Uae,Dubai,80.0,2023-08-14,Organic Search,68.6,6.0,1,Starter,Annual,Churned,2023-08-14,2024-06-05,142.0,12.909090909090908,94.0,8.545454545454545,8996.0,1991.9,11.0,2023-08-01,2024-06-01,1.0,79.8,1.0,2023-06-03,2023-06-03,32.6,11.433333333333332,0.03067484662576687,Stable,Normal,Normal,Normal,Normal,Normal
C1181,Isha Reddy Labs,Healthcare,Uk,London,150.0,2024-09-28,Partner,230.84,3.0,1,Growth,Annual,Churned,2024-09-28,2024-12-14,65.0,16.25,34.0,8.5,2741.0,725.8,4.0,2024-09-01,2024-12-01,2.0,23.299999999999997,4.5,2023-09-07,2024-11-11,19.1,76.94666666666667,0.10471204188481674,Stable,Normal,Normal,Normal,Normal,Normal
C1182,Arun Menon Labs,Finance,India,Bengaluru,1200.0,2023-09-21,Organic Search,1978.68,5.0,1,Enterprise,Monthly,Churned,2023-09-21,2025-02-13,37.0,2.3125,14.0,0.875,14175.0,2507.7,16.0,2023-09-01,2024-12-01,4.0,42.075,3.75,2024-10-01,2024-12-21,31.4,395.736,0.12738853503184713,Stable,Outlier,Normal,Normal,Normal,Outlier
C1183,Sanjay Gupta Labs,Manufacturing,Usa,Austin,400.0,2024-04-03,Paid Ads,402.8,17.0,2,Growth,Monthly,Churned,2024-04-03,2026-04-28,52.0,5.777777777777778,26.0,2.888888888888889,10636.0,1341.9,9.0,2024-04-01,2024-12-01,3.0,34.6,6.0,2023-03-21,2024-11-13,25.0,23.694117647058825,0.12,Stable,Normal,Outlier,Normal,Normal,Normal
C1184,Meera Verma Group,Manufacturing,Usa,Boston,80.0,2023-04-15,Organic Search,818.36,9.0,1,Business,Monthly,Active,2023-04-15,,192.0,9.142857142857142,99.0,4.714285714285714,21884.0,5372.099999999999,21.0,2023-04-01,2024-12-01,2.0,15.549999999999999,3.5,2023-04-30,2024-05-19,36.6,90.92888888888889,0.0546448087431694,Stable,Normal,Normal,Normal,Normal,Normal
C1185,Zoya Rao Labs,Finance,India,Mumbai,35.0,2024-08-23,Partner,294.52,7.0,1,Growth,Annual,Churned,2024-08-23,2025-12-10,53.0,10.6,27.0,5.4,6286.0,1016.2,5.0,2024-08-01,2024-12-01,3.0,10.133333333333333,6.0,2023-07-28,2024-02-25,20.3,42.074285714285715,0.14778325123152708,Stable,Normal,Normal,Normal,Normal,Normal
C1186,Diya Rao Technologies,Media,Uk,Manchester,80.0,2023-10-05,Paid Ads,738.52,7.0,1,Business,Monthly,Active,2023-10-05,,104.0,6.933333333333334,58.0,3.8666666666666667,22089.0,3798.4,15.0,2023-10-01,2024-12-01,3.0,14.299999999999999,6.0,2023-06-02,2024-11-29,30.9,105.50285714285714,0.0970873786407767,Stable,Normal,Normal,Normal,Normal,Normal
C1187,Pooja Gupta Group,Manufacturing,India,Mumbai,150.0,2024-03-20,Organic Search,578.84,3.0,1,Business,Monthly,Active,2024-03-20,,209.0,20.9,122.0,12.2,18117.0,2975.9,10.0,2024-03-01,2024-12-01,2.0,34.4,5.0,2023-10-31,2024-12-29,25.4,192.9466666666667,0.07874015748031496,Stable,Normal,Normal,Normal,Normal,Normal
C1188,Tara Rao Industries,Healthcare,India,Hyderabad,12.0,2023-07-21,Referral,778.44,8.0,1,Business,Monthly,Active,2023-07-21,,389.0,21.61111111111111,245.0,13.61111111111111,35150.0,4836.6,18.0,2023-07-01,2024-12-01,4.0,41.275,5.0,2023-01-08,2024-12-21,33.4,97.305,0.11976047904191617,Stable,Normal,Normal,Outlier,Normal,Normal
C1189,Kiara Patel Group,Media,India,Bengaluru,150.0,2024-08-26,Referral,310.44,8.0,1,Growth,Annual,Churned,2024-08-26,2026-01-26,19.0,3.8,9.0,1.8,8596.0,604.3,5.0,2024-08-01,2024-12-01,1.0,59.0,3.0,2024-02-09,2024-02-09,20.2,38.805,0.04950495049504951,Stable,Normal,Normal,Normal,Normal,Normal
C1190,Myra Joshi Solutions,Retail,Uk,Manchester,12.0,2023-02-14,Paid Ads,342.28,10.0,1,Growth,Monthly,Active,2023-02-14,,53.0,2.3043478260869565,18.0,0.782608695652174,24468.0,5894.7,23.0,2023-02-01,2024-12-01,1.0,4.1,9.0,2023-03-17,2023-03-17,38.6,34.227999999999994,0.025906735751295335,Stable,Normal,Normal,Normal,Normal,Normal
C1191,Sai Patel Industries,Healthcare,Uae,Abu Dhabi,12.0,2023-12-31,Referral,68.6,6.0,1,Starter,Monthly,Active,2023-12-31,,246.0,18.923076923076923,131.0,10.076923076923077,13042.0,3241.4,13.0,2023-12-01,2024-12-01,2.0,23.549999999999997,6.5,2023-07-17,2023-12-01,28.1,11.433333333333332,0.07117437722419928,Stable,Normal,Normal,Normal,Normal,Normal
C1192,Deepak Nair Technologies,Media,Uk,Manchester,150.0,2023-07-05,Organic Search,84.28,10.0,1,Starter,Monthly,Active,2023-07-05,,62.0,3.4444444444444446,32.0,1.7777777777777777,22798.0,4445.2,18.0,2023-07-01,2024-12-01,4.0,31.95,5.0,2023-02-10,2024-04-21,33.9,8.428,0.11799410029498525,Stable,Normal,Normal,Normal,Normal,Normal
C1193,Diya Menon Systems,Unknown,Usa,Seattle,1200.0,2024-08-02,Paid Ads,278.6,6.0,1,Growth,Monthly,Active,2024-08-02,,18.0,3.6,10.0,2.0,5062.0,1498.6,5.0,2024-08-01,2024-12-01,2.0,16.55,5.0,2023-04-29,2023-10-21,21.0,46.43333333333334,0.09523809523809523,Stable,Normal,Normal,Normal,Normal,Normal
C1194,Zoya Bose Group,Retail,Uae,Dubai,80.0,2024-03-19,Organic Search,3957.3599999999997,10.0,2,Enterprise,Annual,Churned,2024-03-19,2025-12-16,105.0,10.5,62.0,6.2,7975.0,1555.5,10.0,2024-03-01,2024-12-01,5.0,39.46,5.0,2023-12-10,2024-11-26,25.5,395.736,0.19607843137254902,Stable,Outlier,Normal,Normal,Normal,Outlier
C1195,Aman Gupta Labs,Finance,Uae,Abu Dhabi,80.0,2023-05-03,Referral,2578.28,10.0,1,Enterprise,Annual,Active,2023-05-03,,224.0,11.2,120.0,6.0,20385.0,4668.9,20.0,2023-05-01,2024-12-01,5.0,31.52,5.2,2023-08-22,2024-04-13,36.0,257.82800000000003,0.1388888888888889,Stable,Outlier,Normal,Normal,Normal,Normal
C1196,Ananya Singh Industries,Finance,India,Hyderabad,80.0,2023-03-16,Referral,99.96,14.0,1,Starter,Monthly,Churned,2023-03-16,2023-06-21,6.0,1.5,2.0,0.5,3590.0,589.8,4.0,2023-03-01,2023-06-01,3.0,15.799999999999999,7.333333333333333,2023-07-21,2024-04-24,37.6,7.14,0.07978723404255318,Stable,Normal,Normal,Normal,Normal,Normal
C1197,Sanjay Menon Industries,Education,Singapore,Singapore,35.0,2024-04-28,Referral,88.2,11.0,1,Starter,Annual,Active,2024-04-28,,86.0,9.555555555555555,49.0,5.444444444444445,19714.0,2455.6,9.0,2024-04-01,2024-12-01,6.0,38.38333333333333,5.333333333333333,2023-04-24,2024-05-09,24.1,8.018181818181818,0.24896265560165973,Stable,Normal,Normal,Normal,Normal,Normal
C1198,Ananya Sharma Labs,Finance,India,Hyderabad,12.0,2023-04-26,Paid Ads,2218.52,7.0,1,Enterprise,Monthly,Active,2023-04-26,,377.0,17.952380952380953,179.0,8.523809523809524,28182.0,5368.0,21.0,2023-04-01,2024-12-01,6.0,27.03333333333333,6.5,2023-01-11,2024-08-23,36.2,316.93142857142857,0.16574585635359115,Stable,Outlier,Normal,Outlier,Normal,Outlier
C1199,Aman Singh Labs,Education,India,Pune,80.0,2024-08-05,Paid Ads,278.6,6.0,1,Growth,Annual,Active,2024-08-05,,12.0,2.4,5.0,1.0,7005.0,1241.4,5.0,2024-08-01,2024-12-01,1.0,59.4,5.0,2024-11-23,2024-11-23,20.9,46.43333333333334,0.04784688995215311,Stable,Normal,Normal,Normal,Normal,Normal
C1200,Kavya Rao Industries,Media,India,Delhi,80.0,2024-11-10,Partner,60.76,4.0,1,Starter,Annual,Active,2024-11-10,,21.0,10.5,7.0,3.5,927.0,447.9,2.0,2024-11-01,2024-12-01,3.0,55.199999999999996,4.666666666666667,2023-03-19,2024-10-31,17.7,15.19,0.16949152542372883,Stable,Normal,Normal,Normal,Normal,Normal
C1201,Naveen Patel Labs,Manufacturing,India,Delhi,400.0,2024-12-07,Organic Search,1858.76,4.0,1,Enterprise,Monthly,Active,2024-12-07,,20.0,20.0,9.0,9.0,185.0,337.2,1.0,2024-12-01,2024-12-01,4.0,49.85,5.5,2023-03-05,2024-09-25,16.8,464.69,0.23809523809523808,Stable,Outlier,Normal,Normal,Normal,Outlier
C1202,Karthik Iyer Labs,Finance,India,Pune,35.0,2024-12-06,Organic Search,1112.88,16.0,2,Business,Annual,Churned,2024-12-06,2026-09-05,18.0,18.0,6.0,6.0,1956.0,335.6,1.0,2024-12-01,2024-12-01,1.0,41.6,5.0,2024-05-22,2024-05-22,16.9,69.555,0.0591715976331361,Stable,Normal,Outlier,Normal,Normal,Normal
C1203,Saanvi Reddy Industries,Education,Usa,Seattle,1200.0,2024-10-24,Organic Search,858.28,10.0,1,Business,Monthly,Active,2024-10-24,,36.0,12.0,22.0,7.333333333333333,8114.0,821.0,3.0,2024-10-01,2024-12-01,2.0,32.05,7.0,2023-11-01,2024-08-20,18.3,85.828,0.1092896174863388,Stable,Normal,Normal,Normal,Normal,Normal
C1204,Aman Reddy Systems,Manufacturing,India,Bengaluru,12.0,2023-02-19,Paid Ads,2338.44,8.0,1,Enterprise,Monthly,Active,2023-02-19,,333.0,14.478260869565217,202.0,8.782608695652174,23455.0,6215.1,23.0,2023-02-01,2024-12-01,3.0,62.76666666666667,5.666666666666667,2024-01-18,2024-10-24,38.4,292.305,0.078125,Stable,Outlier,Normal,Normal,Normal,Outlier
C1205,Isha Joshi Labs,Healthcare,Usa,Seattle,1200.0,2023-11-16,Paid Ads,778.44,8.0,1,Business,Monthly,Churned,2023-11-16,2024-10-22,87.0,7.25,47.0,3.9166666666666665,9564.0,2022.0,12.0,2023-11-01,2024-10-01,1.0,27.3,6.0,2023-12-17,2023-12-17,29.5,97.305,0.03389830508474576,Stable,Normal,Normal,Normal,Normal,Normal
C1206,Zoya Gupta Group,Logistics,India,Bengaluru,400.0,2023-04-29,Paid Ads,738.52,7.0,1,Business,Annual,Active,2023-04-29,,349.0,16.61904761904762,199.0,9.476190476190476,30924.0,5245.900000000001,21.0,2023-04-01,2024-12-01,9.0,34.63333333333333,5.666666666666667,2023-04-08,2024-11-23,36.1,105.50285714285714,0.2493074792243767,Stable,Normal,Normal,Outlier,Outlier,Normal
C1207,Sneha Gupta Technologies,Manufacturing,Singapore,Singapore,80.0,2023-04-17,Organic Search,310.44,8.0,1,Growth,Monthly,Active,2023-04-17,,373.0,17.761904761904763,186.0,8.857142857142858,29308.0,5186.3,21.0,2023-04-01,2024-12-01,3.0,46.333333333333336,5.0,2023-06-29,2024-09-05,36.5,38.805,0.0821917808219178,Stable,Normal,Normal,Outlier,Normal,Normal
C1208,Deepak Das Group,Healthcare,India,Mumbai,150.0,2023-10-02,Organic Search,60.76,4.0,1,Starter,Monthly,Churned,2023-10-02,2024-09-03,21.0,1.75,7.0,0.5833333333333334,10291.0,1918.8,12.0,2023-10-01,2024-09-01,2.0,25.3,5.5,2023-05-12,2023-09-18,31.0,15.19,0.06451612903225806,Stable,Normal,Normal,Normal,Normal,Normal
C1209,Rahul Khan Systems,Media,Usa,Seattle,12.0,2023-08-28,Organic Search,658.68,5.0,1,Business,Annual,Churned,2023-08-28,2024-01-31,30.0,5.0,15.0,2.5,6854.0,1348.6,6.0,2023-08-01,2024-01-01,1.0,12.3,7.0,2023-08-18,2023-08-18,32.2,131.736,0.03105590062111801,Stable,Normal,Normal,Normal,Normal,Normal
C1210,Deepak Patel Technologies,Healthcare,India,Delhi,1200.0,2023-12-29,Events,56.84,3.0,1,Starter,Annual,Churned,2023-12-29,2024-07-07,36.0,4.5,18.0,2.25,5247.0,972.7,8.0,2023-12-01,2024-07-01,3.0,17.366666666666667,5.0,2023-09-26,2024-11-16,28.1,18.94666666666667,0.10676156583629892,Stable,Normal,Normal,Normal,Normal,Normal
C1211,Krishna Iyer Solutions,Retail,India,Mumbai,1200.0,2024-10-13,Events,294.52,7.0,1,Growth,Annual,Active,2024-10-13,,52.0,17.333333333333332,25.0,8.333333333333334,3102.0,1011.4,3.0,2024-10-01,2024-12-01,1.0,57.9,5.0,2023-07-23,2023-07-23,18.6,42.074285714285715,0.05376344086021505,Stable,Normal,Normal,Normal,Normal,Normal
C1212,Sai Verma Solutions,Retail,India,Mumbai,80.0,2023-06-27,Events,538.92,2.0,1,Business,Monthly,Active,2023-06-27,,185.0,9.736842105263158,106.0,5.578947368421052,21498.0,4957.6,19.0,2023-06-01,2024-12-01,4.0,32.825,7.5,2024-04-17,2024-08-16,34.2,269.46,0.11695906432748537,Stable,Normal,Normal,Normal,Normal,Outlier
C1213,Nikita Verma Labs,Retail,India,Delhi,12.0,2024-11-28,Events,214.92,2.0,1,Growth,Annual,Active,2024-11-28,,17.0,8.5,13.0,6.5,826.0,435.3,2.0,2024-11-01,2024-12-01,1.0,44.3,6.0,2024-01-31,2024-01-31,17.1,107.46,0.05847953216374269,Stable,Normal,Normal,Normal,Normal,Normal
C1214,Sneha Sharma Technologies,Logistics,India,Pune,80.0,2024-11-17,Outbound,405.96,14.0,1,Growth,Monthly,Active,2024-11-17,,31.0,15.5,19.0,9.5,4733.0,505.5,2.0,2024-11-01,2024-12-01,6.0,33.93333333333333,6.166666666666667,2023-05-10,2024-07-12,17.5,28.997142857142855,0.34285714285714286,Stable,Normal,Normal,Normal,Normal,Normal
C1215,Zoya Patel Solutions,Healthcare,Uk,Manchester,12.0,2024-08-28,Organic Search,60.76,4.0,1,Starter,Monthly,Active,2024-08-28,,18.0,3.6,6.0,1.2,4925.0,1392.0,5.0,2024-08-01,2024-12-01,5.0,32.04,5.2,2023-01-30,2024-08-21,20.1,15.19,0.24875621890547261,Stable,Normal,Normal,Normal,Normal,Normal
C1216,Nikita Khan Systems,Manufacturing,India,Chennai,150.0,2023-08-25,Paid Ads,76.44,8.0,1,Starter,Annual,Active,2023-08-25,,93.0,5.470588235294118,48.0,2.823529411764706,20645.0,4497.7,17.0,2023-08-01,2024-12-01,3.0,40.9,5.333333333333333,2024-03-04,2024-10-01,32.3,9.555,0.09287925696594428,Stable,Normal,Normal,Normal,Normal,Normal
C1217,Sai Iyer Industries,Logistics,India,Pune,35.0,2023-03-06,Paid Ads,1858.76,4.0,1,Enterprise,Annual,Churned,2023-03-06,2024-02-18,159.0,13.25,95.0,7.916666666666667,10986.0,2178.9,12.0,2023-03-01,2024-02-01,5.0,34.739999999999995,5.2,2023-01-23,2024-07-23,37.9,464.69,0.13192612137203166,Stable,Outlier,Normal,Normal,Normal,Outlier
C1218,Reyansh Joshi Group,Education,Singapore,Singapore,12.0,2025-01-19,Paid Ads,84.28,10.0,1,Starter,Annual,Active,2025-01-19,,0.0,0.0,0.0,0.0,0.0,0.0,0.0,,,5.0,45.62,5.8,2023-03-01,2024-05-07,15.4,8.428,0.3246753246753247,Stable,Normal,Normal,Normal,Normal,Normal
C1219,Tara Nair Group,Healthcare,India,Pune,12.0,2023-03-06,Organic Search,160.72,18.0,2,Starter,Annual,Churned,2023-03-06,2023-07-10,147.0,7.35,78.0,3.9,24237.0,4510.3,20.0,2023-03-01,2024-12-01,2.0,62.05,7.0,2023-06-23,2024-09-03,37.9,8.928888888888888,0.052770448548812667,Stable,Normal,Outlier,Normal,Normal,Normal
C1220,Diya Rao Solutions,Logistics,Uae,Abu Dhabi,12.0,2023-02-28,Outbound,658.68,5.0,1,Business,Monthly,Active,2023-02-28,,261.0,11.347826086956522,149.0,6.478260869565218,32557.0,5894.0,23.0,2023-02-01,2024-12-01,5.0,54.339999999999996,4.6,2023-07-03,2024-06-30,38.1,131.736,0.13123359580052493,Stable,Normal,Normal,Normal,Normal,Normal
C1221,Rahul Gupta Solutions,Education,India,Mumbai,150.0,2023-05-20,Unknown,80.36,9.0,1,Starter,Annual,Churned,2023-05-20,2024-08-31,108.0,6.75,56.0,3.5,15668.0,1797.4,16.0,2023-05-01,2024-08-01,3.0,26.233333333333334,6.333333333333333,2024-02-14,2024-10-22,35.4,8.928888888888888,0.08474576271186442,Stable,Normal,Normal,Normal,Normal,Normal
C1222,Aarav Verma Labs,Finance,Uk,Manchester,80.0,2024-09-13,Outbound,818.36,9.0,1,Business,Monthly,Active,2024-09-13,,53.0,13.25,35.0,8.75,2364.0,1013.3,4.0,2024-09-01,2024-12-01,4.0,51.9,4.75,2023-01-05,2024-09-05,19.6,90.92888888888889,0.2040816326530612,Stable,Normal,Normal,Normal,Normal,Normal
C1223,Vihaan Joshi Industries,Education,Usa,Austin,12.0,2024-08-07,Paid Ads,278.6,6.0,1,Growth,Annual,Active,2024-08-07,,99.0,19.8,61.0,12.2,5520.0,1334.6999999999998,5.0,2024-08-01,2024-12-01,2.0,4.1,7.5,2024-06-10,2024-12-30,20.8,46.43333333333334,0.09615384615384615,Stable,Normal,Normal,Normal,Normal,Normal
C1224,Isha Patel Technologies,Manufacturing,India,Hyderabad,12.0,2024-02-15,Paid Ads,898.2,11.0,1,Business,Annual,Active,2024-02-15,,44.0,4.0,21.0,1.9090909090909092,11157.0,2557.0,11.0,2024-02-01,2024-12-01,0.0,0.0,0.0,,,26.5,81.65454545454546,0.0,Stable,Normal,Normal,Normal,Normal,Normal
C1225,Diya Patel Industries,Logistics,India,Hyderabad,150.0,2023-08-14,Referral,129.36,10.0,2,Starter,Monthly,Churned,2023-08-14,2024-10-14,171.0,10.058823529411764,104.0,6.117647058823529,23197.0,3609.7,17.0,2023-08-01,2024-12-01,4.0,39.7,6.25,2023-05-21,2024-01-21,32.6,12.936000000000002,0.12269938650306748,Stable,Normal,Normal,Normal,Normal,Normal
C1226,Ishaan Patel Industries,Education,India,Pune,12.0,2023-05-04,Events,246.76,4.0,1,Growth,Monthly,Active,2023-05-04,,159.0,7.95,94.0,4.7,31828.0,4647.5,20.0,2023-05-01,2024-12-01,1.0,10.9,9.0,2024-04-21,2024-04-21,36.0,61.69,0.027777777777777776,Stable,Normal,Normal,Normal,Normal,Normal
C1227,Karthik Das Industries,Healthcare,India,Chennai,35.0,2024-04-25,Paid Ads,698.6,6.0,1,Business,Monthly,Churned,2024-04-25,2024-08-20,32.0,6.4,20.0,4.0,5699.0,784.0,5.0,2024-04-01,2024-08-01,2.0,14.25,6.5,2023-04-04,2024-09-17,24.2,116.43333333333334,0.08264462809917356,Stable,Normal,Normal,Normal,Normal,Normal
C1228,Kiara Sharma Solutions,Logistics,India,Chennai,80.0,2023-12-08,Partner,230.84,3.0,1,Growth,Annual,Churned,2023-12-08,2024-10-29,16.0,1.4545454545454546,5.0,0.45454545454545453,6394.0,1897.8,11.0,2023-12-01,2024-10-01,3.0,28.666666666666668,4.666666666666667,2023-02-02,2024-09-01,28.8,76.94666666666667,0.10416666666666666,Stable,Normal,Normal,Normal,Normal,Normal
C1229,Farhan Verma Technologies,Media,Uk,Manchester,150.0,2024-02-23,Organic Search,72.52,7.0,1,Starter,Monthly,Active,2024-02-23,,82.0,7.454545454545454,49.0,4.454545454545454,18424.0,2762.7,11.0,2024-02-01,2024-12-01,2.0,42.0,1.5,2023-03-18,2024-08-06,26.3,10.36,0.07604562737642585,Stable,Normal,Normal,Normal,Normal,Normal
C1230,Ishaan Patel Industries,Retail,India,Hyderabad,12.0,2023-07-24,Partner,1009.04,14.0,2,Business,Annual,Churned,2023-07-24,2024-11-10,87.0,5.117647058823529,44.0,2.588235294117647,15356.0,2902.1,17.0,2023-07-01,2024-11-01,3.0,21.233333333333334,6.666666666666667,2024-02-26,2024-12-14,33.3,72.07428571428571,0.0900900900900901,Stable,Normal,Normal,Normal,Normal,Normal
C1231,Aditya Patel Group,Logistics,Usa,Austin,150.0,2023-12-09,Referral,246.76,4.0,1,Growth,Monthly,Active,2023-12-09,,200.0,15.384615384615385,104.0,8.0,10884.0,3253.0,13.0,2023-12-01,2024-12-01,2.0,27.2,5.5,2023-11-25,2024-09-30,28.8,61.69,0.06944444444444445,Stable,Normal,Normal,Normal,Normal,Normal
C1232,Rohan Bose Systems,Finance,Uk,Manchester,3000.0,2024-10-14,Paid Ads,738.52,7.0,1,Business,Annual,Active,2024-10-14,,36.0,12.0,21.0,7.0,4919.0,1080.1,3.0,2024-10-01,2024-12-01,2.0,64.4,7.0,2023-11-17,2024-09-17,18.6,105.50285714285714,0.1075268817204301,Stable,Normal,Normal,Normal,Normal,Normal
C1233,Deepak Patel Labs,Manufacturing,Uae,Dubai,400.0,2024-08-17,Outbound,578.84,3.0,1,Business,Monthly,Active,2024-08-17,,67.0,13.4,33.0,6.6,3449.0,1336.2,5.0,2024-08-01,2024-12-01,6.0,18.466666666666665,7.333333333333333,2023-02-26,2024-11-02,20.5,192.9466666666667,0.2926829268292683,Stable,Normal,Normal,Normal,Normal,Normal
C1234,Farhan Singh Industries,Manufacturing,Uk,London,12.0,2023-05-15,Paid Ads,68.6,6.0,1,Starter,Annual,Active,2023-05-15,,437.0,21.85,254.0,12.7,31970.0,5174.0,20.0,2023-05-01,2024-12-01,4.0,38.875,6.0,2023-04-01,2024-11-19,35.6,11.433333333333332,0.11235955056179775,Stable,Normal,Normal,Outlier,Normal,Normal
C1235,Vivaan Bose Technologies,Healthcare,India,Mumbai,80.0,2024-06-05,Partner,68.6,6.0,1,Starter,Monthly,Active,2024-06-05,,23.0,3.2857142857142856,9.0,1.2857142857142858,6153.0,1659.6,7.0,2024-06-01,2024-12-01,4.0,39.0625,5.5,2023-04-01,2024-12-27,22.9,11.433333333333332,0.17467248908296945,Stable,Normal,Normal,Normal,Normal,Normal
C1236,Saanvi Rao Industries,Education,Uae,Dubai,400.0,2023-03-15,Referral,72.52,7.0,1,Starter,Annual,Churned,2023-03-15,2023-07-31,33.0,6.6,21.0,4.2,1702.0,653.5,5.0,2023-03-01,2023-07-01,8.0,39.475,5.5,2023-01-02,2024-12-29,37.6,10.36,0.2127659574468085,Stable,Normal,Normal,Normal,Outlier,Normal
C1237,Arun Rao Systems,Logistics,India,Pune,150.0,2024-07-20,Outbound,358.2,11.0,1,Growth,Monthly,Active,2024-07-20,,147.0,24.5,69.0,11.5,4833.0,1407.9,6.0,2024-07-01,2024-12-01,3.0,29.0,7.333333333333333,2023-02-21,2023-06-17,21.4,32.56363636363636,0.14018691588785048,Stable,Normal,Normal,Normal,Normal,Normal
C1238,Tara Gupta Technologies,Media,Uk,Manchester,35.0,2023-05-23,Organic Search,88.2,11.0,1,Starter,Monthly,Churned,2023-05-23,2025-01-18,138.0,6.9,74.0,3.7,15363.0,3540.7,20.0,2023-05-01,2024-12-01,2.0,64.1,4.0,2024-06-16,2024-08-26,35.3,8.018181818181818,0.056657223796034,Stable,Normal,Normal,Normal,Normal,Normal
C1239,Pooja Nair Solutions,Manufacturing,Uk,Manchester,150.0,2023-05-30,Events,1738.84,3.0,1,Enterprise,Monthly,Churned,2023-05-30,2023-08-19,39.0,9.75,16.0,4.0,3607.0,753.3,4.0,2023-05-01,2023-08-01,5.0,34.019999999999996,6.4,2023-04-13,2024-12-24,35.1,579.6133333333333,0.14245014245014245,Stable,Outlier,Normal,Normal,Normal,Outlier
C1240,Aadhya Gupta Group,Finance,Singapore,Singapore,80.0,2025-01-12,Organic Search,64.68,5.0,1,Starter,Monthly,Active,2025-01-12,,0.0,0.0,0.0,0.0,0.0,0.0,0.0,,,2.0,48.05,5.5,2024-07-14,2024-09-14,15.6,12.936000000000002,0.12820512820512822,Stable,Normal,Normal,Normal,Normal,Normal
C1241,Rohan Iyer Group,Healthcare,India,Chennai,1200.0,2023-07-05,Paid Ads,2098.6,6.0,1,Enterprise,Monthly,Churned,2023-07-05,2024-11-25,201.0,11.823529411764707,118.0,6.9411764705882355,19031.0,2877.0,17.0,2023-07-01,2024-11-01,1.0,47.0,6.0,2023-07-22,2023-07-22,33.9,349.76666666666665,0.029498525073746312,Stable,Outlier,Normal,Normal,Normal,Outlier
C1242,Deepak Bose Group,Finance,India,Hyderabad,35.0,2024-11-12,Outbound,2648.88,16.0,2,Enterprise,Monthly,Churned,2024-11-12,2025-12-27,7.0,3.5,3.0,1.5,2842.0,584.8,2.0,2024-11-01,2024-12-01,3.0,18.400000000000002,5.333333333333333,2024-06-05,2024-10-01,17.6,165.555,0.17045454545454544,Stable,Outlier,Outlier,Normal,Normal,Normal
C1243,Aditya Patel Solutions,Media,Uae,Dubai,150.0,2023-12-03,Paid Ads,64.68,5.0,1,Starter,Monthly,Active,2023-12-03,,247.0,19.0,146.0,11.23076923076923,5532.0,3747.0,13.0,2023-12-01,2024-12-01,2.0,43.4,5.0,2023-10-15,2024-05-29,29.0,12.936000000000002,0.06896551724137931,Stable,Normal,Normal,Normal,Normal,Normal
C1244,Myra Sharma Industries,Media,India,Delhi,150.0,2024-11-20,Referral,72.52,7.0,1,Starter,Annual,Active,2024-11-20,,10.0,5.0,6.0,3.0,3173.0,382.8,2.0,2024-11-01,2024-12-01,2.0,30.8,5.0,2024-02-11,2024-12-02,17.4,10.36,0.1149425287356322,Stable,Normal,Normal,Normal,Normal,Normal
C1245,Aadhya Sharma Labs,Logistics,India,Pune,150.0,2024-12-08,Organic Search,84.28,10.0,1,Starter,Monthly,Active,2024-12-08,,8.0,8.0,6.0,6.0,515.0,135.0,1.0,2024-12-01,2024-12-01,7.0,33.42857142857143,5.142857142857143,2023-07-29,2024-06-04,16.8,8.428,0.41666666666666663,Stable,Normal,Normal,Normal,Normal,Normal
C1246,Aditya Sharma Group,Finance,Uae,Abu Dhabi,80.0,2024-02-13,Organic Search,618.76,4.0,1,Business,Monthly,Active,2024-02-13,,212.0,19.272727272727273,150.0,13.636363636363637,14175.0,2650.9,11.0,2024-02-01,2024-12-01,2.0,45.400000000000006,7.5,2023-04-10,2023-10-05,26.6,154.69,0.07518796992481203,Stable,Normal,Normal,Normal,Normal,Normal
C1247,Karthik Sharma Technologies,Manufacturing,Uk,Manchester,1200.0,2024-08-23,Partner,738.52,7.0,1,Business,Monthly,Active,2024-08-23,,52.0,10.4,32.0,6.4,6475.0,1606.8,5.0,2024-08-01,2024-12-01,5.0,40.22,4.6,2023-01-16,2023-12-28,20.3,105.50285714285714,0.24630541871921183,Stable,Normal,Normal,Normal,Normal,Normal
C1248,Farhan Bose Solutions,Media,Uae,Abu Dhabi,400.0,2024-04-18,Paid Ads,738.52,7.0,1,Business,Monthly,Active,2024-04-18,,118.0,13.11111111111111,78.0,8.666666666666666,4751.0,2053.2,9.0,2024-04-01,2024-12-01,2.0,30.099999999999998,5.5,2024-01-16,2024-08-15,24.5,105.50285714285714,0.08163265306122448,Stable,Normal,Normal,Normal,Normal,Normal
C1249,Ananya Singh Solutions,Manufacturing,Usa,Boston,150.0,2023-04-12,Organic Search,698.6,6.0,1,Business,Monthly,Active,2023-04-12,,287.0,13.666666666666666,148.0,7.0476190476190474,28405.0,5274.0,21.0,2023-04-01,2024-12-01,4.0,35.65,5.5,2023-03-25,2024-10-14,36.7,116.43333333333334,0.108991825613079,Stable,Normal,Normal,Normal,Normal,Normal
C1250,Sai Rao Industries,Finance,India,Hyderabad,1200.0,2024-01-20,Partner,1978.68,5.0,1,Enterprise,Annual,Active,2024-01-20,,149.0,12.416666666666666,74.0,6.166666666666667,15122.0,3044.2,12.0,2024-01-01,2024-12-01,5.0,37.32000000000001,5.6,2023-07-06,2024-11-19,27.4,395.736,0.18248175182481752,Stable,Outlier,Normal,Normal,Normal,Outlier
C1251,Diya Khan Group,Logistics,Singapore,Singapore,80.0,2023-03-19,Paid Ads,818.36,9.0,1,Business,Monthly,Active,2023-03-19,,173.0,7.863636363636363,102.0,4.636363636363637,21096.0,5475.3,22.0,2023-03-01,2024-12-01,3.0,42.56666666666666,5.0,2023-06-16,2024-10-16,37.5,90.92888888888889,0.08,Stable,Normal,Normal,Normal,Normal,Normal
C1252,Meera Sharma Industries,Media,Uk,Manchester,12.0,2023-07-22,Organic Search,2098.6,6.0,1,Enterprise,Monthly,Churned,2023-07-22,2025-02-12,125.0,6.944444444444445,56.0,3.111111111111111,11778.0,2571.1,18.0,2023-07-01,2024-12-01,3.0,43.06666666666666,4.0,2023-01-22,2024-11-04,33.4,349.76666666666665,0.08982035928143713,Stable,Outlier,Normal,Normal,Normal,Outlier
C1253,Karthik Rao Solutions,Media,India,Hyderabad,35.0,2024-06-01,Organic Search,156.8,17.0,2,Starter,Monthly,Churned,2024-06-01,2025-09-24,42.0,6.0,21.0,3.0,5143.0,1055.7,7.0,2024-06-01,2024-12-01,8.0,32.85,6.25,2023-02-09,2024-06-26,23.0,9.223529411764707,0.34782608695652173,Stable,Normal,Outlier,Normal,Outlier,Normal
C1254,Rohan Nair Technologies,Education,Usa,Boston,35.0,2023-04-19,Organic Search,310.44,8.0,1,Growth,Annual,Active,2023-04-19,,164.0,7.809523809523809,89.0,4.238095238095238,25481.0,4801.8,21.0,2023-04-01,2024-12-01,4.0,39.75,5.0,2023-02-24,2024-12-24,36.5,38.805,0.1095890410958904,Stable,Normal,Normal,Normal,Normal,Normal
C1255,Riya Joshi Labs,Healthcare,India,Mumbai,12.0,2024-10-25,Referral,310.44,8.0,1,Growth,Annual,Churned,2024-10-25,2025-02-25,3.0,1.0,0.0,0.0,1816.0,536.9,3.0,2024-10-01,2024-12-01,1.0,70.2,8.0,2023-05-02,2023-05-02,18.2,38.805,0.054945054945054944,Stable,Normal,Normal,Normal,Normal,Normal
C1256,Sai Gupta Technologies,Media,Uk,London,35.0,2024-03-30,Events,1978.68,5.0,1,Enterprise,Monthly,Active,2024-03-30,,102.0,10.2,53.0,5.3,12317.0,2675.6,10.0,2024-03-01,2024-12-01,4.0,40.025000000000006,4.75,2023-08-25,2024-10-13,25.1,395.736,0.1593625498007968,Stable,Outlier,Normal,Normal,Normal,Outlier
C1257,Vihaan Patel Solutions,Manufacturing,India,Chennai,35.0,2023-11-18,Partner,1858.76,4.0,1,Enterprise,Monthly,Churned,2023-11-18,2024-02-25,30.0,7.5,12.0,3.0,2143.0,519.1,4.0,2023-11-01,2024-02-01,5.0,28.160000000000004,5.2,2023-03-14,2024-12-08,29.5,464.69,0.1694915254237288,Stable,Outlier,Normal,Normal,Normal,Outlier
C1258,Myra Verma Technologies,Media,Uk,Manchester,150.0,2024-02-27,Organic Search,658.68,5.0,1,Business,Monthly,Churned,2024-02-27,2024-06-29,12.0,2.4,3.0,0.6,5646.0,743.7,5.0,2024-02-01,2024-06-01,1.0,26.1,7.0,2023-03-12,2023-03-12,26.1,131.736,0.038314176245210725,Stable,Normal,Normal,Normal,Normal,Normal
C1259,Priya Reddy Systems,Manufacturing,India,Delhi,80.0,2024-10-31,Paid Ads,778.44,8.0,1,Business,Monthly,Active,2024-10-31,,65.0,21.666666666666668,46.0,15.333333333333334,2354.0,845.8,3.0,2024-10-01,2024-12-01,1.0,27.6,6.0,2024-06-14,2024-06-14,18.0,97.305,0.05555555555555555,Stable,Normal,Normal,Normal,Normal,Normal
C1260,Meera Iyer Technologies,Finance,India,Bengaluru,80.0,2023-06-11,Referral,818.36,7.0,1,Business,Monthly,Active,2023-06-11,,191.0,10.052631578947368,101.0,5.315789473684211,27285.0,5048.2,19.0,2023-06-01,2024-12-01,4.0,47.8,6.0,2023-05-29,2024-11-10,34.7,116.90857142857143,0.11527377521613832,Stable,Normal,Normal,Normal,Normal,Normal
C1261,Reyansh Menon Labs,Retail,India,Delhi,150.0,2024-03-07,Outbound,1978.68,5.0,1,Enterprise,Monthly,Churned,2024-03-07,2024-06-08,57.0,14.25,31.0,7.75,8191.0,345.2,4.0,2024-03-01,2024-06-01,3.0,31.333333333333332,5.0,2024-09-24,2024-12-14,25.9,395.736,0.11583011583011583,Stable,Outlier,Normal,Normal,Normal,Outlier
C1262,Arun Joshi Group,Retail,Uk,London,150.0,2024-04-09,Paid Ads,342.28,10.0,1,Growth,Monthly,Active,2024-04-09,,145.0,16.11111111111111,86.0,9.555555555555555,6602.0,2203.2,9.0,2024-04-01,2024-12-01,3.0,38.233333333333334,6.0,2024-02-04,2024-09-23,24.8,34.227999999999994,0.12096774193548386,Stable,Normal,Normal,Normal,Normal,Normal
C1263,Deepak Reddy Industries,Media,India,Bengaluru,80.0,2025-01-05,Paid Ads,2338.44,8.0,1,Enterprise,Monthly,Active,2025-01-05,,0.0,0.0,0.0,0.0,0.0,0.0,0.0,,,1.0,59.4,4.0,2024-01-20,2024-01-20,15.9,292.305,0.06289308176100629,Stable,Outlier,Normal,Normal,Normal,Outlier
C1264,Aarav Nair Solutions,Education,India,Mumbai,35.0,2024-07-05,Referral,698.6,6.0,1,Business,Monthly,Active,2024-07-05,,120.0,20.0,58.0,9.666666666666666,5937.0,1495.0,6.0,2024-07-01,2024-12-01,5.0,29.339999999999996,6.4,2023-04-17,2024-12-25,21.9,116.43333333333334,0.22831050228310504,Stable,Normal,Normal,Normal,Normal,Normal
C1265,Aditya Reddy Solutions,Retail,Uk,London,3000.0,2023-10-23,Events,294.52,7.0,1,Growth,Monthly,Active,2023-10-23,,63.0,4.2,31.0,2.066666666666667,12507.0,3705.8,15.0,2023-10-01,2024-12-01,4.0,45.25,3.25,2023-01-15,2024-10-08,30.3,42.074285714285715,0.132013201320132,Stable,Normal,Normal,Normal,Normal,Normal
C1266,Arun Nair Systems,Education,Uae,Abu Dhabi,80.0,2023-07-04,Paid Ads,342.28,10.0,1,Growth,Annual,Active,2023-07-04,,315.0,17.5,176.0,9.777777777777779,20437.0,4693.3,18.0,2023-07-01,2024-12-01,3.0,44.53333333333333,7.0,2023-02-23,2023-12-10,34.0,34.227999999999994,0.08823529411764706,Stable,Normal,Normal,Normal,Normal,Normal
C1267,Nikita Rao Industries,Retail,India,Hyderabad,150.0,2023-11-09,Organic Search,2098.6,6.0,1,Enterprise,Monthly,Churned,2023-11-09,2024-04-16,39.0,6.5,22.0,3.6666666666666665,3648.0,589.0,6.0,2023-11-01,2024-04-01,5.0,38.980000000000004,5.6,2023-01-11,2024-09-02,29.8,349.76666666666665,0.16778523489932887,Stable,Outlier,Normal,Normal,Normal,Outlier
C1268,Deepak Patel Industries,Healthcare,India,Delhi,1200.0,2023-08-21,Organic Search,80.36,9.0,1,Starter,Monthly,Active,2023-08-21,,248.0,14.588235294117647,145.0,8.529411764705882,15619.0,5012.1,17.0,2023-08-01,2024-12-01,1.0,16.2,9.0,2024-05-09,2024-05-09,32.4,8.928888888888888,0.0308641975308642,Stable,Normal,Normal,Normal,Normal,Normal
C1269,Aadhya Patel Solutions,Healthcare,India,Pune,80.0,2024-01-16,Organic Search,294.52,7.0,1,Growth,Monthly,Churned,2024-01-16,2025-08-04,84.0,7.0,44.0,3.6666666666666665,8242.0,2310.9,12.0,2024-01-01,2024-12-01,4.0,43.075,4.0,2023-04-09,2024-10-13,27.5,42.074285714285715,0.14545454545454545,Stable,Normal,Normal,Normal,Normal,Normal
C1270,Farhan Menon Group,Logistics,India,Mumbai,150.0,2024-06-22,Partner,294.52,7.0,1,Growth,Annual,Active,2024-06-22,,114.0,16.285714285714285,69.0,9.857142857142858,7061.0,1771.6,7.0,2024-06-01,2024-12-01,3.0,30.23333333333333,4.333333333333333,2023-04-03,2024-11-25,22.3,42.074285714285715,0.13452914798206278,Stable,Normal,Normal,Normal,Normal,Normal
C1271,Myra Gupta Industries,Retail,India,Bengaluru,400.0,2024-12-11,Paid Ads,294.52,7.0,1,Growth,Monthly,Active,2024-12-11,,18.0,18.0,14.0,14.0,5502.0,424.2,1.0,2024-12-01,2024-12-01,1.0,4.1,6.0,2024-08-09,2024-08-09,16.7,42.074285714285715,0.059880239520958084,Stable,Normal,Normal,Normal,Normal,Normal
C1272,Pooja Joshi Industries,Finance,Uk,London,80.0,2024-04-25,Paid Ads,2218.52,7.0,1,Enterprise,Annual,Active,2024-04-25,,38.0,4.222222222222222,15.0,1.6666666666666667,10902.0,2523.5,9.0,2024-04-01,2024-12-01,5.0,36.839999999999996,4.8,2023-01-02,2024-08-12,24.2,316.93142857142857,0.2066115702479339,Stable,Outlier,Normal,Normal,Normal,Outlier
C1273,Ananya Menon Systems,Manufacturing,India,Delhi,150.0,2023-03-25,Partner,818.36,9.0,1,Business,Annual,Active,2023-03-25,,175.0,7.954545454545454,83.0,3.772727272727273,33715.0,5628.7,22.0,2023-03-01,2024-12-01,2.0,61.1,4.5,2023-10-25,2024-11-11,37.3,90.92888888888889,0.05361930294906166,Stable,Normal,Normal,Normal,Normal,Normal
C1274,Aadhya Khan Systems,Finance,Uae,Abu Dhabi,80.0,2024-10-06,Events,342.28,10.0,1,Growth,Monthly,Churned,2024-10-06,2025-05-07,31.0,10.333333333333334,9.0,3.0,1180.0,638.4000000000001,3.0,2024-10-01,2024-12-01,2.0,46.55,2.0,2023-04-27,2023-10-24,18.9,34.227999999999994,0.10582010582010583,Stable,Normal,Normal,Normal,Normal,Normal
C1275,Nikita Verma Technologies,Logistics,Uae,Abu Dhabi,35.0,2023-09-06,Paid Ads,1499.0,1.0,1,Enterprise,Annual,Churned,2023-09-06,2024-09-21,139.0,10.692307692307692,91.0,7.0,11043.0,2475.4,13.0,2023-09-01,2024-09-01,2.0,21.65,7.0,2023-01-06,2024-04-17,31.9,1499.0,0.06269592476489029,Stable,Normal,Normal,Normal,Normal,Outlier
C1276,Myra Reddy Industries,Logistics,Singapore,Singapore,1200.0,2024-06-23,Unknown,246.76,4.0,1,Growth,Annual,Churned,2024-06-23,2024-10-08,55.0,11.0,31.0,6.2,4277.0,980.6,5.0,2024-06-01,2024-10-01,4.0,4.65,7.0,2023-01-27,2024-05-13,22.3,61.69,0.17937219730941703,Stable,Normal,Normal,Normal,Normal,Normal
C1277,Kiara Gupta Industries,Logistics,Uae,Dubai,3000.0,2023-01-19,Paid Ads,278.6,8.0,1,Growth,Annual,Churned,2023-01-19,2024-07-15,89.0,4.684210526315789,41.0,2.1578947368421053,16519.0,3345.1,19.0,2023-01-01,2024-07-01,3.0,55.76666666666667,5.666666666666667,2023-01-17,2023-11-08,39.4,34.825,0.07614213197969544,Stable,Normal,Normal,Normal,Normal,Normal
C1278,Meera Sharma Industries,Media,Uk,London,35.0,2024-02-14,Paid Ads,72.52,7.0,1,Starter,Annual,Churned,2024-02-14,2025-03-28,30.0,2.727272727272727,11.5,1.0454545454545454,7009.0,1913.0,11.0,2024-02-01,2024-12-01,6.0,25.349999999999998,8.0,2023-01-10,2024-12-16,26.6,10.36,0.22556390977443608,Increasing,Normal,Normal,Normal,Normal,Normal
C1279,Divya Verma Solutions,Finance,India,Pune,400.0,2024-06-19,Events,80.36,9.0,1,Starter,Monthly,Churned,2024-06-19,2025-02-28,29.0,4.142857142857143,12.0,1.7142857142857142,3445.0,1172.6,7.0,2024-06-01,2024-12-01,3.0,22.3,5.333333333333333,2024-02-07,2024-12-20,22.4,8.928888888888888,0.13392857142857142,Decreasing,Normal,Normal,Normal,Normal,Normal
C1280,Aman Patel Systems,Healthcare,Singapore,Singapore,80.0,2024-04-06,Organic Search,278.6,6.0,1,Growth,Annual,Active,2024-04-06,,160.0,17.77777777777778,84.0,9.333333333333334,11578.0,2001.1,9.0,2024-04-01,2024-12-01,7.0,33.5,5.0,2023-02-21,2024-11-14,24.9,46.43333333333334,0.28112449799196787,Stable,Normal,Normal,Normal,Normal,Normal
C1281,Farhan Das Group,Finance,India,Mumbai,12.0,2024-05-17,Partner,2098.6,6.0,1,Enterprise,Annual,Churned,2024-05-17,2025-12-09,17.0,2.125,4.0,0.5,6342.0,1384.6,8.0,2024-05-01,2024-12-01,2.0,47.95,3.0,2023-03-20,2023-06-24,23.5,349.76666666666665,0.0851063829787234,Stable,Outlier,Normal,Normal,Normal,Outlier
C1282,Nikita Menon Solutions,Healthcare,Usa,Boston,12.0,2024-12-03,Partner,1978.68,5.0,1,Enterprise,Annual,Active,2024-12-03,,11.0,11.0,7.0,7.0,333.0,297.4,1.0,2024-12-01,2024-12-01,5.0,51.279999999999994,5.0,2024-04-18,2024-08-29,17.0,395.736,0.29411764705882354,Stable,Outlier,Normal,Normal,Normal,Outlier
C1283,Kiara Nair Industries,Healthcare,Uae,Dubai,12.0,2023-04-03,Paid Ads,84.28,10.0,1,Starter,Annual,Active,2023-04-03,,109.0,5.190476190476191,48.0,2.2857142857142856,33201.0,5185.6,21.0,2023-04-01,2024-12-01,1.0,44.2,3.0,2024-11-11,2024-11-11,37.0,8.428,0.02702702702702703,Stable,Normal,Normal,Normal,Normal,Normal
C1284,Zoya Das Group,Retail,India,Pune,400.0,2024-12-27,Organic Search,1978.68,5.0,1,Enterprise,Annual,Active,2024-12-27,,23.0,23.0,16.0,16.0,567.0,301.8,1.0,2024-12-01,2024-12-01,3.0,40.96666666666667,4.333333333333333,2023-12-09,2024-06-05,16.2,395.736,0.1851851851851852,Stable,Outlier,Normal,Normal,Normal,Outlier
C1285,Isha Verma Solutions,Healthcare,Uk,Manchester,400.0,2023-05-19,Partner,778.44,8.0,1,Business,Monthly,Active,2023-05-19,,44.0,2.2,13.0,0.65,25716.0,5267.7,20.0,2023-05-01,2024-12-01,2.0,61.0,5.5,2023-09-08,2024-12-23,35.5,97.305,0.056338028169014086,Stable,Normal,Normal,Normal,Normal,Normal
C1286,Krishna Khan Solutions,Media,Uk,Manchester,150.0,2023-10-27,Referral,326.36,9.0,1,Growth,Monthly,Active,2023-10-27,,108.0,7.2,64.0,4.266666666666667,15708.0,4471.4,15.0,2023-10-01,2024-12-01,1.0,1.7,7.0,2024-09-04,2024-09-04,30.2,36.26222222222222,0.033112582781456956,Stable,Normal,Normal,Normal,Normal,Normal
C1287,Farhan Nair Industries,Education,Uk,Manchester,35.0,2023-09-09,Organic Search,230.84,3.0,1,Growth,Monthly,Churned,2023-09-09,2024-11-04,35.0,2.3333333333333335,9.0,0.6,9304.0,2185.2,15.0,2023-09-01,2024-11-01,4.0,49.175,4.25,2023-07-14,2024-04-08,31.8,76.94666666666667,0.12578616352201258,Stable,Normal,Normal,Normal,Normal,Normal
C1288,Kiara Das Labs,Retail,India,Bengaluru,400.0,2024-09-09,Organic Search,1618.92,2.0,1,Enterprise,Monthly,Active,2024-09-09,,65.0,16.25,37.0,9.25,4303.0,1241.9,4.0,2024-09-01,2024-12-01,1.0,16.5,9.0,2024-08-24,2024-08-24,19.7,809.46,0.050761421319796954,Stable,Normal,Normal,Normal,Normal,Outlier
C1289,Karthik Patel Systems,Healthcare,India,Delhi,1200.0,2023-02-13,Events,262.68,5.0,1,Growth,Annual,Active,2023-02-13,,99.0,4.304347826086956,53.0,2.3043478260869565,18126.0,5878.4,23.0,2023-02-01,2024-12-01,2.0,35.85,5.0,2023-09-07,2024-06-10,38.6,52.536,0.05181347150259067,Increasing,Normal,Normal,Normal,Normal,Normal
C1290,Riya Singh Systems,Manufacturing,Uae,Dubai,1200.0,2023-05-09,Referral,2578.28,10.0,1,Enterprise,Monthly,Active,2023-05-09,,429.0,21.45,263.0,13.15,19734.0,5312.5,20.0,2023-05-01,2024-12-01,4.0,24.025,7.25,2023-02-02,2023-08-30,35.8,257.82800000000003,0.111731843575419,Stable,Outlier,Normal,Outlier,Normal,Normal
C1291,Diya Rao Systems,Retail,Usa,Seattle,80.0,2024-11-30,Outbound,60.76,4.0,1,Starter,Monthly,Active,2024-11-30,,38.0,19.0,32.0,16.0,1083.0,559.7,2.0,2024-11-01,2024-12-01,4.0,17.4,7.75,2023-02-21,2024-10-04,17.0,15.19,0.23529411764705882,Stable,Normal,Normal,Normal,Normal,Normal
C1292,Divya Sharma Technologies,Healthcare,Uae,Dubai,3000.0,2024-06-08,Paid Ads,262.68,5.0,1,Growth,Annual,Active,2024-06-08,,148.0,21.142857142857142,94.0,13.428571428571429,7588.0,1781.45,7.0,2024-06-01,2024-12-01,4.0,49.75,5.25,2023-05-03,2024-09-01,22.8,52.536,0.17543859649122806,Stable,Normal,Normal,Normal,Normal,Normal
C1293,Tara Joshi Systems,Education,Usa,Boston,80.0,2024-06-01,Paid Ads,278.6,6.0,1,Growth,Annual,Active,2024-06-01,,26.0,3.7142857142857144,12.0,1.7142857142857142,7099.0,1628.1000000000001,7.0,2024-06-01,2024-12-01,6.0,25.75,6.0,2023-01-28,2024-04-29,23.0,46.43333333333334,0.2608695652173913,Stable,Normal,Normal,Normal,Normal,Normal
C1294,Meera Singh Group,Education,India,Chennai,12.0,2023-07-24,Organic Search,358.2,11.0,1,Growth,Annual,Churned,2023-07-24,2024-02-08,54.0,6.75,32.0,4.0,5014.0,954.1,8.0,2023-07-01,2024-02-01,4.0,31.5,6.0,2023-02-16,2024-01-28,33.3,32.56363636363636,0.12012012012012013,Stable,Normal,Normal,Normal,Normal,Normal
C1295,Aman Joshi Group,Logistics,India,Bengaluru,80.0,2024-05-05,Outbound,278.6,6.0,1,Growth,Annual,Active,2024-05-05,,34.0,4.25,19.0,2.375,10257.0,1979.5,8.0,2024-05-01,2024-12-01,0.0,0.0,0.0,,,23.9,46.43333333333334,0.0,Stable,Normal,Normal,Normal,Normal,Normal
C1296,Saanvi Khan Group,Healthcare,India,Hyderabad,12.0,2023-02-12,Partner,658.68,5.0,1,Business,Annual,Active,2023-02-12,,270.0,11.73913043478261,167.0,7.260869565217392,35849.0,5533.3,23.0,2023-02-01,2024-12-01,4.0,20.3,7.25,2023-11-30,2024-11-08,38.6,131.736,0.10362694300518134,Stable,Normal,Normal,Normal,Normal,Normal
C1297,Naveen Sharma Technologies,Manufacturing,India,Bengaluru,1200.0,2023-09-16,Partner,698.6,6.0,1,Business,Monthly,Active,2023-09-16,,249.0,15.5625,129.0,8.0625,21600.0,3892.8,16.0,2023-09-01,2024-12-01,5.0,21.32,5.6,2023-09-05,2024-05-13,31.5,116.43333333333334,0.15873015873015872,Stable,Normal,Normal,Normal,Normal,Normal
C1298,Riya Menon Systems,Media,Singapore,Singapore,35.0,2023-04-14,Paid Ads,56.84,3.0,1,Starter,Monthly,Active,2023-04-14,,86.0,4.095238095238095,50.0,2.380952380952381,33580.0,5773.7,21.0,2023-04-01,2024-12-01,4.0,28.75,6.5,2023-05-24,2024-10-31,36.6,18.94666666666667,0.1092896174863388,Stable,Normal,Normal,Normal,Normal,Normal
C1299,Rahul Iyer Group,Healthcare,Uk,London,12.0,2023-08-23,Paid Ads,374.12,12.0,1,Growth,Monthly,Active,2023-08-23,,90.0,5.294117647058823,39.0,2.2941176470588234,15257.0,4051.2,17.0,2023-08-01,2024-12-01,2.0,36.35,6.0,2023-10-06,2024-01-28,32.3,31.176666666666666,0.061919504643962855,Stable,Normal,Normal,Normal,Normal,Normal
C1300,Krishna Sharma Solutions,Retail,India,Hyderabad,150.0,2023-06-19,Paid Ads,278.6,6.0,1,Growth,Monthly,Active,2023-06-19,,380.0,20.0,229.0,12.052631578947368,34583.0,4866.2,19.0,2023-06-01,2024-12-01,3.0,46.93333333333334,6.666666666666667,2023-02-18,2024-11-20,34.5,46.43333333333334,0.08695652173913043,Stable,Normal,Normal,Outlier,Normal,Normal
C1301,Sanjay Verma Industries,Logistics,Uk,London,80.0,2023-02-23,Organic Search,230.84,3.0,1,Growth,Monthly,Churned,2023-02-23,2023-06-27,11.0,2.2,2.0,0.4,6813.0,812.3000000000001,5.0,2023-02-01,2023-06-01,2.0,26.4,7.5,2023-05-02,2023-10-25,38.3,76.94666666666667,0.05221932114882507,Stable,Normal,Normal,Normal,Normal,Normal
C1302,Ishaan Singh Industries,Logistics,Singapore,Singapore,150.0,2024-05-13,Organic Search,778.44,8.0,1,Business,Annual,Churned,2024-05-13,2026-01-20,77.0,9.625,50.0,6.25,8309.0,1825.5,8.0,2024-05-01,2024-12-01,3.0,48.800000000000004,4.333333333333333,2023-10-17,2024-12-04,23.7,97.305,0.12658227848101267,Stable,Normal,Normal,Normal,Normal,Normal
C1303,Farhan Khan Systems,Healthcare,India,Delhi,80.0,2023-08-15,Referral,72.52,7.0,1,Starter,Monthly,Active,2023-08-15,,114.0,6.705882352941177,56.0,3.2941176470588234,25160.0,3762.55,17.0,2023-08-01,2024-12-01,7.0,39.785714285714285,4.857142857142857,2023-01-03,2024-10-20,32.6,10.36,0.21472392638036808,Stable,Normal,Normal,Normal,Normal,Normal
C1304,Karthik Sharma Group,Finance,Uk,London,400.0,2023-10-18,Paid Ads,64.68,5.0,1,Starter,Monthly,Active,2023-10-18,,67.0,4.466666666666667,40.0,2.6666666666666665,19245.0,3904.9,15.0,2023-10-01,2024-12-01,4.0,29.3,3.5,2023-02-15,2024-05-16,30.5,12.936000000000002,0.13114754098360656,Stable,Normal,Normal,Normal,Normal,Normal
C1305,Ananya Reddy Solutions,Manufacturing,Uk,Manchester,400.0,2024-11-01,Organic Search,262.68,7.0,1,Growth,Annual,Churned,2024-11-01,2025-10-15,3.0,1.5,1.0,0.5,1195.0,452.9,2.0,2024-11-01,2024-12-01,5.0,34.04,4.4,2024-02-22,2024-07-11,18.0,37.52571428571429,0.2777777777777778,Stable,Normal,Normal,Normal,Normal,Normal
C1306,Ananya Nair Systems,Media,India,Pune,80.0,2024-06-24,Partner,72.52,7.0,1,Starter,Annual,Active,2024-06-24,,58.0,8.285714285714286,25.0,3.5714285714285716,1996.0,1850.5,7.0,2024-06-01,2024-12-01,3.0,53.53333333333334,7.0,2023-10-06,2024-11-25,22.3,10.36,0.13452914798206278,Decreasing,Normal,Normal,Normal,Normal,Normal
C1307,Rahul Reddy Technologies,Media,India,Delhi,35.0,2023-09-03,Partner,278.6,6.0,1,Growth,Monthly,Active,2023-09-03,,318.0,19.875,207.0,12.9375,23183.0,3595.7,16.0,2023-09-01,2024-12-01,4.0,20.65,6.5,2023-03-19,2024-05-21,32.0,46.43333333333334,0.125,Stable,Normal,Normal,Normal,Normal,Normal
C1308,Naveen Gupta Labs,Unknown,Uk,Manchester,35.0,2024-07-25,Paid Ads,2458.36,9.0,1,Enterprise,Annual,Active,2024-07-25,,20.0,3.3333333333333335,9.0,1.5,8021.0,1899.9,6.0,2024-07-01,2024-12-01,1.0,60.55,6.0,2023-03-14,2023-03-14,21.3,273.1511111111111,0.046948356807511735,Stable,Outlier,Normal,Normal,Normal,Outlier
C1309,Diya Gupta Labs,Education,Singapore,Singapore,35.0,2023-02-06,Partner,80.36,9.0,1,Starter,Monthly,Active,2023-02-06,,183.0,7.956521739130435,107.0,4.6521739130434785,29738.0,6219.4,23.0,2023-02-01,2024-12-01,3.0,25.96666666666667,7.333333333333333,2023-05-04,2024-08-13,38.8,8.928888888888888,0.07731958762886598,Stable,Normal,Normal,Normal,Normal,Normal
C1310,Riya Das Technologies,Logistics,Uk,Manchester,3000.0,2024-08-25,Partner,778.44,8.0,1,Business,Monthly,Active,2024-08-25,,45.0,9.0,20.0,4.0,13369.0,1260.3,5.0,2024-08-01,2024-12-01,3.0,46.133333333333326,4.666666666666667,2023-01-28,2023-08-20,20.2,97.305,0.1485148514851485,Stable,Normal,Normal,Normal,Normal,Normal
C1311,Kavya Rao Labs,Education,India,Chennai,80.0,2024-03-25,Partner,64.68,5.0,1,Starter,Monthly,Churned,2024-03-25,2024-06-02,9.0,2.25,3.0,0.75,3374.0,688.5,4.0,2024-03-01,2024-06-01,1.0,32.0,5.0,2023-08-25,2023-08-25,25.3,12.936000000000002,0.039525691699604744,Stable,Normal,Normal,Normal,Normal,Normal
C1312,Saanvi Bose Labs,Logistics,Singapore,Singapore,150.0,2023-12-05,Outbound,326.36,9.0,1,Growth,Annual,Active,2023-12-05,,61.0,4.6923076923076925,27.0,2.076923076923077,15900.0,4051.4,13.0,2023-12-01,2024-12-01,5.0,30.96,5.2,2023-10-06,2024-12-28,28.9,36.26222222222222,0.17301038062283738,Stable,Normal,Normal,Normal,Normal,Normal
C1313,Krishna Joshi Solutions,Manufacturing,Uk,Manchester,80.0,2023-06-30,Partner,1978.68,5.0,1,Enterprise,Monthly,Active,2023-06-30,,315.0,16.57894736842105,176.0,9.263157894736842,17519.0,5117.6,19.0,2023-06-01,2024-12-01,9.0,45.12222222222222,6.0,2023-12-02,2024-12-04,34.1,395.736,0.26392961876832843,Stable,Outlier,Normal,Normal,Outlier,Outlier
C1314,Isha Joshi Industries,Healthcare,Uk,London,150.0,2023-01-05,Paid Ads,310.44,8.0,1,Growth,Monthly,Active,2023-01-05,,328.0,13.666666666666666,181.0,7.541666666666667,27367.0,6332.6,24.0,2023-01-01,2024-12-01,2.0,23.799999999999997,6.0,2023-12-23,2024-05-22,39.9,38.805,0.050125313283208024,Stable,Normal,Normal,Normal,Normal,Normal
C1315,Arjun Das Solutions,Manufacturing,India,Pune,35.0,2024-07-13,Organic Search,52.92,2.0,1,Starter,Monthly,Active,2024-07-13,,92.0,15.333333333333334,54.0,9.0,7901.0,1652.9,6.0,2024-07-01,2024-12-01,1.0,26.9,5.0,2023-07-19,2023-07-19,21.6,26.46,0.046296296296296294,Stable,Normal,Normal,Normal,Normal,Normal
C1316,Deepak Reddy Group,Education,India,Pune,80.0,2023-08-28,Events,342.28,10.0,1,Growth,Annual,Active,2023-08-28,,56.0,3.2941176470588234,24.0,1.411764705882353,23575.0,4255.95,17.0,2023-08-01,2024-12-01,2.0,38.55,4.5,2024-04-22,2024-05-11,32.2,34.227999999999994,0.06211180124223602,Stable,Normal,Normal,Normal,Normal,Normal
C1317,Divya Patel Systems,Retail,India,Mumbai,80.0,2024-08-17,Outbound,326.36,9.0,1,Growth,Monthly,Active,2024-08-17,,29.0,5.8,15.0,3.0,6862.0,1219.8,5.0,2024-08-01,2024-12-01,4.0,34.85,4.75,2023-09-17,2024-12-27,20.5,36.26222222222222,0.1951219512195122,Stable,Normal,Normal,Normal,Normal,Normal
C1318,Vihaan Sharma Labs,Media,India,Mumbai,35.0,2023-09-28,Paid Ads,64.68,5.0,1,Starter,Annual,Active,2023-09-28,,130.0,8.125,70.0,4.375,15540.0,4100.8,16.0,2023-09-01,2024-12-01,2.0,27.4,6.0,2024-04-16,2024-04-16,31.1,12.936000000000002,0.06430868167202572,Stable,Normal,Normal,Normal,Normal,Normal
C1319,Divya Bose Group,Finance,India,Delhi,35.0,2024-08-05,Organic Search,278.6,6.0,1,Growth,Annual,Active,2024-08-05,,59.0,11.8,32.0,6.4,7850.0,1122.0,5.0,2024-08-01,2024-12-01,4.0,34.625,5.25,2023-04-14,2024-11-29,20.9,46.43333333333334,0.19138755980861244,Stable,Normal,Normal,Normal,Normal,Normal
C1320,Vihaan Nair Labs,Retail,India,Pune,1200.0,2024-05-16,Paid Ads,326.36,9.0,1,Growth,Annual,Churned,2024-05-16,2025-02-17,108.0,13.5,63.0,7.875,8942.0,1037.3,8.0,2024-05-01,2024-12-01,1.0,62.7,3.0,2023-02-12,2023-02-12,23.6,36.26222222222222,0.0423728813559322,Stable,Normal,Normal,Normal,Normal,Normal
C1321,Nikita Sharma Group,Logistics,Uk,London,1200.0,2024-08-03,Paid Ads,68.6,6.0,1,Starter,Monthly,Active,2024-08-03,,58.0,11.6,34.0,6.8,6043.0,1281.7,5.0,2024-08-01,2024-12-01,5.0,29.96,4.6,2023-12-15,2024-12-28,21.0,11.433333333333332,0.23809523809523808,Stable,Normal,Normal,Normal,Normal,Normal
C1322,Arjun Khan Systems,Finance,India,Hyderabad,400.0,2023-09-12,Events,294.52,7.0,1,Growth,Monthly,Active,2023-09-12,,187.0,11.6875,103.0,6.4375,14926.0,3556.0,16.0,2023-09-01,2024-12-01,5.0,43.9,5.8,2023-12-17,2024-10-01,31.7,42.074285714285715,0.15772870662460567,Stable,Normal,Normal,Normal,Normal,Normal
C1323,Pooja Verma Labs,Manufacturing,Singapore,Singapore,12.0,2023-10-30,Paid Ads,68.6,6.0,1,Starter,Annual,Active,2023-10-30,,119.0,7.933333333333334,71.0,4.733333333333333,25779.0,3884.7,15.0,2023-10-01,2024-12-01,4.0,52.625,7.0,2023-04-23,2024-02-15,30.1,11.433333333333332,0.13289036544850497,Stable,Normal,Normal,Normal,Normal,Normal
C1324,Karthik Reddy Technologies,Media,India,Bengaluru,400.0,2023-02-10,Referral,2458.36,9.0,1,Enterprise,Annual,Active,2023-02-10,,464.0,20.17391304347826,281.0,12.217391304347826,27156.0,6137.2,23.0,2023-02-01,2024-12-01,4.0,19.3,4.75,2023-04-27,2024-09-04,38.7,273.1511111111111,0.10335917312661498,Stable,Outlier,Normal,Outlier,Normal,Outlier
C1325,Ishaan Reddy Group,Healthcare,Uk,London,3000.0,2023-05-09,Paid Ads,2338.44,8.0,1,Enterprise,Annual,Active,2023-05-09,,91.0,4.55,48.0,2.4,20107.0,5372.2,20.0,2023-05-01,2024-12-01,4.0,62.10000000000001,5.0,2023-12-31,2024-08-07,35.8,292.305,0.111731843575419,Stable,Outlier,Normal,Normal,Normal,Outlier
C1326,Naveen Sharma Labs,Manufacturing,Uk,Manchester,80.0,2023-03-26,Organic Search,76.44,8.0,1,Starter,Annual,Active,2023-03-26,,375.0,17.045454545454547,200.0,9.090909090909092,28413.0,5655.7,22.0,2023-03-01,2024-12-01,1.0,16.7,4.0,2024-10-17,2024-10-17,37.3,9.555,0.02680965147453083,Stable,Normal,Normal,Outlier,Normal,Normal
C1327,Nikita Menon Group,Media,India,Chennai,1200.0,2023-01-09,Organic Search,2098.6,6.0,1,Enterprise,Annual,Active,2023-01-09,,281.0,11.708333333333334,180.0,7.5,35133.0,6907.5,24.0,2023-01-01,2024-12-01,5.0,42.28,5.4,2024-01-09,2024-11-23,39.8,349.76666666666665,0.1256281407035176,Stable,Outlier,Normal,Normal,Normal,Outlier
C1328,Karthik Nair Labs,Media,Usa,Austin,12.0,2023-05-26,Paid Ads,342.28,10.0,1,Growth,Annual,Churned,2023-05-26,2024-04-11,115.0,9.583333333333334,72.0,6.0,6444.0,2256.3,12.0,2023-05-01,2024-04-01,4.0,46.775,3.75,2023-05-29,2024-11-14,35.2,34.227999999999994,0.11363636363636363,Stable,Normal,Normal,Normal,Normal,Normal
C1329,Kavya Das Group,Finance,India,Mumbai,400.0,2024-06-11,Referral,76.44,8.0,1,Starter,Monthly,Active,2024-06-11,,23.0,3.2857142857142856,8.0,1.1428571428571428,12493.0,1366.4,7.0,2024-06-01,2024-12-01,3.0,25.933333333333334,4.333333333333333,2023-02-17,2023-10-06,22.7,9.555,0.13215859030837004,Stable,Normal,Normal,Normal,Normal,Normal
C1330,Ananya Sharma Group,Finance,Usa,Austin,12.0,2023-05-14,Outbound,538.92,2.0,1,Business,Monthly,Active,2023-05-14,,61.0,3.05,25.0,1.25,21236.0,5263.3,20.0,2023-05-01,2024-12-01,1.0,25.5,3.0,2023-04-26,2023-04-26,35.6,269.46,0.028089887640449437,Stable,Normal,Normal,Normal,Normal,Outlier
C1331,Krishna Bose Industries,Finance,Uae,Abu Dhabi,150.0,2023-08-24,Events,310.44,8.0,1,Growth,Monthly,Churned,2023-08-24,2024-12-30,162.0,9.529411764705882,87.0,5.117647058823529,11401.0,2798.7999999999997,17.0,2023-08-01,2024-12-01,2.0,21.5,5.5,2023-01-10,2023-12-17,32.3,38.805,0.061919504643962855,Stable,Normal,Normal,Normal,Normal,Normal
C1332,Diya Singh Labs,Finance,India,Chennai,35.0,2024-11-11,Events,618.76,4.0,1,Business,Monthly,Active,2024-11-11,,47.0,23.5,19.0,9.5,3926.0,645.0999999999999,2.0,2024-11-01,2024-12-01,1.0,29.1,3.0,2024-07-17,2024-07-17,17.7,154.69,0.05649717514124294,Stable,Normal,Normal,Normal,Normal,Normal
C1333,Aditya Nair Systems,Healthcare,Uk,London,12.0,2023-05-18,Referral,278.6,6.0,1,Growth,Annual,Churned,2023-05-18,2024-06-04,156.0,11.142857142857142,89.0,6.357142857142857,10453.0,2117.0,14.0,2023-05-01,2024-06-01,5.0,34.959999999999994,4.4,2023-01-01,2024-09-14,35.5,46.43333333333334,0.14084507042253522,Stable,Normal,Normal,Normal,Normal,Normal
C1334,Sai Menon Group,Manufacturing,India,Hyderabad,12.0,2025-01-02,Partner,1978.68,5.0,1,Enterprise,Monthly,Active,2025-01-02,,0.0,0.0,0.0,0.0,0.0,0.0,0.0,,,1.0,35.7,1.0,2023-06-07,2023-06-07,16.0,395.736,0.0625,Stable,Outlier,Normal,Normal,Normal,Outlier
C1335,Karthik Rao Systems,Logistics,India,Chennai,1200.0,2023-08-16,Organic Search,778.44,8.0,1,Business,Monthly,Active,2023-08-16,,371.0,21.823529411764707,225.0,13.235294117647058,32222.0,3873.7,17.0,2023-08-01,2024-12-01,4.0,40.825,4.75,2023-01-25,2024-10-16,32.6,97.305,0.12269938650306748,Stable,Normal,Normal,Outlier,Normal,Normal
C1336,Sai Reddy Industries,Education,Uae,Abu Dhabi,150.0,2023-06-03,Partner,658.68,5.0,1,Business,Monthly,Active,2023-06-03,,135.0,7.105263157894737,68.0,3.5789473684210527,24018.0,4746.2,19.0,2023-06-01,2024-12-01,1.0,8.1,2.0,2023-08-20,2023-08-20,35.0,131.736,0.02857142857142857,Stable,Normal,Normal,Normal,Normal,Normal
C1337,Rohan Patel Systems,Finance,Usa,Seattle,400.0,2024-01-16,Organic Search,230.84,3.0,1,Growth,Monthly,Churned,2024-01-16,2025-03-08,24.0,2.0,7.0,0.5833333333333334,8117.0,2377.6,12.0,2024-01-01,2024-12-01,0.0,0.0,0.0,,,27.5,76.94666666666667,0.0,Stable,Normal,Normal,Normal,Normal,Normal
C1338,Aadhya Singh Systems,Manufacturing,Usa,Austin,150.0,2023-04-20,Referral,342.28,10.0,1,Growth,Annual,Active,2023-04-20,,324.0,15.428571428571429,185.0,8.80952380952381,25562.0,4024.15,21.0,2023-04-01,2024-12-01,6.0,36.78333333333334,7.333333333333333,2023-05-27,2024-08-20,36.4,34.227999999999994,0.16483516483516483,Stable,Normal,Normal,Normal,Normal,Normal
C1339,Nikita Iyer Group,Education,Uae,Abu Dhabi,80.0,2023-02-23,Partner,278.6,6.0,1,Growth,Annual,Active,2023-02-23,,199.0,8.652173913043478,117.0,5.086956521739131,39221.0,5427.7,23.0,2023-02-01,2024-12-01,5.0,38.08,4.0,2023-06-22,2024-07-23,38.3,46.43333333333334,0.13054830287206268,Stable,Normal,Normal,Normal,Normal,Normal
C1340,Zoya Joshi Technologies,Healthcare,India,Mumbai,400.0,2024-03-06,Referral,88.2,11.0,1,Starter,Annual,Active,2024-03-06,,167.0,16.7,105.0,10.5,12606.0,2544.1,10.0,2024-03-01,2024-12-01,2.0,24.950000000000003,6.5,2023-06-10,2024-10-17,25.9,8.018181818181818,0.07722007722007722,Stable,Normal,Normal,Normal,Normal,Normal
C1341,Isha Singh Group,Healthcare,India,Delhi,150.0,2023-03-06,Paid Ads,2218.52,7.0,1,Enterprise,Monthly,Active,2023-03-06,,343.0,15.590909090909092,184.0,8.363636363636363,22093.0,5804.1,22.0,2023-03-01,2024-12-01,4.0,15.625,5.5,2023-03-23,2024-06-27,37.9,316.93142857142857,0.10554089709762533,Stable,Outlier,Normal,Normal,Normal,Outlier
C1342,Divya Joshi Systems,Healthcare,India,Pune,12.0,2023-05-29,Referral,76.44,8.0,1,Starter,Annual,Active,2023-05-29,,133.0,6.65,75.0,3.75,30750.0,5193.0,20.0,2023-05-01,2024-12-01,4.0,18.1,6.5,2023-02-13,2024-10-10,35.2,9.555,0.11363636363636363,Stable,Normal,Normal,Normal,Normal,Normal
C1343,Isha Iyer Technologies,Manufacturing,Usa,Boston,80.0,2024-12-12,Referral,72.52,7.0,1,Starter,Monthly,Active,2024-12-12,,6.0,6.0,2.0,2.0,646.0,216.6,1.0,2024-12-01,2024-12-01,0.0,0.0,0.0,,,16.7,10.36,0.0,Stable,Normal,Normal,Normal,Normal,Normal
C1344,Naveen Verma Technologies,Finance,India,Pune,400.0,2023-08-31,Paid Ads,262.68,5.0,1,Growth,Annual,Active,2023-08-31,,327.0,19.235294117647058,180.0,10.588235294117647,19815.0,4157.9,17.0,2023-08-01,2024-12-01,2.0,32.8,8.0,2023-05-25,2024-04-28,32.1,52.536,0.06230529595015576,Stable,Normal,Normal,Normal,Normal,Normal
C1345,Rahul Gupta Group,Retail,Uae,Abu Dhabi,150.0,2024-02-03,Paid Ads,2098.6,5.0,1,Enterprise,Monthly,Active,2024-02-03,,260.0,23.636363636363637,129.0,11.727272727272727,7106.0,2910.7,11.0,2024-02-01,2024-12-01,2.0,11.8,7.5,2023-02-11,2024-06-27,26.9,419.71999999999997,0.07434944237918216,Stable,Outlier,Normal,Normal,Normal,Outlier
C1346,Krishna Sharma Group,Retail,Uae,Abu Dhabi,1200.0,2024-10-09,Partner,326.36,9.0,1,Growth,Annual,Active,2024-10-09,,56.0,18.666666666666668,45.0,15.0,2600.0,650.0,3.0,2024-10-01,2024-12-01,6.0,39.699999999999996,6.0,2023-02-01,2024-09-29,18.8,36.26222222222222,0.3191489361702127,Stable,Normal,Normal,Normal,Normal,Normal
C1347,Deepak Khan Solutions,Manufacturing,India,Hyderabad,80.0,2023-11-03,Referral,72.52,7.0,1,Starter,Annual,Active,2023-11-03,,260.0,18.571428571428573,134.0,9.571428571428571,19501.0,3277.2,14.0,2023-11-01,2024-12-01,0.0,0.0,0.0,,,30.0,10.36,0.0,Stable,Normal,Normal,Normal,Normal,Normal
C1348,Aditya Menon Labs,Healthcare,Usa,Boston,12.0,2023-11-16,Referral,618.76,4.0,1,Business,Monthly,Active,2023-11-16,,91.0,6.5,48.0,3.4285714285714284,17783.0,3216.3,14.0,2023-11-01,2024-12-01,3.0,24.0,5.666666666666667,2023-10-07,2024-04-24,29.5,154.69,0.1016949152542373,Stable,Normal,Normal,Normal,Normal,Normal
C1349,Krishna Joshi Systems,Finance,India,Chennai,80.0,2024-02-20,Referral,2458.36,9.0,1,Enterprise,Annual,Active,2024-02-20,,77.0,7.0,45.0,4.090909090909091,13157.0,2811.2,11.0,2024-02-01,2024-12-01,3.0,40.833333333333336,5.333333333333333,2023-05-15,2024-03-12,26.4,273.1511111111111,0.11363636363636365,Stable,Outlier,Normal,Normal,Normal,Outlier
C1350,Deepak Gupta Labs,Education,India,Hyderabad,400.0,2023-07-28,Referral,1978.68,5.0,1,Enterprise,Annual,Active,2023-07-28,,340.0,18.88888888888889,198.0,11.0,13178.0,5130.8,18.0,2023-07-01,2024-12-01,4.0,31.8,5.5,2023-01-14,2024-12-21,33.2,395.736,0.12048192771084336,Stable,Outlier,Normal,Normal,Normal,Outlier
C1351,Priya Gupta Systems,Retail,India,Pune,150.0,2023-04-17,Partner,76.44,8.0,1,Starter,Monthly,Active,2023-04-17,,100.0,4.761904761904762,50.0,2.380952380952381,25714.0,4817.0,21.0,2023-04-01,2024-12-01,5.0,34.18,5.4,2023-10-01,2024-12-28,36.5,9.555,0.136986301369863,Stable,Normal,Normal,Normal,Normal,Normal
C1352,Aditya Patel Industries,Manufacturing,India,Hyderabad,1200.0,2024-03-14,Organic Search,2578.28,10.0,1,Enterprise,Monthly,Active,2024-03-14,,95.0,9.5,60.0,6.0,9294.0,2619.7,10.0,2024-03-01,2024-12-01,4.0,22.475,6.0,2023-08-05,2024-04-05,25.6,257.82800000000003,0.15625,Stable,Outlier,Normal,Normal,Normal,Normal
C1353,Farhan Gupta Labs,Retail,Uae,Abu Dhabi,400.0,2025-01-05,Referral,68.6,6.0,1,Starter,Annual,Active,2025-01-05,,0.0,0.0,0.0,0.0,0.0,0.0,0.0,,,2.0,39.5,6.5,2024-06-11,2024-10-12,15.9,11.433333333333332,0.12578616352201258,Stable,Normal,Normal,Normal,Normal,Normal
C1354,Vivaan Reddy Group,Retail,India,Delhi,35.0,2023-01-07,Referral,99.96,14.0,1,Starter,Monthly,Active,2023-01-07,,378.0,15.75,185.0,7.708333333333333,28945.0,5921.9,24.0,2023-01-01,2024-12-01,4.0,44.225,5.5,2023-02-27,2024-04-04,39.8,7.14,0.10050251256281408,Stable,Normal,Normal,Outlier,Normal,Normal
C1355,Nikita Reddy Technologies,Finance,Uk,Manchester,400.0,2024-10-08,Paid Ads,698.6,11.0,1,Business,Annual,Churned,2024-10-08,2026-04-05,26.0,8.666666666666666,12.0,4.0,549.0,642.7,3.0,2024-10-01,2024-12-01,4.0,38.75,5.0,2023-05-23,2024-12-22,18.8,63.50909090909091,0.2127659574468085,Stable,Normal,Normal,Normal,Normal,Normal
C1356,Divya Joshi Industries,Retail,India,Pune,35.0,2024-02-20,Paid Ads,618.76,4.0,1,Business,Annual,Active,2024-02-20,,91.0,8.272727272727273,51.0,4.636363636363637,15046.0,2665.6,11.0,2024-02-01,2024-12-01,2.0,24.95,5.0,2024-01-15,2024-05-12,26.4,154.69,0.07575757575757576,Stable,Normal,Normal,Normal,Normal,Normal
C1357,Saanvi Menon Labs,Media,India,Mumbai,400.0,2023-01-20,Referral,262.68,5.0,1,Growth,Monthly,Active,2023-01-20,,233.0,9.708333333333334,134.0,5.583333333333333,27064.0,5955.8,24.0,2023-01-01,2024-12-01,3.0,33.233333333333334,6.333333333333333,2024-01-20,2024-11-11,39.4,52.536,0.07614213197969544,Stable,Normal,Normal,Normal,Normal,Normal
C1358,Diya Das Systems,Logistics,India,Pune,3000.0,2023-07-20,Paid Ads,64.68,5.0,1,Starter,Monthly,Churned,2023-07-20,2024-10-07,179.0,11.1875,92.0,5.75,15750.0,2373.6,16.0,2023-07-01,2024-10-01,4.0,18.85,6.0,2023-03-08,2024-11-01,33.4,12.936000000000002,0.11976047904191617,Stable,Normal,Normal,Normal,Normal,Normal
C1359,Aman Rao Group,Finance,India,Chennai,400.0,2025-01-24,Outbound,658.68,5.0,1,Business,Annual,Active,2025-01-24,,0.0,0.0,0.0,0.0,0.0,0.0,0.0,,,3.0,26.133333333333336,6.666666666666667,2023-02-02,2024-05-28,15.2,131.736,0.19736842105263158,Stable,Normal,Normal,Normal,Normal,Normal
C1360,Deepak Gupta Group,Education,India,Pune,12.0,2024-08-04,Referral,60.76,4.0,1,Starter,Monthly,Active,2024-08-04,,31.0,6.2,15.0,3.0,4024.0,1431.0,5.0,2024-08-01,2024-12-01,2.0,51.7,4.5,2024-03-10,2024-05-08,20.9,15.19,0.09569377990430622,Stable,Normal,Normal,Normal,Normal,Normal
C1361,Meera Khan Systems,Retail,Usa,Boston,35.0,2024-10-27,Partner,658.68,5.0,1,Business,Annual,Active,2024-10-27,,57.0,19.0,21.0,7.0,2829.0,666.7,3.0,2024-10-01,2024-12-01,1.0,24.1,5.0,2024-12-21,2024-12-21,18.2,131.736,0.054945054945054944,Stable,Normal,Normal,Normal,Normal,Normal
C1362,Aditya Patel Solutions,Education,India,Mumbai,12.0,2023-03-31,Outbound,64.68,5.0,1,Starter,Monthly,Active,2023-03-31,,272.0,12.363636363636363,136.0,6.181818181818182,26479.0,5805.2,22.0,2023-03-01,2024-12-01,6.0,51.15,3.3333333333333335,2023-02-27,2024-11-24,37.1,12.936000000000002,0.16172506738544473,Stable,Normal,Normal,Normal,Normal,Normal
C1363,Pooja Gupta Group,Logistics,India,Pune,35.0,2024-08-10,Events,310.44,8.0,1,Growth,Annual,Active,2024-08-10,,34.0,6.8,16.0,3.2,5301.0,1284.0,5.0,2024-08-01,2024-12-01,6.0,40.38333333333333,5.666666666666667,2023-07-25,2024-09-11,20.7,38.805,0.2898550724637681,Stable,Normal,Normal,Normal,Normal,Normal
C1364,Aarav Bose Labs,Manufacturing,India,Delhi,150.0,2023-12-01,Paid Ads,1978.68,5.0,1,Enterprise,Monthly,Active,2023-12-01,,159.0,12.23076923076923,78.0,6.0,8615.0,2996.15,13.0,2023-12-01,2024-12-01,4.0,32.0,4.5,2023-05-12,2024-10-04,29.0,395.736,0.13793103448275862,Stable,Outlier,Normal,Normal,Normal,Outlier
C1365,Diya Joshi Industries,Finance,India,Hyderabad,35.0,2024-06-26,Events,778.44,8.0,1,Business,Monthly,Active,2024-06-26,,141.0,20.142857142857142,81.0,11.571428571428571,9231.0,2000.6,7.0,2024-06-01,2024-12-01,1.0,38.7,1.0,2023-03-05,2023-03-05,22.2,97.305,0.04504504504504505,Stable,Normal,Normal,Normal,Normal,Normal
C1366,Kavya Verma Labs,Education,India,Chennai,35.0,2024-06-05,Partner,278.6,6.0,1,Growth,Monthly,Active,2024-06-05,,107.0,15.285714285714286,59.0,8.428571428571429,7097.0,2152.4,7.0,2024-06-01,2024-12-01,6.0,37.416666666666664,5.666666666666667,2023-08-21,2024-11-10,22.9,46.43333333333334,0.26200873362445415,Stable,Normal,Normal,Normal,Normal,Normal
C1367,Kiara Gupta Industries,Logistics,India,Delhi,400.0,2024-11-01,Paid Ads,76.44,8.0,1,Starter,Monthly,Churned,2024-11-01,2026-01-26,30.0,15.0,19.0,9.5,1044.0,394.4,2.0,2024-11-01,2024-12-01,4.0,40.775,5.25,2023-04-22,2024-11-30,18.0,9.555,0.2222222222222222,Stable,Normal,Normal,Normal,Normal,Normal
C1368,Priya Singh Solutions,Healthcare,India,Chennai,12.0,2024-09-09,Organic Search,52.92,2.0,1,Starter,Annual,Active,2024-09-09,,59.0,14.75,31.0,7.75,3218.0,802.4,4.0,2024-09-01,2024-12-01,3.0,20.46666666666667,7.333333333333333,2023-09-16,2024-12-10,19.7,26.46,0.15228426395939088,Stable,Normal,Normal,Normal,Normal,Normal
C1369,Meera Reddy Industries,Retail,Usa,Seattle,80.0,2024-11-29,Referral,2098.6,6.0,1,Enterprise,Monthly,Active,2024-11-29,,39.0,19.5,27.0,13.5,1702.0,386.6,2.0,2024-11-01,2024-12-01,5.0,46.2,5.2,2023-04-07,2024-10-01,17.1,349.76666666666665,0.29239766081871343,Stable,Outlier,Normal,Normal,Normal,Outlier
C1370,Arun Joshi Group,Logistics,India,Pune,12.0,2023-11-03,Paid Ads,658.68,5.0,1,Business,Annual,Active,2023-11-03,,117.0,8.357142857142858,56.0,4.0,20215.0,3355.0,14.0,2023-11-01,2024-12-01,2.0,34.75,5.5,2024-03-12,2024-12-03,30.0,131.736,0.06666666666666667,Stable,Normal,Normal,Normal,Normal,Normal
C1371,Nikita Singh Technologies,Finance,India,Pune,400.0,2023-10-08,Organic Search,262.68,5.0,1,Growth,Annual,Active,2023-10-08,,213.0,14.2,114.0,7.6,11450.0,3404.2,15.0,2023-10-01,2024-12-01,4.0,32.65,6.5,2023-04-12,2024-10-18,30.8,52.536,0.12987012987012986,Stable,Normal,Normal,Normal,Normal,Normal
C1372,Isha Joshi Group,Retail,India,Hyderabad,150.0,2024-07-15,Outbound,294.52,7.0,1,Growth,Monthly,Active,2024-07-15,,135.0,22.5,68.0,11.333333333333334,10411.0,1409.4,6.0,2024-07-01,2024-12-01,3.0,54.26666666666667,5.666666666666667,2023-05-20,2024-01-31,21.6,42.074285714285715,0.13888888888888887,Stable,Normal,Normal,Normal,Normal,Normal
C1373,Naveen Patel Group,Logistics,India,Pune,400.0,2023-09-20,Referral,60.76,4.0,1,Starter,Annual,Active,2023-09-20,,259.0,16.1875,145.0,9.0625,17279.0,3595.6,16.0,2023-09-01,2024-12-01,1.0,60.5,5.0,2024-06-19,2024-06-19,31.4,15.19,0.03184713375796178,Stable,Normal,Normal,Normal,Normal,Normal
C1374,Ananya Joshi Industries,Finance,Usa,Seattle,80.0,2023-12-11,Events,778.44,8.0,1,Business,Monthly,Active,2023-12-11,,182.0,14.0,89.0,6.846153846153846,16074.0,2841.3,13.0,2023-12-01,2024-12-01,3.0,44.56666666666666,6.333333333333333,2023-02-24,2024-08-04,28.7,97.305,0.10452961672473868,Stable,Normal,Normal,Normal,Normal,Normal
C1375,Tara Bose Group,Healthcare,Singapore,Singapore,3000.0,2023-03-30,Paid Ads,68.6,6.0,1,Starter,Monthly,Active,2023-03-30,,65.0,2.9545454545454546,32.0,1.4545454545454546,14998.0,4614.0,22.0,2023-03-01,2024-12-01,4.0,36.575,4.75,2023-04-27,2024-05-30,37.1,11.433333333333332,0.10781671159029649,Stable,Normal,Normal,Normal,Normal,Normal
C1376,Vivaan Khan Systems,Media,India,Delhi,400.0,2023-06-29,Partner,310.44,8.0,1,Growth,Annual,Active,2023-06-29,,390.0,20.526315789473685,244.0,12.842105263157896,18075.0,4472.3,19.0,2023-06-01,2024-12-01,1.0,23.1,7.0,2024-07-20,2024-07-20,34.1,38.805,0.029325513196480937,Stable,Normal,Normal,Outlier,Normal,Normal
C1377,Zoya Bose Technologies,Logistics,Singapore,Singapore,35.0,2024-07-09,Organic Search,698.6,6.0,1,Business,Annual,Churned,2024-07-09,2025-06-15,61.0,10.166666666666666,28.0,4.666666666666667,5568.0,918.5,6.0,2024-07-01,2024-12-01,5.0,39.239999999999995,6.2,2023-11-07,2024-12-27,21.8,116.43333333333334,0.2293577981651376,Stable,Normal,Normal,Normal,Normal,Normal
C1378,Sneha Reddy Solutions,Logistics,India,Bengaluru,80.0,2023-11-27,Outbound,383.20000000000005,12.0,2,Growth,Monthly,Churned,2023-11-27,2025-04-02,23.0,1.6428571428571428,7.0,0.5,12094.0,2126.9,14.0,2023-11-01,2024-12-01,4.0,53.199999999999996,3.0,2023-02-09,2024-12-19,29.2,31.933333333333337,0.136986301369863,Stable,Normal,Normal,Normal,Normal,Normal
C1379,Pooja Rao Labs,Media,Uk,Manchester,1200.0,2024-02-09,Referral,60.76,4.0,1,Starter,Annual,Active,2024-02-09,,153.0,13.909090909090908,91.0,8.272727272727273,17385.0,2762.1,11.0,2024-02-01,2024-12-01,6.0,25.849999999999998,6.833333333333333,2023-02-22,2024-12-17,26.7,15.19,0.2247191011235955,Stable,Normal,Normal,Normal,Normal,Normal
C1380,Ishaan Reddy Labs,Media,Singapore,Singapore,80.0,2024-06-11,Partner,1618.92,2.0,1,Enterprise,Monthly,Churned,2024-06-11,2025-12-15,98.0,14.0,56.0,8.0,4795.0,1041.8,7.0,2024-06-01,2024-12-01,4.0,32.65,6.25,2023-12-03,2024-09-10,22.7,809.46,0.1762114537444934,Stable,Normal,Normal,Normal,Normal,Outlier
C1381,Diya Nair Systems,Media,Usa,Seattle,150.0,2023-05-27,Paid Ads,2218.52,7.0,1,Enterprise,Monthly,Churned,2023-05-27,2025-01-08,122.0,6.1,75.0,3.75,19174.0,3539.7,20.0,2023-05-01,2024-12-01,3.0,28.633333333333336,6.666666666666667,2023-05-05,2024-04-18,35.2,316.93142857142857,0.08522727272727272,Stable,Outlier,Normal,Normal,Normal,Outlier
C1382,Sai Singh Systems,Logistics,India,Pune,400.0,2024-09-25,Outbound,68.6,6.0,1,Starter,Monthly,Active,2024-09-25,,57.0,14.25,41.0,10.25,2293.0,824.7,4.0,2024-09-01,2024-12-01,1.0,11.9,8.0,2023-06-24,2023-06-24,19.2,11.433333333333332,0.052083333333333336,Stable,Normal,Normal,Normal,Normal,Normal
C1383,Myra Patel Solutions,Logistics,Usa,Boston,12.0,2024-08-04,Partner,92.12,12.0,1,Starter,Monthly,Active,2024-08-04,,15.0,3.0,7.0,1.4,4430.0,1196.4,5.0,2024-08-01,2024-12-01,6.0,47.416666666666664,5.833333333333333,2023-08-03,2024-09-04,20.9,7.676666666666667,0.28708133971291866,Stable,Normal,Normal,Normal,Normal,Normal
C1384,Arjun Joshi Technologies,Finance,India,Pune,1200.0,2024-08-26,Organic Search,2098.6,6.0,1,Enterprise,Monthly,Active,2024-08-26,,61.0,12.2,37.0,7.4,10271.0,1455.2,5.0,2024-08-01,2024-12-01,3.0,13.9,7.0,2024-01-02,2024-11-01,20.2,349.76666666666665,0.1485148514851485,Stable,Outlier,Normal,Normal,Normal,Outlier
C1385,Vihaan Das Group,Logistics,India,Hyderabad,12.0,2024-11-14,Paid Ads,2218.52,7.0,1,Enterprise,Annual,Churned,2024-11-14,2025-01-30,3.0,1.5,1.0,0.5,3759.0,155.89999999999998,2.0,2024-11-01,2024-12-01,5.0,52.879999999999995,5.2,2023-07-25,2024-07-24,17.6,316.93142857142857,0.28409090909090906,Stable,Outlier,Normal,Normal,Normal,Outlier
C1386,Naveen Singh Technologies,Media,Usa,Seattle,12.0,2023-01-21,Referral,72.52,7.0,1,Starter,Monthly,Active,2023-01-21,,383.0,15.958333333333334,202.0,8.416666666666666,37376.0,6491.4,24.0,2023-01-01,2024-12-01,6.0,39.43333333333333,5.333333333333333,2023-05-09,2024-09-17,39.4,10.36,0.15228426395939088,Stable,Normal,Normal,Outlier,Normal,Normal
C1387,Arun Nair Solutions,Finance,India,Chennai,35.0,2024-03-20,Outbound,310.44,8.0,1,Growth,Annual,Active,2024-03-20,,198.0,19.8,120.0,12.0,8754.0,2213.6,10.0,2024-03-01,2024-12-01,4.0,45.575,6.75,2023-02-20,2024-05-30,25.4,38.805,0.15748031496062992,Stable,Normal,Normal,Normal,Normal,Normal
C1388,Sai Bose Group,Retail,India,Mumbai,400.0,2023-06-08,Paid Ads,310.44,8.0,1,Growth,Monthly,Active,2023-06-08,,205.0,10.789473684210526,105.0,5.526315789473684,19246.0,4486.2,19.0,2023-06-01,2024-12-01,1.0,42.7,3.0,2023-01-22,2023-01-22,34.8,38.805,0.02873563218390805,Stable,Normal,Normal,Normal,Normal,Normal
C1389,Meera Sharma Industries,Education,Uae,Dubai,400.0,2024-01-01,Outbound,738.52,7.0,1,Business,Monthly,Active,2024-01-01,,137.0,11.416666666666666,66.0,5.5,14494.0,2479.7,12.0,2024-01-01,2024-12-01,2.0,32.65,3.5,2023-01-26,2024-10-05,28.0,105.50285714285714,0.07142857142857142,Stable,Normal,Normal,Normal,Normal,Normal
C1390,Rahul Reddy Labs,Retail,Uk,London,150.0,2024-03-01,Outbound,278.6,6.0,1,Growth,Monthly,Churned,2024-03-01,2025-11-07,18.0,1.8,5.0,0.5,2927.0,1417.5,10.0,2024-03-01,2024-12-01,5.0,22.119999999999997,6.6,2023-01-12,2024-08-30,26.1,46.43333333333334,0.19157088122605362,Stable,Normal,Normal,Normal,Normal,Normal
C1391,Nikita Verma Industries,Logistics,India,Chennai,12.0,2023-11-11,Paid Ads,68.6,6.0,1,Starter,Monthly,Active,2023-11-11,,30.0,2.142857142857143,13.0,0.9285714285714286,17849.0,3522.9,14.0,2023-11-01,2024-12-01,5.0,36.78,5.2,2023-05-11,2024-09-26,29.7,11.433333333333332,0.16835016835016836,Stable,Normal,Normal,Normal,Normal,Normal
C1392,Ananya Rao Industries,Media,Uae,Dubai,400.0,2023-04-08,Outbound,64.68,5.0,1,Starter,Monthly,Active,2023-04-08,,390.0,18.571428571428573,239.0,11.380952380952381,20619.0,4813.3,21.0,2023-04-01,2024-12-01,2.0,39.9,4.5,2023-07-19,2023-12-26,36.8,12.936000000000002,0.05434782608695653,Decreasing,Normal,Normal,Outlier,Normal,Normal
C1393,Sneha Bose Technologies,Manufacturing,Uae,Dubai,35.0,2023-10-06,Outbound,278.6,6.0,1,Growth,Annual,Active,2023-10-06,,335.0,22.333333333333332,183.0,12.2,12121.0,3897.7,15.0,2023-10-01,2024-12-01,3.0,36.0,6.333333333333333,2023-02-06,2023-09-12,30.9,46.43333333333334,0.0970873786407767,Stable,Normal,Normal,Normal,Normal,Normal
C1394,Sai Menon Group,Retail,Singapore,Singapore,12.0,2023-05-07,Partner,278.6,6.0,1,Growth,Monthly,Active,2023-05-07,,269.0,13.45,143.0,7.15,21963.0,4565.3,20.0,2023-05-01,2024-12-01,3.0,40.699999999999996,4.0,2023-03-15,2024-05-17,35.9,46.43333333333334,0.08356545961002786,Stable,Normal,Normal,Normal,Normal,Normal
C1395,Deepak Patel Labs,Education,Singapore,Singapore,12.0,2024-11-05,Paid Ads,3177.88,15.0,1,Enterprise,Monthly,Active,2024-11-05,,24.0,12.0,15.0,7.5,1661.0,515.4,2.0,2024-11-01,2024-12-01,5.0,32.739999999999995,5.6,2023-09-01,2024-11-07,17.9,211.85866666666666,0.2793296089385475,Stable,Outlier,Normal,Normal,Normal,Normal
C1396,Sai Joshi Systems,Finance,India,Bengaluru,80.0,2023-12-18,Events,326.36,9.0,1,Growth,Monthly,Churned,2023-12-18,2024-06-08,67.0,9.571428571428571,31.0,4.428571428571429,4077.0,1243.5,7.0,2023-12-01,2024-06-01,3.0,28.900000000000002,6.333333333333333,2023-04-06,2024-06-08,28.5,36.26222222222222,0.10526315789473684,Stable,Normal,Normal,Normal,Normal,Normal
C1397,Divya Reddy Group,Logistics,Uae,Dubai,80.0,2024-12-20,Paid Ads,938.12,12.0,1,Business,Annual,Active,2024-12-20,,13.0,13.0,8.0,8.0,16.0,317.7,1.0,2024-12-01,2024-12-01,3.0,23.433333333333337,6.333333333333333,2023-01-07,2024-10-08,16.4,78.17666666666666,0.1829268292682927,Stable,Normal,Normal,Normal,Normal,Normal
C1398,Zoya Rao Group,Healthcare,Usa,Boston,3000.0,2024-01-21,Events,326.36,9.0,1,Growth,Annual,Churned,2024-01-21,2025-01-18,41.0,3.4166666666666665,15.0,1.25,9588.0,1926.9,12.0,2024-01-01,2024-12-01,4.0,48.150000000000006,4.75,2023-03-30,2024-10-01,27.4,36.26222222222222,0.14598540145985403,Stable,Normal,Normal,Normal,Normal,Normal
C1399,Aman Patel Technologies,Healthcare,Usa,Boston,80.0,2024-03-29,Paid Ads,658.68,5.0,1,Business,Annual,Churned,2024-03-29,2025-01-22,82.0,8.2,54.0,5.4,6783.0,1484.0,10.0,2024-03-01,2024-12-01,1.0,57.6,4.0,2023-04-12,2023-04-12,25.1,131.736,0.0398406374501992,Stable,Normal,Normal,Normal,Normal,Normal
C1400,Arjun Bose Solutions,Education,India,Delhi,80.0,2024-10-18,Events,294.52,7.0,1,Growth,Annual,Active,2024-10-18,,32.0,10.666666666666666,21.0,7.0,5950.0,891.9,3.0,2024-10-01,2024-12-01,2.0,53.55,8.0,2023-04-10,2024-07-06,18.5,42.074285714285715,0.10810810810810811,Stable,Normal,Normal,Normal,Normal,Normal
C1401,Naveen Gupta Solutions,Finance,India,Bengaluru,80.0,2024-03-15,Events,342.28,10.0,1,Growth,Annual,Churned,2024-03-15,2024-12-15,27.0,2.7,10.0,1.0,3975.0,2021.3,10.0,2024-03-01,2024-12-01,4.0,33.975,5.25,2023-04-02,2024-11-03,25.6,34.227999999999994,0.15625,Stable,Normal,Normal,Normal,Normal,Normal
C1402,Rohan Reddy Industries,Manufacturing,India,Chennai,35.0,2024-12-03,Partner,262.68,5.0,1,Growth,Annual,Churned,2024-12-03,2026-04-02,13.0,13.0,10.0,10.0,849.0,74.1,1.0,2024-12-01,2024-12-01,3.0,55.5,6.666666666666667,2023-04-19,2024-04-28,17.0,52.536,0.17647058823529413,Stable,Normal,Normal,Normal,Normal,Normal
C1403,Sai Khan Labs,Media,India,Chennai,35.0,2024-08-15,Organic Search,278.6,6.0,1,Growth,Monthly,Active,2024-08-15,,81.0,16.2,58.0,11.6,4055.0,1043.2,5.0,2024-08-01,2024-12-01,4.0,34.425,6.75,2023-07-15,2024-06-01,20.6,46.43333333333334,0.1941747572815534,Stable,Normal,Normal,Normal,Normal,Normal
C1404,Rahul Nair Labs,Logistics,India,Mumbai,35.0,2024-03-08,Partner,778.44,8.0,1,Business,Annual,Active,2024-03-08,,97.0,9.7,62.0,6.2,21353.0,2800.1,10.0,2024-03-01,2024-12-01,4.0,24.049999999999997,6.25,2023-04-05,2024-04-05,25.8,97.305,0.15503875968992248,Stable,Normal,Normal,Normal,Normal,Normal
C1405,Deepak Gupta Labs,Retail,India,Chennai,35.0,2024-04-08,Outbound,246.76,4.0,1,Growth,Annual,Churned,2024-04-08,2025-04-22,40.0,4.444444444444445,26.0,2.888888888888889,5040.0,1807.8,9.0,2024-04-01,2024-12-01,1.0,29.5,6.0,2024-06-27,2024-06-27,24.8,61.69,0.04032258064516129,Stable,Normal,Normal,Normal,Normal,Normal
C1406,Vihaan Joshi Group,Education,Uk,London,35.0,2024-04-19,Organic Search,278.6,6.0,1,Growth,Annual,Active,2024-04-19,,56.0,6.222222222222222,28.0,3.111111111111111,6046.0,2000.8,9.0,2024-04-01,2024-12-01,5.0,28.459999999999997,6.0,2023-02-19,2024-11-05,24.4,46.43333333333334,0.20491803278688525,Stable,Normal,Normal,Normal,Normal,Normal
C1407,Meera Gupta Labs,Logistics,India,Hyderabad,80.0,2024-10-23,Partner,738.52,7.0,1,Business,Monthly,Active,2024-10-23,,58.0,19.333333333333332,37.0,12.333333333333334,5500.0,712.9,3.0,2024-10-01,2024-12-01,2.0,17.65,6.5,2023-12-13,2024-05-02,18.3,105.50285714285714,0.1092896174863388,Stable,Normal,Normal,Normal,Normal,Normal
C1408,Aarav Reddy Labs,Finance,India,Delhi,12.0,2023-10-21,Events,68.6,6.0,1,Starter,Monthly,Active,2023-10-21,,115.0,7.666666666666667,63.0,4.2,18026.0,3963.7,15.0,2023-10-01,2024-12-01,3.0,32.83333333333333,5.333333333333333,2023-04-23,2024-07-23,30.4,11.433333333333332,0.09868421052631579,Stable,Normal,Normal,Normal,Normal,Normal
C1409,Saanvi Iyer Industries,Unknown,Usa,Boston,80.0,2023-05-22,Organic Search,68.6,6.0,1,Starter,Annual,Churned,2023-05-22,2024-02-04,77.0,7.7,46.0,4.6,6868.0,1414.0,10.0,2023-05-01,2024-02-01,2.0,6.1,8.5,2024-02-02,2024-10-19,35.4,11.433333333333332,0.05649717514124294,Stable,Normal,Normal,Normal,Normal,Normal
C1410,Isha Khan Technologies,Media,India,Hyderabad,12.0,2024-03-18,Organic Search,326.36,9.0,1,Growth,Monthly,Churned,2024-03-18,2024-07-11,62.0,12.4,37.0,7.4,1973.0,835.7,5.0,2024-03-01,2024-07-01,2.0,35.2,5.0,2023-05-19,2024-11-30,25.5,36.26222222222222,0.0784313725490196,Stable,Normal,Normal,Normal,Normal,Normal
C1411,Saanvi Verma Technologies,Education,India,Chennai,150.0,2025-01-07,Organic Search,262.68,5.0,1,Growth,Annual,Active,2025-01-07,,0.0,0.0,0.0,0.0,0.0,0.0,0.0,,,5.0,60.2,6.0,2023-01-02,2023-12-20,15.8,52.536,0.3164556962025316,Stable,Normal,Normal,Normal,Normal,Normal
C1412,Farhan Verma Solutions,Manufacturing,India,Delhi,1200.0,2024-05-15,Referral,2534.8,17.0,2,Enterprise,Annual,Churned,2024-05-15,2027-10-17,38.0,4.75,19.0,2.375,6903.0,1070.4,8.0,2024-05-01,2024-12-01,1.0,70.0,6.0,2024-11-08,2024-11-08,23.6,149.1058823529412,0.0423728813559322,Stable,Outlier,Outlier,Normal,Normal,Normal
C1413,Kiara Joshi Solutions,Finance,India,Bengaluru,80.0,2023-09-11,Organic Search,246.76,4.0,1,Growth,Monthly,Active,2023-09-11,,113.0,7.0625,57.0,3.5625,20979.0,3694.6,16.0,2023-09-01,2024-12-01,3.0,32.06666666666667,7.666666666666667,2023-11-21,2024-09-30,31.7,61.69,0.09463722397476342,Stable,Normal,Normal,Normal,Normal,Normal
C1414,Zoya Joshi Solutions,Education,Uk,Manchester,150.0,2023-12-30,Referral,326.36,9.0,1,Growth,Monthly,Churned,2023-12-30,2024-05-01,78.0,13.0,43.0,7.166666666666667,4052.0,1057.6,6.0,2023-12-01,2024-05-01,4.0,21.1,4.5,2023-10-13,2024-09-06,28.1,36.26222222222222,0.14234875444839856,Stable,Normal,Normal,Normal,Normal,Normal
C1415,Sneha Rao Group,Retail,Singapore,Singapore,12.0,2024-02-12,Events,778.44,8.0,1,Business,Annual,Active,2024-02-12,,92.0,8.363636363636363,51.0,4.636363636363637,16485.0,2493.7,11.0,2024-02-01,2024-12-01,3.0,33.28333333333333,4.333333333333333,2023-02-10,2024-12-09,26.6,97.305,0.11278195488721804,Stable,Normal,Normal,Normal,Normal,Normal
C1416,Sneha Sharma Systems,Healthcare,Usa,Austin,400.0,2023-01-04,Partner,658.68,5.0,1,Business,Annual,Active,2023-01-04,,410.0,17.083333333333332,207.0,8.625,34294.0,6123.9,24.0,2023-01-01,2024-12-01,4.0,31.7,3.75,2023-05-03,2024-07-06,39.9,131.736,0.10025062656641605,Stable,Normal,Normal,Outlier,Normal,Normal
C1417,Naveen Patel Technologies,Healthcare,India,Chennai,80.0,2023-04-07,Events,326.36,9.0,1,Growth,Monthly,Churned,2023-04-07,2023-05-31,15.0,7.5,5.0,2.5,4770.0,308.5,2.0,2023-04-01,2023-05-01,4.0,43.974999999999994,5.0,2024-01-06,2024-09-27,36.9,36.26222222222222,0.10840108401084012,Stable,Normal,Normal,Normal,Normal,Normal
C1418,Naveen Patel Technologies,Manufacturing,India,Delhi,80.0,2023-12-17,Partner,326.36,9.0,1,Growth,Annual,Active,2023-12-17,,96.0,7.384615384615385,55.0,4.230769230769231,16747.0,3242.15,13.0,2023-12-01,2024-12-01,1.0,55.7,2.0,2024-10-12,2024-10-12,28.5,36.26222222222222,0.03508771929824561,Stable,Normal,Normal,Normal,Normal,Normal
C1419,Diya Nair Industries,Manufacturing,Uk,London,150.0,2024-11-29,Organic Search,294.52,7.0,1,Growth,Monthly,Active,2024-11-29,,33.0,16.5,22.0,11.0,2478.0,372.9,2.0,2024-11-01,2024-12-01,1.0,49.8,8.0,2023-01-29,2023-01-29,17.1,42.074285714285715,0.05847953216374269,Stable,Normal,Normal,Normal,Normal,Normal
C1420,Arun Gupta Technologies,Healthcare,Usa,Seattle,3000.0,2023-03-07,Organic Search,278.6,6.0,1,Growth,Monthly,Active,2023-03-07,,120.0,5.454545454545454,59.0,2.6818181818181817,24182.0,4839.6,22.0,2023-03-01,2024-12-01,3.0,22.433333333333334,6.333333333333333,2023-05-13,2024-07-06,37.9,46.43333333333334,0.079155672823219,Increasing,Normal,Normal,Normal,Normal,Normal
